ISO-10303-21;
HEADER;
FILE_DESCRIPTION (( 'STEP AP214' ),
    '1' );
FILE_NAME ('断料前.STEP',
    '2025-04-10T06:12:46',
    ( '微软用户' ),
    ( '微软中国' ),
    'SwSTEP 2.0',
    'SolidWorks 2018',
    '' );
FILE_SCHEMA (( 'AUTOMOTIVE_DESIGN' ));
ENDSEC;

DATA;
#1 = LINE ( 'NONE', #814, #836 ) ;
#2 = CARTESIAN_POINT ( 'NONE',  ( -5.799999999999999822, 35.00000000000000000, 6.500000000000002665 ) ) ;
#3 = LINE ( 'NONE', #502, #1457 ) ;
#4 = DIRECTION ( 'NONE',  ( -1.000000000000000000, -0.000000000000000000, -0.000000000000000000 ) ) ;
#5 = AXIS2_PLACEMENT_3D ( 'NONE', #805, #549, #146 ) ;
#6 = VECTOR ( 'NONE', #1633, 1000.000000000000000 ) ;
#7 = VECTOR ( 'NONE', #1144, 1000.000000000000000 ) ;
#8 = ORIENTED_EDGE ( 'NONE', *, *, #346, .T. ) ;
#9 = DIRECTION ( 'NONE',  ( 0.000000000000000000, 0.000000000000000000, 1.000000000000000000 ) ) ;
#10 = CARTESIAN_POINT ( 'NONE',  ( 7.700000000000001066, 12.25400642056229472, 9.032291452420126987 ) ) ;
#11 = ORIENTED_EDGE ( 'NONE', *, *, #376, .F. ) ;
#12 = DIRECTION ( 'NONE',  ( 0.000000000000000000, -0.000000000000000000, -1.000000000000000000 ) ) ;
#13 = VERTEX_POINT ( 'NONE', #692 ) ;
#14 = DIRECTION ( 'NONE',  ( 0.000000000000000000, 0.000000000000000000, 1.000000000000000000 ) ) ;
#15 = ORIENTED_EDGE ( 'NONE', *, *, #1250, .T. ) ;
#16 = EDGE_CURVE ( 'NONE', #1550, #734, #1221, .T. ) ;
#17 = VERTEX_POINT ( 'NONE', #1106 ) ;
#18 = CARTESIAN_POINT ( 'NONE',  ( 7.700000000000001066, -0.8000000000000020428, 4.700000000000004619 ) ) ;
#19 = EDGE_CURVE ( 'NONE', #583, #181, #1632, .T. ) ;
#20 = ORIENTED_EDGE ( 'NONE', *, *, #1660, .T. ) ;
#21 = CARTESIAN_POINT ( 'NONE',  ( 7.700000000000001066, 7.399999999997164402, -4.700000000000002842 ) ) ;
#22 = PRESENTATION_LAYER_ASSIGNMENT (  '', '', ( #489 ) ) ;
#23 = DIRECTION ( 'NONE',  ( 0.000000000000000000, 0.000000000000000000, 1.000000000000000000 ) ) ;
#24 = CARTESIAN_POINT ( 'NONE',  ( 59.79999999999999716, 1.787499999998308109, 3.200000000000093436 ) ) ;
#25 = VECTOR ( 'NONE', #398, 1000.000000000000000 ) ;
#26 = CARTESIAN_POINT ( 'NONE',  ( 0.6557438524298625504, 21.10000000000000142, 1.500000000000106803 ) ) ;
#27 = FACE_OUTER_BOUND ( 'NONE', #381, .T. ) ;
#28 = EDGE_CURVE ( 'NONE', #380, #1467, #1218, .T. ) ;
#29 = VECTOR ( 'NONE', #169, 1000.000000000000000 ) ;
#30 = CARTESIAN_POINT ( 'NONE',  ( 5.799999999999999822, 27.10000000000000142, -4.599999999999999645 ) ) ;
#31 = LINE ( 'NONE', #1396, #177 ) ;
#32 = FACE_OUTER_BOUND ( 'NONE', #869, .T. ) ;
#33 = STYLED_ITEM ( 'NONE', ( #1650 ), #582 ) ;
#34 = ORIENTED_EDGE ( 'NONE', *, *, #1375, .F. ) ;
#35 = DIRECTION ( 'NONE',  ( 0.000000000000000000, -0.7071067811865474617, -0.7071067811865474617 ) ) ;
#36 = VERTEX_POINT ( 'NONE', #818 ) ;
#37 = CARTESIAN_POINT ( 'NONE',  ( 4.754316770519942281, 13.10000000000004405, -4.600000000000002309 ) ) ;
#38 = ORIENTED_EDGE ( 'NONE', *, *, #865, .T. ) ;
#39 = VERTEX_POINT ( 'NONE', #432 ) ;
#40 = DIRECTION ( 'NONE',  ( 0.000000000000000000, -0.000000000000000000, -1.000000000000000000 ) ) ;
#41 = EDGE_CURVE ( 'NONE', #1155, #1299, #357, .T. ) ;
#42 = EDGE_LOOP ( 'NONE', ( #782, #1387, #1640, #686 ) ) ;
#43 = CARTESIAN_POINT ( 'NONE',  ( 4.500000000000000888, 27.10000000000000142, 3.400000000000000799 ) ) ;
#44 = EDGE_CURVE ( 'NONE', #1589, #1323, #1381, .T. ) ;
#45 = DIRECTION ( 'NONE',  ( -1.000000000000000000, -0.000000000000000000, 0.000000000000000000 ) ) ;
#46 = VECTOR ( 'NONE', #1195, 1000.000000000000000 ) ;
#47 = CARTESIAN_POINT ( 'NONE',  ( 4.500000000000000888, 26.80963797939843829, -2.099999999999894396 ) ) ;
#48 = CIRCLE ( 'NONE', #287, 2.850000000000000089 ) ;
#49 = CARTESIAN_POINT ( 'NONE',  ( 2.450000000000009504, 19.80000000000000426, -4.600000000000002309 ) ) ;
#50 = VECTOR ( 'NONE', #1407, 1000.000000000000000 ) ;
#51 = VECTOR ( 'NONE', #4, 1000.000000000000000 ) ;
#52 = AXIS2_PLACEMENT_3D ( 'NONE', #219, #1129, #81 ) ;
#53 = VECTOR ( 'NONE', #1235, 1000.000000000000000 ) ;
#54 = FILL_AREA_STYLE ('',( #320 ) ) ;
#55 = VERTEX_POINT ( 'NONE', #961 ) ;
#56 = DIRECTION ( 'NONE',  ( 1.000000000000000000, -0.000000000000000000, 0.000000000000000000 ) ) ;
#57 = AXIS2_PLACEMENT_3D ( 'NONE', #386, #903, #768 ) ;
#58 = EDGE_LOOP ( 'NONE', ( #1174, #1083, #1367, #1157, #1019 ) ) ;
#59 = ORIENTED_EDGE ( 'NONE', *, *, #1463, .F. ) ;
#60 = PRODUCT_CONTEXT ( 'NONE', #1373, 'mechanical' ) ;
#61 = VERTEX_POINT ( 'NONE', #1366 ) ;
#62 = DIRECTION ( 'NONE',  ( -0.000000000000000000, -1.000000000000000000, -0.000000000000000000 ) ) ;
#64 = ORIENTED_EDGE ( 'NONE', *, *, #1134, .F. ) ;
#63 = DIRECTION ( 'NONE',  ( 1.000000000000000000, -3.083952846180892659E-15, 0.000000000000000000 ) ) ;
#65 = AXIS2_PLACEMENT_3D ( 'NONE', #852, #460, #984 ) ;
#66 = DIRECTION ( 'NONE',  ( 0.000000000000000000, 0.000000000000000000, 1.000000000000000000 ) ) ;
#67 = CARTESIAN_POINT ( 'NONE',  ( 5.700000000000001066, 27.10000000000000142, -6.500000000000003553 ) ) ;
#68 = CARTESIAN_POINT ( 'NONE',  ( 6.200000000000001954, 13.50000000000000888, -6.500000000000002665 ) ) ;
#69 = FACE_OUTER_BOUND ( 'NONE', #584, .T. ) ;
#70 = VECTOR ( 'NONE', #896, 1000.000000000000000 ) ;
#71 = LINE ( 'NONE', #1490, #1651 ) ;
#72 = CARTESIAN_POINT ( 'NONE',  ( 5.799999999999999822, -0.8000000000000013767, -6.500000000000002665 ) ) ;
#73 = ORIENTED_EDGE ( 'NONE', *, *, #1393, .F. ) ;
#74 = CARTESIAN_POINT ( 'NONE',  ( 5.799999999999999822, 27.10000000000000142, 6.500000000000002665 ) ) ;
#75 = CIRCLE ( 'NONE', #704, 1.149999999999999911 ) ;
#76 = VERTEX_POINT ( 'NONE', #329 ) ;
#77 = EDGE_CURVE ( 'NONE', #873, #1684, #779, .T. ) ;
#78 = ORIENTED_EDGE ( 'NONE', *, *, #1689, .T. ) ;
#79 = ORIENTED_EDGE ( 'NONE', *, *, #1700, .F. ) ;
#80 = DIRECTION ( 'NONE',  ( -0.000000000000000000, 1.000000000000000000, -0.000000000000000000 ) ) ;
#81 = DIRECTION ( 'NONE',  ( 0.000000000000000000, 0.000000000000000000, -1.000000000000000000 ) ) ;
#82 = EDGE_LOOP ( 'NONE', ( #1442, #1593, #1401, #545, #769 ) ) ;
#83 = ORIENTED_EDGE ( 'NONE', *, *, #592, .T. ) ;
#84 = DIRECTION ( 'NONE',  ( -1.000000000000000000, 0.000000000000000000, 0.000000000000000000 ) ) ;
#85 = DIRECTION ( 'NONE',  ( 1.000000000000000000, 0.000000000000000000, -0.000000000000000000 ) ) ;
#86 = EDGE_CURVE ( 'NONE', #980, #1347, #820, .T. ) ;
#87 = MECHANICAL_DESIGN_GEOMETRIC_PRESENTATION_REPRESENTATION (  '', ( #489 ), #1311 ) ;
#88 = CARTESIAN_POINT ( 'NONE',  ( 27.79999999999999716, 4.374999999996528999, 0.8749999999993640643 ) ) ;
#89 = DIRECTION ( 'NONE',  ( -2.961723007765225868E-15, -1.000000000000000000, 0.000000000000000000 ) ) ;
#90 = LINE ( 'NONE', #352, #1504 ) ;
#91 = LINE ( 'NONE', #1270, #1399 ) ;
#92 = LINE ( 'NONE', #24, #51 ) ;
#93 = ORIENTED_EDGE ( 'NONE', *, *, #1451, .T. ) ;
#94 = DIRECTION ( 'NONE',  ( -1.000000000000000000, -0.000000000000000000, -0.000000000000000000 ) ) ;
#95 = CARTESIAN_POINT ( 'NONE',  ( 4.500000000000000888, 10.39999999999716529, -4.599999999999999645 ) ) ;
#96 = ORIENTED_EDGE ( 'NONE', *, *, #1213, .F. ) ;
#97 = ORIENTED_EDGE ( 'NONE', *, *, #949, .F. ) ;
#98 = AXIS2_PLACEMENT_3D ( 'NONE', #1040, #1431, #665 ) ;
#99 = ORIENTED_EDGE ( 'NONE', *, *, #1390, .F. ) ;
#100 = PLANE ( 'NONE',  #899 ) ;
#102 = VERTEX_POINT ( 'NONE', #445 ) ;
#101 = DIRECTION ( 'NONE',  ( 0.000000000000000000, 0.000000000000000000, -1.000000000000000000 ) ) ;
#103 = UNCERTAINTY_MEASURE_WITH_UNIT (LENGTH_MEASURE( 1.000000000000000082E-05 ), #1356, 'distance_accuracy_value', 'NONE');
#104 = CARTESIAN_POINT ( 'NONE',  ( 4.754316770519942281, 13.10000000000004405, -4.600000000000002309 ) ) ;
#105 = CARTESIAN_POINT ( 'NONE',  ( 4.700000000000002842, 26.10000000000000142, -6.500000000000002665 ) ) ;
#106 = DIRECTION ( 'NONE',  ( 1.000000000000000000, -0.000000000000000000, 0.000000000000000000 ) ) ;
#107 = EDGE_CURVE ( 'NONE', #1155, #1471, #374, .T. ) ;
#108 = CARTESIAN_POINT ( 'NONE',  ( 6.200000000000001954, 13.50000000000000888, -6.500000000000002665 ) ) ;
#109 = LINE ( 'NONE', #714, #475 ) ;
#110 = AXIS2_PLACEMENT_3D ( 'NONE', #544, #1458, #1602 ) ;
#111 = FACE_BOUND ( 'NONE', #1658, .T. ) ;
#112 = CARTESIAN_POINT ( 'NONE',  ( 5.550000000000003375, 13.50000000000000888, -6.500000000000002665 ) ) ;
#113 = DIRECTION ( 'NONE',  ( -1.000000000000000000, -0.000000000000000000, 0.000000000000000000 ) ) ;
#114 = VECTOR ( 'NONE', #473, 1000.000000000000000 ) ;
#115 = ADVANCED_FACE ( 'NONE', ( #235 ), #1622, .F. ) ;
#116 = ORIENTED_EDGE ( 'NONE', *, *, #249, .F. ) ;
#117 = FACE_OUTER_BOUND ( 'NONE', #378, .T. ) ;
#118 = ORIENTED_EDGE ( 'NONE', *, *, #1006, .T. ) ;
#119 = ORIENTED_EDGE ( 'NONE', *, *, #1210, .T. ) ;
#120 = EDGE_CURVE ( 'NONE', #1229, #1323, #1652, .T. ) ;
#121 = EDGE_LOOP ( 'NONE', ( #1531, #573 ) ) ;
#122 = AXIS2_PLACEMENT_3D ( 'NONE', #256, #1050, #1168 ) ;
#123 = EDGE_LOOP ( 'NONE', ( #324, #1001 ) ) ;
#124 = DIRECTION ( 'NONE',  ( 1.000000000000000000, -0.000000000000000000, 0.000000000000000000 ) ) ;
#125 = CARTESIAN_POINT ( 'NONE',  ( 4.500000000000000888, 0.000000000000000000, -4.600000000000002309 ) ) ;
#126 = EDGE_CURVE ( 'NONE', #360, #1139, #1317, .T. ) ;
#127 = CARTESIAN_POINT ( 'NONE',  ( 5.799999999999999822, 27.10000000000000142, 3.400000000000000799 ) ) ;
#128 = ADVANCED_FACE ( 'NONE', ( #1171 ), #579, .T. ) ;
#129 = CARTESIAN_POINT ( 'NONE',  ( 7.700000000000000178, 10.39999999999716529, 3.500000000000004885 ) ) ;
#130 = AXIS2_PLACEMENT_3D ( 'NONE', #707, #1503, #40 ) ;
#131 = VECTOR ( 'NONE', #668, 1000.000000000000000 ) ;
#132 = LINE ( 'NONE', #1190, #29 ) ;
#133 = LINE ( 'NONE', #1382, #1565 ) ;
#134 = LINE ( 'NONE', #104, #178 ) ;
#135 = DIRECTION ( 'NONE',  ( 0.000000000000000000, -1.000000000000000000, -0.000000000000000000 ) ) ;
#136 = DIRECTION ( 'NONE',  ( -0.000000000000000000, -1.000000000000000000, 0.000000000000000000 ) ) ;
#137 = ORIENTED_EDGE ( 'NONE', *, *, #776, .F. ) ;
#138 = PLANE ( 'NONE',  #471 ) ;
#139 = VERTEX_POINT ( 'NONE', #953 ) ;
#140 = ADVANCED_FACE ( 'NONE', ( #513 ), #1090, .F. ) ;
#141 = CARTESIAN_POINT ( 'NONE',  ( 7.700000000000001066, 24.60000000000000497, -1.399999999999893774 ) ) ;
#142 = ORIENTED_EDGE ( 'NONE', *, *, #750, .F. ) ;
#143 = DIRECTION ( 'NONE',  ( 0.000000000000000000, 0.7071067811865230368, -0.7071067811865721087 ) ) ;
#144 = ORIENTED_EDGE ( 'NONE', *, *, #1071, .T. ) ;
#145 = EDGE_CURVE ( 'NONE', #927, #978, #31, .T. ) ;
#146 = DIRECTION ( 'NONE',  ( 0.000000000000000000, 0.000000000000000000, 1.000000000000000000 ) ) ;
#147 = ORIENTED_EDGE ( 'NONE', *, *, #1295, .T. ) ;
#148 = AXIS2_PLACEMENT_3D ( 'NONE', #1487, #981, #454 ) ;
#149 = DIRECTION ( 'NONE',  ( 0.000000000000000000, 0.000000000000000000, 1.000000000000000000 ) ) ;
#150 = ADVANCED_FACE ( 'NONE', ( #1525 ), #1120, .T. ) ;
#151 = CARTESIAN_POINT ( 'NONE',  ( 7.700000000000001066, 24.60000000000000497, 0.8000000000001064038 ) ) ;
#152 = LINE ( 'NONE', #30, #371 ) ;
#153 = CARTESIAN_POINT ( 'NONE',  ( -5.799999999999999822, 27.10000000000000142, 6.500000000000002665 ) ) ;
#154 = FACE_OUTER_BOUND ( 'NONE', #1042, .T. ) ;
#155 = DIRECTION ( 'NONE',  ( 0.000000000000000000, 0.000000000000000000, -1.000000000000000000 ) ) ;
#156 = FACE_OUTER_BOUND ( 'NONE', #1575, .T. ) ;
#157 = ORIENTED_EDGE ( 'NONE', *, *, #77, .T. ) ;
#158 = LINE ( 'NONE', #404, #719 ) ;
#159 = EDGE_LOOP ( 'NONE', ( #8, #870, #1598, #807 ) ) ;
#160 = DIRECTION ( 'NONE',  ( 0.000000000000000000, 0.000000000000000000, 1.000000000000000000 ) ) ;
#161 = ORIENTED_EDGE ( 'NONE', *, *, #488, .T. ) ;
#162 = EDGE_LOOP ( 'NONE', ( #766, #198, #640, #518 ) ) ;
#163 = EDGE_CURVE ( 'NONE', #1107, #587, #441, .T. ) ;
#164 = CARTESIAN_POINT ( 'NONE',  ( 7.699999999999998401, 1.787499999998308109, 3.200000000000093436 ) ) ;
#165 = ORIENTED_EDGE ( 'NONE', *, *, #1645, .T. ) ;
#166 = CARTESIAN_POINT ( 'NONE',  ( -2.299999999999998934, 12.25400642056229472, 4.700000000000004619 ) ) ;
#167 = EDGE_CURVE ( 'NONE', #1005, #500, #478, .T. ) ;
#168 = ORIENTED_EDGE ( 'NONE', *, *, #592, .F. ) ;
#169 = DIRECTION ( 'NONE',  ( 0.000000000000000000, -0.000000000000000000, -1.000000000000000000 ) ) ;
#170 = DIRECTION ( 'NONE',  ( 1.000000000000000000, 7.528146729520068919E-16, 0.000000000000000000 ) ) ;
#171 = CARTESIAN_POINT ( 'NONE',  ( 4.799999999999999822, 6.999999999997157829, 3.399999999999954614 ) ) ;
#172 = VECTOR ( 'NONE', #238, 1000.000000000000000 ) ;
#173 = CARTESIAN_POINT ( 'NONE',  ( 7.700000000000001954, 27.10000000000000142, 6.500000000000002665 ) ) ;
#174 = EDGE_CURVE ( 'NONE', #1489, #1344, #995, .T. ) ;
#175 = LINE ( 'NONE', #791, #355 ) ;
#176 = CARTESIAN_POINT ( 'NONE',  ( 4.500000000000000888, 0.000000000000000000, 3.400000000000000799 ) ) ;
#177 = VECTOR ( 'NONE', #989, 1000.000000000000000 ) ;
#178 = VECTOR ( 'NONE', #203, 1000.000000000000000 ) ;
#179 = AXIS2_PLACEMENT_3D ( 'NONE', #1204, #1331, #1341 ) ;
#180 = ORIENTED_EDGE ( 'NONE', *, *, #1013, .F. ) ;
#181 = VERTEX_POINT ( 'NONE', #1644 ) ;
#182 = VERTEX_POINT ( 'NONE', #857 ) ;
#183 = ADVANCED_FACE ( 'NONE', ( #340 ), #1253, .F. ) ;
#184 = ORIENTED_EDGE ( 'NONE', *, *, #1558, .F. ) ;
#185 = CARTESIAN_POINT ( 'NONE',  ( 7.700000000000001066, -0.8000000000000020428, 34.56082678753426052 ) ) ;
#186 = DIRECTION ( 'NONE',  ( -0.000000000000000000, -1.000000000000000000, 0.000000000000000000 ) ) ;
#187 = EDGE_LOOP ( 'NONE', ( #524, #682, #422, #116 ) ) ;
#188 = AXIS2_PLACEMENT_3D ( 'NONE', #1185, #1054, #1068 ) ;
#189 = CARTESIAN_POINT ( 'NONE',  ( -5.799999999999999822, 27.10000000000000142, 4.999999999999999112 ) ) ;
#190 = CARTESIAN_POINT ( 'NONE',  ( 4.799999999999999822, -0.7999999999999596323, -4.599999999999953459 ) ) ;
#191 = LINE ( 'NONE', #568, #46 ) ;
#192 = DIRECTION ( 'NONE',  ( 0.000000000000000000, 0.000000000000000000, -1.000000000000000000 ) ) ;
#193 = LINE ( 'NONE', #1699, #838 ) ;
#194 = LINE ( 'NONE', #917, #497 ) ;
#195 = FACE_OUTER_BOUND ( 'NONE', #1037, .T. ) ;
#196 = DIRECTION ( 'NONE',  ( -1.000000000000000000, 0.000000000000000000, 0.000000000000000000 ) ) ;
#197 = EDGE_CURVE ( 'NONE', #724, #1281, #1607, .T. ) ;
#198 = ORIENTED_EDGE ( 'NONE', *, *, #798, .T. ) ;
#199 = LINE ( 'NONE', #829, #1080 ) ;
#200 = EDGE_LOOP ( 'NONE', ( #1264, #1319, #1301, #1587 ) ) ;
#201 = CARTESIAN_POINT ( 'NONE',  ( 5.799999999999999822, 10.39999999999716529, -4.599999999999999645 ) ) ;
#202 = VERTEX_POINT ( 'NONE', #467 ) ;
#203 = DIRECTION ( 'NONE',  ( -1.000000000000000000, -7.528146729520069905E-16, 0.000000000000000000 ) ) ;
#204 = EDGE_LOOP ( 'NONE', ( #464, #1103, #279, #684, #701, #889, #1696, #907 ) ) ;
#205 = SURFACE_STYLE_USAGE ( .BOTH. , #976 ) ;
#206 = ORIENTED_EDGE ( 'NONE', *, *, #819, .T. ) ;
#207 = CARTESIAN_POINT ( 'NONE',  ( 5.550000000000003375, 13.50000000000000888, 0.6213203435596423851 ) ) ;
#208 = ORIENTED_EDGE ( 'NONE', *, *, #1645, .F. ) ;
#209 = EDGE_CURVE ( 'NONE', #36, #1140, #1584, .T. ) ;
#210 = CARTESIAN_POINT ( 'NONE',  ( -4.499999999999998224, 27.10000000000000142, -1.668393218340296968 ) ) ;
#211 = AXIS2_PLACEMENT_3D ( 'NONE', #271, #1590, #676 ) ;
#212 = CARTESIAN_POINT ( 'NONE',  ( -5.799999999999999822, 27.10000000000000142, -5.500000000000003553 ) ) ;
#213 = VECTOR ( 'NONE', #143, 1000.000000000000000 ) ;
#214 = LINE ( 'NONE', #10, #1539 ) ;
#215 = VECTOR ( 'NONE', #561, 999.9999999999998863 ) ;
#216 = DIRECTION ( 'NONE',  ( 0.000000000000000000, 0.000000000000000000, -1.000000000000000000 ) ) ;
#217 = EDGE_CURVE ( 'NONE', #1419, #1591, #1011, .T. ) ;
#218 = LINE ( 'NONE', #239, #878 ) ;
#219 = CARTESIAN_POINT ( 'NONE',  ( 7.700000000000001066, 24.60000000000000497, -0.2999999999998936850 ) ) ;
#220 = LINE ( 'NONE', #1025, #864 ) ;
#221 = VERTEX_POINT ( 'NONE', #74 ) ;
#222 = AXIS2_PLACEMENT_3D ( 'NONE', #286, #517, #566 ) ;
#223 = EDGE_LOOP ( 'NONE', ( #225, #1000, #804, #264 ) ) ;
#224 = ORIENTED_EDGE ( 'NONE', *, *, #577, .F. ) ;
#225 = ORIENTED_EDGE ( 'NONE', *, *, #16, .T. ) ;
#226 = ORIENTED_EDGE ( 'NONE', *, *, #1272, .T. ) ;
#227 = EDGE_CURVE ( 'NONE', #1140, #1405, #1360, .T. ) ;
#228 = CARTESIAN_POINT ( 'NONE',  ( 7.700000000000001954, -0.8000000000000010436, -6.500000000000003553 ) ) ;
#229 = DIRECTION ( 'NONE',  ( -1.000000000000000000, 0.000000000000000000, 0.000000000000000000 ) ) ;
#230 = EDGE_CURVE ( 'NONE', #360, #1424, #559, .T. ) ;
#231 = PRODUCT_DEFINITION ( '未知', '', #871, #1529 ) ;
#232 = CARTESIAN_POINT ( 'NONE',  ( 4.799999999999998934, 4.374999999996528999, 0.8749999999993630651 ) ) ;
#233 = PLANE ( 'NONE',  #570 ) ;
#234 = CIRCLE ( 'NONE', #781, 1.000000000000000000 ) ;
#235 = FACE_OUTER_BOUND ( 'NONE', #1151, .T. ) ;
#236 = CIRCLE ( 'NONE', #5, 1.149999999999999911 ) ;
#237 = ORIENTED_EDGE ( 'NONE', *, *, #1288, .T. ) ;
#238 = DIRECTION ( 'NONE',  ( 1.000000000000000000, 0.000000000000000000, 0.000000000000000000 ) ) ;
#239 = CARTESIAN_POINT ( 'NONE',  ( 4.700000000000093436, 23.90000000000007319, -4.600000000000002309 ) ) ;
#240 = VERTEX_POINT ( 'NONE', #201 ) ;
#241 = VERTEX_POINT ( 'NONE', #1511 ) ;
#242 = DIRECTION ( 'NONE',  ( 0.000000000000000000, 1.000000000000000000, -0.000000000000000000 ) ) ;
#243 = AXIS2_PLACEMENT_3D ( 'NONE', #1416, #106, #756 ) ;
#244 = ORIENTED_EDGE ( 'NONE', *, *, #647, .F. ) ;
#245 = CARTESIAN_POINT ( 'NONE',  ( 5.700000000000001066, 17.09999999999999787, -2.700000000000001066 ) ) ;
#246 = EDGE_LOOP ( 'NONE', ( #419, #571, #119, #764 ) ) ;
#247 = VERTEX_POINT ( 'NONE', #1374 ) ;
#248 = ADVANCED_FACE ( 'NONE', ( #1238 ), #600, .F. ) ;
#249 = EDGE_CURVE ( 'NONE', #1066, #406, #616, .T. ) ;
#250 = DIRECTION ( 'NONE',  ( 1.000000000000000000, -0.000000000000000000, 0.000000000000000000 ) ) ;
#251 = DIRECTION ( 'NONE',  ( -1.000000000000000000, -0.000000000000000000, -0.000000000000000000 ) ) ;
#252 = ADVANCED_FACE ( 'NONE', ( #901 ), #1437, .T. ) ;
#253 = EDGE_CURVE ( 'NONE', #1347, #268, #218, .T. ) ;
#254 = LINE ( 'NONE', #245, #1377 ) ;
#255 = CARTESIAN_POINT ( 'NONE',  ( -4.499999999999998224, 24.60000000000000497, -1.399999999999893774 ) ) ;
#256 = CARTESIAN_POINT ( 'NONE',  ( 59.79999999999999716, 1.787499999998308109, -2.849999999999823785 ) ) ;
#257 = LINE ( 'NONE', #725, #1606 ) ;
#258 = VECTOR ( 'NONE', #699, 1000.000000000000000 ) ;
#259 = LINE ( 'NONE', #934, #1482 ) ;
#260 = VERTEX_POINT ( 'NONE', #1148 ) ;
#261 = EDGE_LOOP ( 'NONE', ( #281, #664, #956, #283 ) ) ;
#262 = EDGE_CURVE ( 'NONE', #927, #102, #133, .T. ) ;
#263 = ORIENTED_EDGE ( 'NONE', *, *, #1448, .F. ) ;
#264 = ORIENTED_EDGE ( 'NONE', *, *, #909, .T. ) ;
#265 = AXIS2_PLACEMENT_3D ( 'NONE', #659, #309, #547 ) ;
#266 = ORIENTED_EDGE ( 'NONE', *, *, #1127, .T. ) ;
#267 = ADVANCED_FACE ( 'NONE', ( #1132 ), #233, .F. ) ;
#268 = VERTEX_POINT ( 'NONE', #613 ) ;
#269 = ADVANCED_FACE ( 'NONE', ( #277 ), #748, .F. ) ;
#270 = CARTESIAN_POINT ( 'NONE',  ( 4.700000000000002842, 13.50000000000000888, 9.044412775931393256 ) ) ;
#271 = CARTESIAN_POINT ( 'NONE',  ( 6.200000000000001954, 13.50000000000000888, -1.500000000000002220 ) ) ;
#272 = CARTESIAN_POINT ( 'NONE',  ( 5.799999999999999822, 7.299999999997118572, -4.599999999999952571 ) ) ;
#273 = AXIS2_PLACEMENT_3D ( 'NONE', #108, #1505, #462 ) ;
#274 = FACE_OUTER_BOUND ( 'NONE', #1620, .T. ) ;
#275 = LINE ( 'NONE', #1181, #1414 ) ;
#276 = CARTESIAN_POINT ( 'NONE',  ( 5.799999999999999822, 12.05431677051991457, -4.599999999999951683 ) ) ;
#277 = FACE_OUTER_BOUND ( 'NONE', #261, .T. ) ;
#278 = FACE_OUTER_BOUND ( 'NONE', #601, .T. ) ;
#279 = ORIENTED_EDGE ( 'NONE', *, *, #1463, .T. ) ;
#280 = PLANE ( 'NONE',  #211 ) ;
#281 = ORIENTED_EDGE ( 'NONE', *, *, #895, .F. ) ;
#282 = DIRECTION ( 'NONE',  ( 1.000000000000000000, -0.000000000000000000, -0.000000000000000000 ) ) ;
#283 = ORIENTED_EDGE ( 'NONE', *, *, #728, .F. ) ;
#284 = EDGE_CURVE ( 'NONE', #501, #350, #392, .T. ) ;
#285 = ORIENTED_EDGE ( 'NONE', *, *, #1476, .F. ) ;
#286 = CARTESIAN_POINT ( 'NONE',  ( 5.799999999999999822, 12.05431677051991457, 34.56082678753426052 ) ) ;
#287 = AXIS2_PLACEMENT_3D ( 'NONE', #1089, #1215, #1358 ) ;
#288 = ORIENTED_EDGE ( 'NONE', *, *, #339, .F. ) ;
#289 = DIRECTION ( 'NONE',  ( 0.000000000000000000, -0.000000000000000000, -1.000000000000000000 ) ) ;
#290 = PLANE ( 'NONE',  #1078 ) ;
#291 = CARTESIAN_POINT ( 'NONE',  ( 7.700000000000001954, 4.374999999996529887, 0.8749999999993659516 ) ) ;
#292 = ADVANCED_FACE ( 'NONE', ( #1693 ), #722, .F. ) ;
#293 = EDGE_CURVE ( 'NONE', #1547, #978, #91, .T. ) ;
#294 = LINE ( 'NONE', #1044, #1690 ) ;
#295 = AXIS2_PLACEMENT_3D ( 'NONE', #68, #979, #1114 ) ;
#296 = VECTOR ( 'NONE', #531, 1000.000000000000000 ) ;
#297 = LINE ( 'NONE', #681, #1540 ) ;
#298 = CIRCLE ( 'NONE', #1378, 2.850000000000000089 ) ;
#299 = LINE ( 'NONE', #1182, #951 ) ;
#300 = DIRECTION ( 'NONE',  ( 0.000000000000000000, 0.000000000000000000, 1.000000000000000000 ) ) ;
#301 = ORIENTED_EDGE ( 'NONE', *, *, #1300, .T. ) ;
#302 = DIRECTION ( 'NONE',  ( 0.000000000000000000, -1.000000000000000000, 0.000000000000000000 ) ) ;
#303 = EDGE_LOOP ( 'NONE', ( #1162, #448 ) ) ;
#304 = CARTESIAN_POINT ( 'NONE',  ( 1.609347693943206314, 20.10000000000000497, -2.099999999999894396 ) ) ;
#305 = ORIENTED_EDGE ( 'NONE', *, *, #564, .F. ) ;
#306 = EDGE_CURVE ( 'NONE', #1684, #240, #1275, .T. ) ;
#307 = CARTESIAN_POINT ( 'NONE',  ( 5.700000000000001066, 15.59999999999999787, -2.700000000000001066 ) ) ;
#308 = ORIENTED_EDGE ( 'NONE', *, *, #1188, .F. ) ;
#309 = DIRECTION ( 'NONE',  ( 0.000000000000000000, 0.000000000000000000, -1.000000000000000000 ) ) ;
#310 = AXIS2_PLACEMENT_3D ( 'NONE', #655, #410, #14 ) ;
#311 = EDGE_LOOP ( 'NONE', ( #1488, #680, #73, #226 ) ) ;
#312 = CARTESIAN_POINT ( 'NONE',  ( 7.699999999999998401, 1.787499999998308331, -3.999999999999823252 ) ) ;
#313 = CARTESIAN_POINT ( 'NONE',  ( 7.700000000000001066, 12.25400642056229472, 4.700000000000004619 ) ) ;
#314 = CARTESIAN_POINT ( 'NONE',  ( 5.799999999999999822, 10.39999999999716529, -4.700000000000000178 ) ) ;
#315 = DIRECTION ( 'NONE',  ( -1.000000000000000000, 0.000000000000000000, 0.000000000000000000 ) ) ;
#316 = CARTESIAN_POINT ( 'NONE',  ( 7.700000000000001066, 15.59999999999999787, -6.500000000000003553 ) ) ;
#317 = LINE ( 'NONE', #429, #131 ) ;
#318 = EDGE_CURVE ( 'NONE', #417, #734, #1055, .T. ) ;
#319 = LINE ( 'NONE', #166, #492 ) ;
#320 = FILL_AREA_STYLE_COLOUR ( '', #612 ) ;
#321 = LINE ( 'NONE', #1031, #1629 ) ;
#322 = ADVANCED_FACE ( 'NONE', ( #650 ), #1402, .T. ) ;
#323 = CIRCLE ( 'NONE', #1357, 1.499999999999998668 ) ;
#324 = ORIENTED_EDGE ( 'NONE', *, *, #1092, .T. ) ;
#325 = ORIENTED_EDGE ( 'NONE', *, *, #690, .F. ) ;
#326 = ORIENTED_EDGE ( 'NONE', *, *, #1049, .T. ) ;
#327 = ORIENTED_EDGE ( 'NONE', *, *, #253, .F. ) ;
#328 = DIRECTION ( 'NONE',  ( 0.000000000000000000, 1.000000000000000000, -0.000000000000000000 ) ) ;
#329 = CARTESIAN_POINT ( 'NONE',  ( 4.799999999999998046, 4.374999999996528999, -1.674999999999202016 ) ) ;
#330 = ORIENTED_EDGE ( 'NONE', *, *, #1046, .F. ) ;
#331 = CARTESIAN_POINT ( 'NONE',  ( 11.51837661840736082, 24.60000000000000497, -0.2999999999998936850 ) ) ;
#332 = CARTESIAN_POINT ( 'NONE',  ( 5.700000000000001066, 27.10000000000000497, -5.500000000000002665 ) ) ;
#333 = CARTESIAN_POINT ( 'NONE',  ( 4.754316770519942281, 13.10000000000004405, -4.600000000000002309 ) ) ;
#334 = DIRECTION ( 'NONE',  ( 0.000000000000000000, -0.7071067811865473507, 0.7071067811865477948 ) ) ;
#335 = LINE ( 'NONE', #1406, #796 ) ;
#336 = VECTOR ( 'NONE', #136, 1000.000000000000000 ) ;
#337 = LINE ( 'NONE', #207, #1258 ) ;
#338 = DIRECTION ( 'NONE',  ( -1.000000000000000000, -0.000000000000000000, -0.000000000000000000 ) ) ;
#339 = EDGE_CURVE ( 'NONE', #602, #1659, #298, .T. ) ;
#340 = FACE_OUTER_BOUND ( 'NONE', #744, .T. ) ;
#341 = FACE_OUTER_BOUND ( 'NONE', #1466, .T. ) ;
#342 = ORIENTED_EDGE ( 'NONE', *, *, #230, .F. ) ;
#343 = DIRECTION ( 'NONE',  ( 0.000000000000000000, 0.000000000000000000, -1.000000000000000000 ) ) ;
#344 = ORIENTED_EDGE ( 'NONE', *, *, #1610, .F. ) ;
#345 = EDGE_LOOP ( 'NONE', ( #443, #1636 ) ) ;
#346 = EDGE_CURVE ( 'NONE', #607, #61, #1673, .T. ) ;
#347 = ORIENTED_EDGE ( 'NONE', *, *, #1656, .T. ) ;
#348 = PLANE ( 'NONE',  #521 ) ;
#350 = VERTEX_POINT ( 'NONE', #892 ) ;
#349 = DIRECTION ( 'NONE',  ( 0.000000000000000000, -1.000000000000000000, 0.000000000000000000 ) ) ;
#351 = EDGE_CURVE ( 'NONE', #36, #447, #740, .T. ) ;
#352 = CARTESIAN_POINT ( 'NONE',  ( -4.499999999999998224, 28.15224063634711271, -2.099999999999894396 ) ) ;
#353 = CARTESIAN_POINT ( 'NONE',  ( 5.799999999999999822, 9.399999999997163513, -4.700000000000000178 ) ) ;
#354 = VECTOR ( 'NONE', #1326, 1000.000000000000000 ) ;
#355 = VECTOR ( 'NONE', #407, 1000.000000000000000 ) ;
#356 = CARTESIAN_POINT ( 'NONE',  ( 5.799999999999999822, 10.39999999999716529, 0.000000000000000000 ) ) ;
#357 = LINE ( 'NONE', #49, #1097 ) ;
#358 = DIRECTION ( 'NONE',  ( -1.000000000000000000, 0.000000000000000000, -0.000000000000000000 ) ) ;
#359 = FACE_OUTER_BOUND ( 'NONE', #1512, .T. ) ;
#360 = VERTEX_POINT ( 'NONE', #1423 ) ;
#361 = ORIENTED_EDGE ( 'NONE', *, *, #1577, .F. ) ;
#362 = ORIENTED_EDGE ( 'NONE', *, *, #1250, .F. ) ;
#363 = DIRECTION ( 'NONE',  ( -0.000000000000000000, -1.000000000000000000, -0.000000000000000000 ) ) ;
#364 = ORIENTED_EDGE ( 'NONE', *, *, #385, .F. ) ;
#365 = ORIENTED_EDGE ( 'NONE', *, *, #468, .T. ) ;
#366 = EDGE_CURVE ( 'NONE', #828, #1589, #321, .T. ) ;
#367 = DIRECTION ( 'NONE',  ( 0.000000000000000000, 0.000000000000000000, -1.000000000000000000 ) ) ;
#368 = DIRECTION ( 'NONE',  ( 0.000000000000000000, 0.000000000000000000, -1.000000000000000000 ) ) ;
#369 = ADVANCED_FACE ( 'NONE', ( #922 ), #400, .F. ) ;
#370 = DIRECTION ( 'NONE',  ( 0.000000000000000000, -0.000000000000000000, -1.000000000000000000 ) ) ;
#371 = VECTOR ( 'NONE', #1586, 1000.000000000000000 ) ;
#372 = FACE_BOUND ( 'NONE', #1427, .T. ) ;
#373 = CYLINDRICAL_SURFACE ( 'NONE', #438, 2.200000000000000178 ) ;
#374 = LINE ( 'NONE', #1354, #258 ) ;
#375 = VECTOR ( 'NONE', #242, 1000.000000000000000 ) ;
#376 = EDGE_CURVE ( 'NONE', #823, #1618, #900, .T. ) ;
#377 = CARTESIAN_POINT ( 'NONE',  ( 4.799999999999998934, 1.787499999998308331, 0.9000000000000933920 ) ) ;
#378 = EDGE_LOOP ( 'NONE', ( #925, #1268, #975, #483, #285, #1386, #1203, #698, #1595, #1082, #330, #383, #1420 ) ) ;
#379 = DIRECTION ( 'NONE',  ( -1.000000000000000000, 0.000000000000000000, 0.000000000000000000 ) ) ;
#380 = VERTEX_POINT ( 'NONE', #377 ) ;
#381 = EDGE_LOOP ( 'NONE', ( #480, #505, #662, #658, #937 ) ) ;
#382 = CARTESIAN_POINT ( 'NONE',  ( 7.700000000000001066, 15.59999999999999787, -2.700000000000001066 ) ) ;
#383 = ORIENTED_EDGE ( 'NONE', *, *, #120, .F. ) ;
#384 = ORIENTED_EDGE ( 'NONE', *, *, #750, .T. ) ;
#385 = EDGE_CURVE ( 'NONE', #1665, #1199, #1339, .T. ) ;
#386 = CARTESIAN_POINT ( 'NONE',  ( 11.51837661840736082, 24.60000000000000497, -0.2999999999998936850 ) ) ;
#387 = AXIS2_PLACEMENT_3D ( 'NONE', #843, #472, #1133 ) ;
#388 = FACE_OUTER_BOUND ( 'NONE', #1447, .T. ) ;
#389 = DIRECTION ( 'NONE',  ( 0.000000000000000000, 0.000000000000000000, 1.000000000000000000 ) ) ;
#390 = VECTOR ( 'NONE', #56, 1000.000000000000000 ) ;
#391 = CARTESIAN_POINT ( 'NONE',  ( 7.700000000000001066, 13.50000000000000888, 34.56082678753426052 ) ) ;
#392 = CIRCLE ( 'NONE', #792, 1.149999999999999911 ) ;
#393 = LINE ( 'NONE', #534, #536 ) ;
#394 = ORIENTED_EDGE ( 'NONE', *, *, #736, .T. ) ;
#395 = CARTESIAN_POINT ( 'NONE',  ( 5.800000000000000711, -0.8000000000000020428, 4.700000000000004619 ) ) ;
#396 = CARTESIAN_POINT ( 'NONE',  ( 8.673617379884035472E-16, 21.10000000000000142, -0.5999999999999989786 ) ) ;
#397 = ORIENTED_EDGE ( 'NONE', *, *, #167, .F. ) ;
#398 = DIRECTION ( 'NONE',  ( 1.000000000000000000, 0.000000000000000000, 0.000000000000000000 ) ) ;
#399 = EDGE_CURVE ( 'NONE', #1002, #1550, #535, .T. ) ;
#400 = PLANE ( 'NONE',  #913 ) ;
#401 = ADVANCED_FACE ( 'NONE', ( #1116 ), #992, .F. ) ;
#402 = ORIENTED_EDGE ( 'NONE', *, *, #77, .F. ) ;
#403 = ORIENTED_EDGE ( 'NONE', *, *, #209, .T. ) ;
#404 = CARTESIAN_POINT ( 'NONE',  ( 5.799999999999999822, -0.8000000000000000444, 0.000000000000000000 ) ) ;
#405 = EDGE_LOOP ( 'NONE', ( #38, #1516, #1304, #589, #326, #656 ) ) ;
#406 = VERTEX_POINT ( 'NONE', #777 ) ;
#407 = DIRECTION ( 'NONE',  ( 0.000000000000000000, -0.000000000000000000, -1.000000000000000000 ) ) ;
#408 = DIRECTION ( 'NONE',  ( 1.000000000000000000, 0.000000000000000000, 0.000000000000000000 ) ) ;
#409 = PLANE ( 'NONE',  #265 ) ;
#410 = DIRECTION ( 'NONE',  ( -1.000000000000000000, -0.000000000000000000, -0.000000000000000000 ) ) ;
#411 = AXIS2_PLACEMENT_3D ( 'NONE', #802, #414, #1603 ) ;
#412 = VECTOR ( 'NONE', #557, 1000.000000000000000 ) ;
#413 = FACE_BOUND ( 'NONE', #345, .T. ) ;
#414 = DIRECTION ( 'NONE',  ( -1.000000000000000000, 0.000000000000000000, -0.000000000000000000 ) ) ;
#415 = CIRCLE ( 'NONE', #295, 1.950000000000000400 ) ;
#416 = VECTOR ( 'NONE', #1246, 1000.000000000000000 ) ;
#417 = VERTEX_POINT ( 'NONE', #912 ) ;
#418 = DIRECTION ( 'NONE',  ( -1.000000000000000000, 0.000000000000000000, 0.000000000000000000 ) ) ;
#419 = ORIENTED_EDGE ( 'NONE', *, *, #209, .F. ) ;
#420 = CARTESIAN_POINT ( 'NONE',  ( 6.200000000000001954, 13.50000000000000888, -1.500000000000002220 ) ) ;
#421 = ORIENTED_EDGE ( 'NONE', *, *, #999, .T. ) ;
#422 = ORIENTED_EDGE ( 'NONE', *, *, #423, .F. ) ;
#423 = EDGE_CURVE ( 'NONE', #406, #980, #671, .T. ) ;
#424 = PLANE ( 'NONE',  #179 ) ;
#425 = EDGE_LOOP ( 'NONE', ( #1617, #1058, #1176, #1385, #622, #1158, #1616, #402, #1697, #1079, #288, #881 ) ) ;
#426 = ADVANCED_FACE ( 'NONE', ( #1030 ), #1175, .F. ) ;
#427 = ORIENTED_EDGE ( 'NONE', *, *, #366, .T. ) ;
#428 = CARTESIAN_POINT ( 'NONE',  ( 5.799999999999999822, 35.00000000000000000, 6.500000000000002665 ) ) ;
#429 = CARTESIAN_POINT ( 'NONE',  ( -2.299999999999998934, 12.25400642056229472, 6.500000000000002665 ) ) ;
#430 = CARTESIAN_POINT ( 'NONE',  ( 8.673617379884035472E-16, 27.32253967444162157, -0.5999999999999989786 ) ) ;
#431 = EDGE_CURVE ( 'NONE', #867, #39, #214, .T. ) ;
#432 = CARTESIAN_POINT ( 'NONE',  ( 7.700000000000001066, 12.25400642056229472, -6.500000000000005329 ) ) ;
#433 = FILL_AREA_STYLE ('',( #1368 ) ) ;
#434 = EDGE_CURVE ( 'NONE', #500, #1005, #555, .T. ) ;
#435 = DIRECTION ( 'NONE',  ( -1.000000000000000000, 0.000000000000000000, 0.000000000000000000 ) ) ;
#436 = PRESENTATION_STYLE_ASSIGNMENT (( #205 ) ) ;
#437 = CARTESIAN_POINT ( 'NONE',  ( 6.850000000000001421, 13.50000000000000888, -6.500000000000002665 ) ) ;
#438 = AXIS2_PLACEMENT_3D ( 'NONE', #430, #62, #192 ) ;
#439 = VECTOR ( 'NONE', #1240, 1000.000000000000000 ) ;
#440 = CARTESIAN_POINT ( 'NONE',  ( 2.450000000000021494, 23.90000000000008029, -4.600000000000002309 ) ) ;
#441 = CIRCLE ( 'NONE', #1156, 2.200000000000000178 ) ;
#442 = VECTOR ( 'NONE', #1310, 1000.000000000000000 ) ;
#443 = ORIENTED_EDGE ( 'NONE', *, *, #1418, .T. ) ;
#444 = VERTEX_POINT ( 'NONE', #26 ) ;
#445 = CARTESIAN_POINT ( 'NONE',  ( 7.700000000000001066, 10.39999999999716529, -4.700000000000001066 ) ) ;
#446 = ORIENTED_EDGE ( 'NONE', *, *, #798, .F. ) ;
#447 = VERTEX_POINT ( 'NONE', #539 ) ;
#448 = ORIENTED_EDGE ( 'NONE', *, *, #1227, .T. ) ;
#449 = CARTESIAN_POINT ( 'NONE',  ( 2.449999999999983302, 13.10000000000004228, -4.600000000000002309 ) ) ;
#450 = DIRECTION ( 'NONE',  ( 0.000000000000000000, -0.000000000000000000, -1.000000000000000000 ) ) ;
#451 = CARTESIAN_POINT ( 'NONE',  ( 4.799999999999998934, 1.787499999998308109, 2.050000000000093525 ) ) ;
#452 = DIRECTION ( 'NONE',  ( -0.000000000000000000, -1.000000000000000000, 0.000000000000000000 ) ) ;
#453 = VECTOR ( 'NONE', #250, 1000.000000000000000 ) ;
#454 = DIRECTION ( 'NONE',  ( 1.000000000000000000, 0.000000000000000000, 0.000000000000000000 ) ) ;
#455 = LINE ( 'NONE', #935, #1112 ) ;
#456 = LINE ( 'NONE', #851, #114 ) ;
#457 = DIRECTION ( 'NONE',  ( -0.000000000000000000, 0.000000000000000000, -1.000000000000000000 ) ) ;
#458 = AXIS2_PLACEMENT_3D ( 'NONE', #1291, #1422, #739 ) ;
#459 = ORIENTED_EDGE ( 'NONE', *, *, #575, .F. ) ;
#460 = DIRECTION ( 'NONE',  ( 0.000000000000000000, 0.000000000000000000, -1.000000000000000000 ) ) ;
#461 = VECTOR ( 'NONE', #813, 1000.000000000000000 ) ;
#462 = DIRECTION ( 'NONE',  ( -1.000000000000000000, 0.000000000000000000, 0.000000000000000000 ) ) ;
#463 = ORIENTED_EDGE ( 'NONE', *, *, #551, .T. ) ;
#464 = ORIENTED_EDGE ( 'NONE', *, *, #366, .F. ) ;
#465 = ORIENTED_EDGE ( 'NONE', *, *, #767, .T. ) ;
#466 = CARTESIAN_POINT ( 'NONE',  ( 2.450000000000021494, 23.90000000000008029, -6.500000000000002665 ) ) ;
#467 = CARTESIAN_POINT ( 'NONE',  ( 7.700000000000000178, 7.399999999997163513, -4.700000000000002842 ) ) ;
#468 = EDGE_CURVE ( 'NONE', #957, #731, #1076, .T. ) ;
#469 = ORIENTED_EDGE ( 'NONE', *, *, #306, .T. ) ;
#470 = ORIENTED_EDGE ( 'NONE', *, *, #606, .T. ) ;
#471 = AXIS2_PLACEMENT_3D ( 'NONE', #270, #379, #1425 ) ;
#472 = DIRECTION ( 'NONE',  ( 0.000000000000000000, 1.000000000000000000, 0.000000000000000000 ) ) ;
#473 = DIRECTION ( 'NONE',  ( 0.000000000000000000, -1.000000000000000000, 0.000000000000000000 ) ) ;
#474 = EDGE_CURVE ( 'NONE', #241, #139, #630, .T. ) ;
#475 = VECTOR ( 'NONE', #839, 1000.000000000000000 ) ;
#476 = FACE_OUTER_BOUND ( 'NONE', #162, .T. ) ;
#477 = AXIS2_PLACEMENT_3D ( 'NONE', #733, #1657, #1518 ) ;
#478 = CIRCLE ( 'NONE', #52, 1.100000000000000089 ) ;
#479 = FACE_OUTER_BOUND ( 'NONE', #677, .T. ) ;
#480 = ORIENTED_EDGE ( 'NONE', *, *, #858, .F. ) ;
#481 = CARTESIAN_POINT ( 'NONE',  ( 7.699999999999998401, 1.787499999998308109, -2.849999999999823785 ) ) ;
#482 = CARTESIAN_POINT ( 'NONE',  ( 5.799999999999999822, 12.05431677051991457, 34.56082678753426052 ) ) ;
#483 = ORIENTED_EDGE ( 'NONE', *, *, #1666, .T. ) ;
#484 = ORIENTED_EDGE ( 'NONE', *, *, #434, .T. ) ;
#485 = ORIENTED_EDGE ( 'NONE', *, *, #625, .T. ) ;
#486 = DIRECTION ( 'NONE',  ( 0.000000000000000000, 1.000000000000000000, 0.000000000000000000 ) ) ;
#487 = ORIENTED_EDGE ( 'NONE', *, *, #1300, .F. ) ;
#488 = EDGE_CURVE ( 'NONE', #447, #36, #1691, .T. ) ;
#489 = STYLED_ITEM ( 'NONE', ( #436 ), #558 ) ;
#490 = DIRECTION ( 'NONE',  ( 0.000000000000000000, 1.000000000000000000, 0.000000000000000000 ) ) ;
#491 = LINE ( 'NONE', #552, #412 ) ;
#492 = VECTOR ( 'NONE', #282, 1000.000000000000000 ) ;
#493 = FACE_OUTER_BOUND ( 'NONE', #746, .T. ) ;
#494 = CARTESIAN_POINT ( 'NONE',  ( 4.500000000000000888, 24.60000000000000497, -0.2999999999998936850 ) ) ;
#495 = VECTOR ( 'NONE', #1252, 1000.000000000000000 ) ;
#496 = ORIENTED_EDGE ( 'NONE', *, *, #774, .F. ) ;
#497 = VECTOR ( 'NONE', #1455, 1000.000000000000000 ) ;
#498 = CARTESIAN_POINT ( 'NONE',  ( -4.499999999999998224, 27.10000000000000142, -1.668393218340296968 ) ) ;
#499 = AXIS2_PLACEMENT_3D ( 'NONE', #1599, #149, #1335 ) ;
#500 = VERTEX_POINT ( 'NONE', #141 ) ;
#501 = VERTEX_POINT ( 'NONE', #164 ) ;
#502 = CARTESIAN_POINT ( 'NONE',  ( 27.79999999999999716, 6.999999999997176481, 3.500000000000011102 ) ) ;
#503 = DIRECTION ( 'NONE',  ( -1.000000000000000000, -0.000000000000000000, -0.000000000000000000 ) ) ;
#504 = ORIENTED_EDGE ( 'NONE', *, *, #808, .F. ) ;
#505 = ORIENTED_EDGE ( 'NONE', *, *, #126, .F. ) ;
#506 = EDGE_CURVE ( 'NONE', #1137, #602, #1216, .T. ) ;
#507 = DIRECTION ( 'NONE',  ( -0.000000000000000000, -0.000000000000000000, 1.000000000000000000 ) ) ;
#508 = LINE ( 'NONE', #652, #1273 ) ;
#509 = CARTESIAN_POINT ( 'NONE',  ( 8.673617379884035472E-16, 20.10000000000000497, -2.099999999999894396 ) ) ;
#510 = EDGE_CURVE ( 'NONE', #645, #1137, #194, .T. ) ;
#511 = LINE ( 'NONE', #550, #840 ) ;
#512 = LINE ( 'NONE', #965, #695 ) ;
#513 = FACE_OUTER_BOUND ( 'NONE', #522, .T. ) ;
#514 = LINE ( 'NONE', #627, #1056 ) ;
#515 = CARTESIAN_POINT ( 'NONE',  ( 5.799999999999999822, 6.999999999997171152, 3.500000000000003997 ) ) ;
#516 = EDGE_CURVE ( 'NONE', #1266, #444, #1336, .T. ) ;
#517 = DIRECTION ( 'NONE',  ( -1.000000000000000000, 0.000000000000000000, 0.000000000000000000 ) ) ;
#518 = ORIENTED_EDGE ( 'NONE', *, *, #1397, .F. ) ;
#519 = ADVANCED_FACE ( 'NONE', ( #861 ), #280, .T. ) ;
#520 = ORIENTED_EDGE ( 'NONE', *, *, #293, .T. ) ;
#521 = AXIS2_PLACEMENT_3D ( 'NONE', #1638, #66, #1131 ) ;
#522 = EDGE_LOOP ( 'NONE', ( #709, #904, #168, #853 ) ) ;
#523 = CARTESIAN_POINT ( 'NONE',  ( 4.799999999999999822, -0.7999999999999797273, -4.599999999999953459 ) ) ;
#524 = ORIENTED_EDGE ( 'NONE', *, *, #713, .F. ) ;
#525 = ORIENTED_EDGE ( 'NONE', *, *, #1288, .F. ) ;
#526 = ADVANCED_FACE ( 'NONE', ( #27 ), #527, .F. ) ;
#527 = PLANE ( 'NONE',  #499 ) ;
#528 = DIRECTION ( 'NONE',  ( 0.000000000000000000, 0.000000000000000000, -1.000000000000000000 ) ) ;
#529 = DIRECTION ( 'NONE',  ( 1.000000000000000000, 0.000000000000000000, 0.000000000000000000 ) ) ;
#530 = MECHANICAL_DESIGN_GEOMETRIC_PRESENTATION_REPRESENTATION (  '', ( #33 ), #1096 ) ;
#531 = DIRECTION ( 'NONE',  ( 0.000000000000000000, 0.000000000000000000, -1.000000000000000000 ) ) ;
#532 = DIRECTION ( 'NONE',  ( -1.000000000000000000, -0.000000000000000000, -0.000000000000000000 ) ) ;
#533 = CIRCLE ( 'NONE', #924, 1.950000000000000400 ) ;
#534 = CARTESIAN_POINT ( 'NONE',  ( 4.754316770519942281, 13.10000000000004405, -6.500000000000002665 ) ) ;
#535 = LINE ( 'NONE', #1704, #70 ) ;
#536 = VECTOR ( 'NONE', #1198, 1000.000000000000000 ) ;
#537 = EDGE_LOOP ( 'NONE', ( #142, #1063, #520, #708 ) ) ;
#538 = DIRECTION ( 'NONE',  ( 0.000000000000000000, 1.000000000000000000, 0.000000000000000000 ) ) ;
#539 = CARTESIAN_POINT ( 'NONE',  ( 5.550000000000003375, 13.50000000000000888, -1.500000000000002220 ) ) ;
#540 = ORIENTED_EDGE ( 'NONE', *, *, #745, .F. ) ;
#541 = DIRECTION ( 'NONE',  ( -1.000000000000000000, -0.000000000000000000, -0.000000000000000000 ) ) ;
#542 = EDGE_CURVE ( 'NONE', #17, #873, #455, .T. ) ;
#543 = ORIENTED_EDGE ( 'NONE', *, *, #1272, .F. ) ;
#544 = CARTESIAN_POINT ( 'NONE',  ( 5.700000000000001066, 0.000000000000000000, 0.000000000000000000 ) ) ;
#545 = ORIENTED_EDGE ( 'NONE', *, *, #19, .F. ) ;
#546 = ORIENTED_EDGE ( 'NONE', *, *, #351, .F. ) ;
#547 = DIRECTION ( 'NONE',  ( -1.000000000000000000, 0.000000000000000000, -0.000000000000000000 ) ) ;
#548 = ORIENTED_EDGE ( 'NONE', *, *, #126, .T. ) ;
#549 = DIRECTION ( 'NONE',  ( -1.000000000000000000, -0.000000000000000000, -0.000000000000000000 ) ) ;
#550 = CARTESIAN_POINT ( 'NONE',  ( 5.799999999999999822, 6.999999999997166711, 3.499999999999999556 ) ) ;
#551 = EDGE_CURVE ( 'NONE', #1547, #1618, #511, .T. ) ;
#552 = CARTESIAN_POINT ( 'NONE',  ( 2.450000000000021494, 23.90000000000008029, -6.500000000000002665 ) ) ;
#553 = DIRECTION ( 'NONE',  ( -1.000000000000000000, 0.000000000000000000, 0.000000000000000000 ) ) ;
#554 = FACE_OUTER_BOUND ( 'NONE', #1136, .T. ) ;
#555 = CIRCLE ( 'NONE', #411, 1.100000000000000089 ) ;
#556 = LINE ( 'NONE', #958, #1479 ) ;
#557 = DIRECTION ( 'NONE',  ( 1.000000000000000000, -3.083952846180892659E-15, 0.000000000000000000 ) ) ;
#558 = ADVANCED_BREP_SHAPE_REPRESENTATION ( '断料前', ( #582, #148 ), #1349 ) ;
#559 = LINE ( 'NONE', #333, #634 ) ;
#560 = VECTOR ( 'NONE', #1597, 1000.000000000000000 ) ;
#561 = DIRECTION ( 'NONE',  ( 0.000000000000000000, -0.7071067811865477948, -0.7071067811865473507 ) ) ;
#562 = EDGE_LOOP ( 'NONE', ( #752, #914, #1484, #850 ) ) ;
#563 = CARTESIAN_POINT ( 'NONE',  ( -5.799999999999999822, -0.8000000000000020428, -6.500000000000002665 ) ) ;
#564 = EDGE_CURVE ( 'NONE', #182, #1035, #596, .T. ) ;
#565 = CARTESIAN_POINT ( 'NONE',  ( 6.200000000000001954, 13.50000000000000888, -4.599999999999999645 ) ) ;
#566 = DIRECTION ( 'NONE',  ( 0.000000000000000000, 0.000000000000000000, 1.000000000000000000 ) ) ;
#567 = ORIENTED_EDGE ( 'NONE', *, *, #1451, .F. ) ;
#568 = CARTESIAN_POINT ( 'NONE',  ( 5.799999999999999822, 9.399999999997163513, -4.700000000000000178 ) ) ;
#569 = ORIENTED_EDGE ( 'NONE', *, *, #1669, .F. ) ;
#570 = AXIS2_PLACEMENT_3D ( 'NONE', #1668, #1681, #1688 ) ;
#571 = ORIENTED_EDGE ( 'NONE', *, *, #351, .T. ) ;
#572 = CARTESIAN_POINT ( 'NONE',  ( 0.000000000000000000, 21.10000000000000142, -2.099999999999894396 ) ) ;
#573 = ORIENTED_EDGE ( 'NONE', *, *, #227, .F. ) ;
#574 = CARTESIAN_POINT ( 'NONE',  ( 4.500000000000000888, 26.80963797939843829, -2.099999999999894396 ) ) ;
#575 = EDGE_CURVE ( 'NONE', #1471, #1206, #199, .T. ) ;
#576 = CARTESIAN_POINT ( 'NONE',  ( 4.754316770519942281, 13.10000000000004405, -4.600000000000002309 ) ) ;
#577 = EDGE_CURVE ( 'NONE', #828, #1364, #158, .T. ) ;
#578 = LINE ( 'NONE', #1138, #172 ) ;
#579 = PLANE ( 'NONE',  #130 ) ;
#580 = VECTOR ( 'NONE', #990, 1000.000000000000000 ) ;
#581 = DIRECTION ( 'NONE',  ( 0.000000000000000000, 0.000000000000000000, 1.000000000000000000 ) ) ;
#582 = MANIFOLD_SOLID_BREP ( '凸台-拉伸27', #977 ) ;
#583 = VERTEX_POINT ( 'NONE', #173 ) ;
#584 = EDGE_LOOP ( 'NONE', ( #1226, #397, #465, #1514 ) ) ;
#585 = DIRECTION ( 'NONE',  ( 1.000000000000000000, -0.000000000000000000, -0.000000000000000000 ) ) ;
#586 = VERTEX_POINT ( 'NONE', #43 ) ;
#587 = VERTEX_POINT ( 'NONE', #1362 ) ;
#588 = AXIS2_PLACEMENT_3D ( 'NONE', #1355, #694, #1211 ) ;
#589 = ORIENTED_EDGE ( 'NONE', *, *, #399, .F. ) ;
#590 = DIRECTION ( 'NONE',  ( 0.000000000000000000, 0.000000000000000000, 1.000000000000000000 ) ) ;
#591 = DIRECTION ( 'NONE',  ( -1.000000000000000000, 0.000000000000000000, 0.000000000000000000 ) ) ;
#592 = EDGE_CURVE ( 'NONE', #55, #102, #844, .T. ) ;
#593 = DIRECTION ( 'NONE',  ( 1.000000000000000000, 0.000000000000000000, -0.000000000000000000 ) ) ;
#594 = EDGE_CURVE ( 'NONE', #1281, #1224, #1197, .T. ) ;
#595 = FACE_BOUND ( 'NONE', #303, .T. ) ;
#596 = LINE ( 'NONE', #1312, #296 ) ;
#597 = LINE ( 'NONE', #826, #439 ) ;
#598 = CARTESIAN_POINT ( 'NONE',  ( 5.700000000000001066, 27.10000000000000497, -2.700000000000001066 ) ) ;
#599 = VECTOR ( 'NONE', #450, 1000.000000000000000 ) ;
#600 = PLANE ( 'NONE',  #477 ) ;
#601 = EDGE_LOOP ( 'NONE', ( #540, #1676, #1244, #1102 ) ) ;
#602 = VERTEX_POINT ( 'NONE', #683 ) ;
#603 = ORIENTED_EDGE ( 'NONE', *, *, #1036, .F. ) ;
#604 = CARTESIAN_POINT ( 'NONE',  ( 4.799999999999991829, 7.399999999997163513, -4.700000000000002842 ) ) ;
#605 = EDGE_LOOP ( 'NONE', ( #1533, #484 ) ) ;
#606 = EDGE_CURVE ( 'NONE', #654, #1682, #1152, .T. ) ;
#607 = VERTEX_POINT ( 'NONE', #700 ) ;
#608 = ORIENTED_EDGE ( 'NONE', *, *, #1046, .T. ) ;
#609 = DIRECTION ( 'NONE',  ( 1.000000000000000000, 0.000000000000000000, 0.000000000000000000 ) ) ;
#610 = CARTESIAN_POINT ( 'NONE',  ( 6.850000000000001421, 13.50000000000000888, 0.6213203435596423851 ) ) ;
#611 = DIRECTION ( 'NONE',  ( 0.000000000000000000, -0.000000000000000000, -1.000000000000000000 ) ) ;
#612 = COLOUR_RGB ( '',1.000000000000000000, 1.000000000000000000, 1.000000000000000000 ) ;
#613 = CARTESIAN_POINT ( 'NONE',  ( 4.700000000000002842, 23.90000000000007319, -6.500000000000002665 ) ) ;
#614 = LINE ( 'NONE', #753, #648 ) ;
#615 = AXIS2_PLACEMENT_3D ( 'NONE', #1376, #196, #712 ) ;
#616 = LINE ( 'NONE', #1263, #950 ) ;
#617 = LINE ( 'NONE', #498, #580 ) ;
#618 = VECTOR ( 'NONE', #688, 1000.000000000000000 ) ;
#619 = DIRECTION ( 'NONE',  ( 3.083952846180893053E-15, 1.000000000000000000, 0.000000000000000000 ) ) ;
#620 = ORIENTED_EDGE ( 'NONE', *, *, #1308, .T. ) ;
#621 = ORIENTED_EDGE ( 'NONE', *, *, #376, .T. ) ;
#622 = ORIENTED_EDGE ( 'NONE', *, *, #423, .T. ) ;
#623 = CARTESIAN_POINT ( 'NONE',  ( 4.500000000000000888, 27.10000000000000142, 4.999999999999999112 ) ) ;
#624 = ORIENTED_EDGE ( 'NONE', *, *, #510, .T. ) ;
#625 = EDGE_CURVE ( 'NONE', #1665, #221, #1508, .T. ) ;
#626 = ORIENTED_EDGE ( 'NONE', *, *, #1397, .T. ) ;
#627 = CARTESIAN_POINT ( 'NONE',  ( 4.500000000000000888, 27.10000000000000142, 4.999999999999999112 ) ) ;
#628 = DIRECTION ( 'NONE',  ( -1.000000000000000000, 0.000000000000000000, 0.000000000000000000 ) ) ;
#629 = FACE_BOUND ( 'NONE', #123, .T. ) ;
#630 = CIRCLE ( 'NONE', #1646, 1.149999999999999911 ) ;
#631 = EDGE_CURVE ( 'NONE', #350, #501, #75, .T. ) ;
#632 = DIRECTION ( 'NONE',  ( 0.000000000000000000, 1.000000000000000000, 0.000000000000000000 ) ) ;
#633 = FACE_OUTER_BOUND ( 'NONE', #58, .T. ) ;
#634 = VECTOR ( 'NONE', #343, 1000.000000000000000 ) ;
#635 = FACE_OUTER_BOUND ( 'NONE', #425, .T. ) ;
#636 = PRESENTATION_LAYER_ASSIGNMENT (  '', '', ( #33 ) ) ;
#637 = ORIENTED_EDGE ( 'NONE', *, *, #1202, .T. ) ;
#638 = VERTEX_POINT ( 'NONE', #307 ) ;
#639 = CARTESIAN_POINT ( 'NONE',  ( 5.799999999999999822, 12.05431677051991457, -4.599999999999999645 ) ) ;
#640 = ORIENTED_EDGE ( 'NONE', *, *, #516, .F. ) ;
#641 = ADVANCED_FACE ( 'NONE', ( #493 ), #974, .F. ) ;
#642 = ORIENTED_EDGE ( 'NONE', *, *, #644, .T. ) ;
#643 = ADVANCED_FACE ( 'NONE', ( #723 ), #1343, .F. ) ;
#644 = EDGE_CURVE ( 'NONE', #1424, #1591, #759, .T. ) ;
#645 = VERTEX_POINT ( 'NONE', #1372 ) ;
#646 = AXIS2_PLACEMENT_3D ( 'NONE', #1546, #619, #1674 ) ;
#647 = EDGE_CURVE ( 'NONE', #247, #1440, #1544, .T. ) ;
#648 = VECTOR ( 'NONE', #877, 1000.000000000000000 ) ;
#649 = DIRECTION ( 'NONE',  ( -1.000000000000000000, 0.000000000000000000, -0.000000000000000000 ) ) ;
#650 = FACE_OUTER_BOUND ( 'NONE', #891, .T. ) ;
#651 = FACE_OUTER_BOUND ( 'NONE', #562, .T. ) ;
#652 = CARTESIAN_POINT ( 'NONE',  ( 4.700000000000002842, 35.00000000000000000, -6.500000000000002665 ) ) ;
#653 = EDGE_CURVE ( 'NONE', #417, #39, #415, .T. ) ;
#654 = VERTEX_POINT ( 'NONE', #751 ) ;
#655 = CARTESIAN_POINT ( 'NONE',  ( 59.79999999999999716, 1.787499999998308109, 2.050000000000093525 ) ) ;
#656 = ORIENTED_EDGE ( 'NONE', *, *, #19, .T. ) ;
#657 = ADVANCED_FACE ( 'NONE', ( #117, #1415 ), #882, .F. ) ;
#658 = ORIENTED_EDGE ( 'NONE', *, *, #1574, .F. ) ;
#659 = CARTESIAN_POINT ( 'NONE',  ( -4.299999999999999822, 35.00000000000000000, 3.499999999999999556 ) ) ;
#660 = ORIENTED_EDGE ( 'NONE', *, *, #346, .F. ) ;
#661 = PLANE ( 'NONE',  #1290 ) ;
#662 = ORIENTED_EDGE ( 'NONE', *, *, #833, .F. ) ;
#663 = CARTESIAN_POINT ( 'NONE',  ( 0.6557438524298625504, 27.32253967444162157, 1.500000000000106803 ) ) ;
#664 = ORIENTED_EDGE ( 'NONE', *, *, #1689, .F. ) ;
#665 = DIRECTION ( 'NONE',  ( -1.000000000000000000, 0.000000000000000000, 0.000000000000000000 ) ) ;
#666 = AXIS2_PLACEMENT_3D ( 'NONE', #726, #85, #1552 ) ;
#667 = DIRECTION ( 'NONE',  ( 0.000000000000000000, 0.000000000000000000, 1.000000000000000000 ) ) ;
#668 = DIRECTION ( 'NONE',  ( 1.000000000000000000, -0.000000000000000000, -0.000000000000000000 ) ) ;
#669 = VECTOR ( 'NONE', #94, 1000.000000000000000 ) ;
#670 = PLANE ( 'NONE',  #110 ) ;
#671 = LINE ( 'NONE', #1298, #336 ) ;
#672 = LINE ( 'NONE', #810, #215 ) ;
#673 = VECTOR ( 'NONE', #1004, 1000.000000000000000 ) ;
#674 = CARTESIAN_POINT ( 'NONE',  ( 4.700000000000002842, 27.10000000000000142, -5.500000000000003553 ) ) ;
#675 = VECTOR ( 'NONE', #1583, 1000.000000000000000 ) ;
#676 = DIRECTION ( 'NONE',  ( -1.000000000000000000, 0.000000000000000000, -0.000000000000000000 ) ) ;
#677 = EDGE_LOOP ( 'NONE', ( #327, #1039, #1369, #906, #727 ) ) ;
#678 = DIRECTION ( 'NONE',  ( 0.000000000000000000, 0.000000000000000000, -1.000000000000000000 ) ) ;
#679 = AXIS2_PLACEMENT_3D ( 'NONE', #1520, #1664, #89 ) ;
#680 = ORIENTED_EDGE ( 'NONE', *, *, #909, .F. ) ;
#681 = CARTESIAN_POINT ( 'NONE',  ( 4.799999999999999822, 7.299999999997118572, -4.599999999999953459 ) ) ;
#682 = ORIENTED_EDGE ( 'NONE', *, *, #86, .F. ) ;
#683 = CARTESIAN_POINT ( 'NONE',  ( 4.500000000000000888, 26.80963797939843829, 1.500000000000106803 ) ) ;
#684 = ORIENTED_EDGE ( 'NONE', *, *, #868, .T. ) ;
#685 = ADVANCED_FACE ( 'NONE', ( #651 ), #902, .F. ) ;
#686 = ORIENTED_EDGE ( 'NONE', *, *, #1345, .F. ) ;
#687 = EDGE_CURVE ( 'NONE', #586, #1659, #514, .T. ) ;
#688 = DIRECTION ( 'NONE',  ( -0.000000000000000000, -0.000000000000000000, -1.000000000000000000 ) ) ;
#689 = SURFACE_SIDE_STYLE ('',( #762 ) ) ;
#690 = EDGE_CURVE ( 'NONE', #1099, #1489, #1276, .T. ) ;
#691 = CARTESIAN_POINT ( 'NONE',  ( 4.700000000000002842, 27.10000000000000142, -4.599999999999999645 ) ) ;
#692 = CARTESIAN_POINT ( 'NONE',  ( 7.699999999999998401, 1.787499999998308109, -1.699999999999823652 ) ) ;
#693 = DIRECTION ( 'NONE',  ( 0.000000000000000000, 0.000000000000000000, -1.000000000000000000 ) ) ;
#694 = DIRECTION ( 'NONE',  ( 1.000000000000000000, 0.000000000000000000, -0.000000000000000000 ) ) ;
#695 = VECTOR ( 'NONE', #585, 1000.000000000000000 ) ;
#696 = VECTOR ( 'NONE', #490, 1000.000000000000000 ) ;
#697 = VECTOR ( 'NONE', #1150, 1000.000000000000000 ) ;
#698 = ORIENTED_EDGE ( 'NONE', *, *, #963, .T. ) ;
#699 = DIRECTION ( 'NONE',  ( 0.000000000000000000, 0.000000000000000000, -1.000000000000000000 ) ) ;
#700 = CARTESIAN_POINT ( 'NONE',  ( -4.499999999999998224, 27.10000000000000142, 1.068393218340509376 ) ) ;
#701 = ORIENTED_EDGE ( 'NONE', *, *, #174, .T. ) ;
#702 = CARTESIAN_POINT ( 'NONE',  ( -5.799999999999999822, 26.10000000000000142, -6.500000000000002665 ) ) ;
#703 = ORIENTED_EDGE ( 'NONE', *, *, #86, .T. ) ;
#704 = AXIS2_PLACEMENT_3D ( 'NONE', #1225, #1494, #300 ) ;
#705 = ORIENTED_EDGE ( 'NONE', *, *, #631, .T. ) ;
#706 = CARTESIAN_POINT ( 'NONE',  ( 7.700000000000001066, 12.25400642056229472, 9.032291452420126987 ) ) ;
#707 = CARTESIAN_POINT ( 'NONE',  ( 0.000000000000000000, 10.39999999999716529, 0.000000000000000000 ) ) ;
#708 = ORIENTED_EDGE ( 'NONE', *, *, #145, .F. ) ;
#709 = ORIENTED_EDGE ( 'NONE', *, *, #1429, .T. ) ;
#710 = PLANE ( 'NONE',  #1432 ) ;
#711 = DIRECTION ( 'NONE',  ( 0.000000000000000000, 0.000000000000000000, -1.000000000000000000 ) ) ;
#712 = DIRECTION ( 'NONE',  ( 0.000000000000000000, 0.000000000000000000, 1.000000000000000000 ) ) ;
#713 = EDGE_CURVE ( 'NONE', #1347, #1066, #1383, .T. ) ;
#714 = CARTESIAN_POINT ( 'NONE',  ( 2.450000000000021494, 23.90000000000008029, -4.600000000000002309 ) ) ;
#715 = CARTESIAN_POINT ( 'NONE',  ( 6.200000000000001954, 13.50000000000000888, 9.032291452420126987 ) ) ;
#716 = AXIS2_PLACEMENT_3D ( 'NONE', #88, #334, #1380 ) ;
#717 = VECTOR ( 'NONE', #370, 1000.000000000000000 ) ;
#718 = DIRECTION ( 'NONE',  ( 0.000000000000000000, 0.000000000000000000, -1.000000000000000000 ) ) ;
#719 = VECTOR ( 'NONE', #289, 1000.000000000000000 ) ;
#720 = LINE ( 'NONE', #47, #1032 ) ;
#721 = DIRECTION ( 'NONE',  ( 0.000000000000000000, 0.000000000000000000, 1.000000000000000000 ) ) ;
#722 = CYLINDRICAL_SURFACE ( 'NONE', #1555, 1.149999999999999911 ) ;
#723 = FACE_OUTER_BOUND ( 'NONE', #1701, .T. ) ;
#724 = VERTEX_POINT ( 'NONE', #985 ) ;
#725 = CARTESIAN_POINT ( 'NONE',  ( 7.700000000000001066, 8.199999999999997513, 4.700000000000003730 ) ) ;
#726 = CARTESIAN_POINT ( 'NONE',  ( -5.799999999999999822, 26.10000000000000142, -5.500000000000002665 ) ) ;
#727 = ORIENTED_EDGE ( 'NONE', *, *, #1476, .T. ) ;
#728 = EDGE_CURVE ( 'NONE', #1139, #1155, #134, .T. ) ;
#729 = ORIENTED_EDGE ( 'NONE', *, *, #107, .F. ) ;
#730 = AXIS2_PLACEMENT_3D ( 'NONE', #1230, #1501, #1365 ) ;
#731 = VERTEX_POINT ( 'NONE', #1249 ) ;
#732 = PLANE ( 'NONE',  #1159 ) ;
#734 = VERTEX_POINT ( 'NONE', #1513 ) ;
#733 = CARTESIAN_POINT ( 'NONE',  ( 27.79999999999999716, 7.399999999997163513, -4.700000000000002842 ) ) ;
#735 = DIRECTION ( 'NONE',  ( -1.000000000000000000, 0.000000000000000000, 0.000000000000000000 ) ) ;
#736 = EDGE_CURVE ( 'NONE', #743, #607, #617, .T. ) ;
#737 = AXIS2_PLACEMENT_3D ( 'NONE', #1411, #368, #358 ) ;
#738 = FACE_OUTER_BOUND ( 'NONE', #187, .T. ) ;
#739 = DIRECTION ( 'NONE',  ( -1.000000000000000000, 0.000000000000000000, 0.000000000000000000 ) ) ;
#740 = CIRCLE ( 'NONE', #1145, 0.6499999999999986899 ) ;
#741 = DIRECTION ( 'NONE',  ( 0.000000000000000000, 0.000000000000000000, 1.000000000000000000 ) ) ;
#742 = CYLINDRICAL_SURFACE ( 'NONE', #98, 0.6499999999999986899 ) ;
#743 = VERTEX_POINT ( 'NONE', #210 ) ;
#744 = EDGE_LOOP ( 'NONE', ( #1532, #1245, #1302, #344 ) ) ;
#745 = EDGE_CURVE ( 'NONE', #350, #380, #997, .T. ) ;
#746 = EDGE_LOOP ( 'NONE', ( #1571, #806, #1661, #1685 ) ) ;
#747 = CARTESIAN_POINT ( 'NONE',  ( 4.799999999999999822, 0.000000000000000000, 0.000000000000000000 ) ) ;
#748 = PLANE ( 'NONE',  #737 ) ;
#749 = ORIENTED_EDGE ( 'NONE', *, *, #1013, .T. ) ;
#750 = EDGE_CURVE ( 'NONE', #731, #927, #1527, .T. ) ;
#751 = CARTESIAN_POINT ( 'NONE',  ( 4.500000000000000888, 27.10000000000000142, -1.668393218340296968 ) ) ;
#752 = ORIENTED_EDGE ( 'NONE', *, *, #434, .F. ) ;
#753 = CARTESIAN_POINT ( 'NONE',  ( 4.700000000000002842, 27.10000000000000142, 4.999999999999999112 ) ) ;
#754 = CARTESIAN_POINT ( 'NONE',  ( -11.76223106214611924, 24.60000000000000497, -0.2999999999998936850 ) ) ;
#755 = VECTOR ( 'NONE', #678, 1000.000000000000000 ) ;
#756 = DIRECTION ( 'NONE',  ( 0.000000000000000000, 0.000000000000000000, -1.000000000000000000 ) ) ;
#757 = ADVANCED_FACE ( 'NONE', ( #32 ), #1400, .T. ) ;
#758 = LINE ( 'NONE', #763, #669 ) ;
#759 = CIRCLE ( 'NONE', #273, 1.499999999999998668 ) ;
#760 = LINE ( 'NONE', #212, #416 ) ;
#761 = ORIENTED_EDGE ( 'NONE', *, *, #690, .T. ) ;
#762 = SURFACE_STYLE_FILL_AREA ( #433 ) ;
#763 = CARTESIAN_POINT ( 'NONE',  ( 59.79999999999999716, 1.787499999998308109, -1.699999999999823652 ) ) ;
#764 = ORIENTED_EDGE ( 'NONE', *, *, #1016, .T. ) ;
#765 = VERTEX_POINT ( 'NONE', #1284 ) ;
#766 = ORIENTED_EDGE ( 'NONE', *, *, #163, .T. ) ;
#767 = EDGE_CURVE ( 'NONE', #1005, #247, #1260, .T. ) ;
#768 = DIRECTION ( 'NONE',  ( 0.000000000000000000, 0.000000000000000000, 1.000000000000000000 ) ) ;
#769 = ORIENTED_EDGE ( 'NONE', *, *, #1601, .F. ) ;
#770 = CARTESIAN_POINT ( 'NONE',  ( 4.500000000000000888, 10.39999999999716529, 3.400000000000000799 ) ) ;
#771 = ORIENTED_EDGE ( 'NONE', *, *, #856, .T. ) ;
#772 = CARTESIAN_POINT ( 'NONE',  ( 2.449999999999983302, 13.10000000000004228, -6.500000000000002665 ) ) ;
#773 = PLANE ( 'NONE',  #1205 ) ;
#774 = EDGE_CURVE ( 'NONE', #743, #654, #220, .T. ) ;
#775 = PLANE ( 'NONE',  #1542 ) ;
#776 = EDGE_CURVE ( 'NONE', #645, #1107, #1438, .T. ) ;
#777 = CARTESIAN_POINT ( 'NONE',  ( 4.500000000000000888, 27.10000000000000142, -4.599999999999999645 ) ) ;
#778 = FACE_OUTER_BOUND ( 'NONE', #930, .T. ) ;
#779 = LINE ( 'NONE', #1232, #599 ) ;
#780 = LINE ( 'NONE', #1472, #1053 ) ;
#781 = AXIS2_PLACEMENT_3D ( 'NONE', #1695, #1163, #389 ) ;
#782 = ORIENTED_EDGE ( 'NONE', *, *, #1227, .F. ) ;
#783 = ORIENTED_EDGE ( 'NONE', *, *, #1183, .F. ) ;
#784 = CARTESIAN_POINT ( 'NONE',  ( 5.799999999999999822, -0.8000000000000000444, 3.400000000000000799 ) ) ;
#785 = CARTESIAN_POINT ( 'NONE',  ( 4.799999999999999822, 6.899999999997156408, 3.399999999999954614 ) ) ;
#786 = ORIENTED_EDGE ( 'NONE', *, *, #1128, .T. ) ;
#787 = ORIENTED_EDGE ( 'NONE', *, *, #1370, .T. ) ;
#788 = CARTESIAN_POINT ( 'NONE',  ( 5.799999999999999822, 10.39999999999716529, 34.56082678753426052 ) ) ;
#789 = ORIENTED_EDGE ( 'NONE', *, *, #594, .F. ) ;
#790 = ADVANCED_FACE ( 'NONE', ( #359 ), #932, .T. ) ;
#791 = CARTESIAN_POINT ( 'NONE',  ( 5.799999999999999822, 27.10000000000000142, 4.999999999999999112 ) ) ;
#792 = AXIS2_PLACEMENT_3D ( 'NONE', #1142, #503, #741 ) ;
#793 = CARTESIAN_POINT ( 'NONE',  ( 4.799999999999998934, 1.787499999998308109, -2.849999999999823785 ) ) ;
#794 = CARTESIAN_POINT ( 'NONE',  ( 5.799999999999999822, 12.05431677051991457, 34.56082678753426052 ) ) ;
#795 = DIRECTION ( 'NONE',  ( -1.000000000000000000, 0.000000000000000000, 0.000000000000000000 ) ) ;
#796 = VECTOR ( 'NONE', #1141, 1000.000000000000000 ) ;
#797 = CIRCLE ( 'NONE', #1165, 1.149999999999999911 ) ;
#798 = EDGE_CURVE ( 'NONE', #587, #444, #1034, .T. ) ;
#799 = COLOUR_RGB ( '',1.000000000000000000, 1.000000000000000000, 1.000000000000000000 ) ;
#800 = CARTESIAN_POINT ( 'NONE',  ( 8.673617379884035472E-16, 20.10000000000000497, 1.500000000000106803 ) ) ;
#801 = EDGE_LOOP ( 'NONE', ( #1654, #642, #803, #1662 ) ) ;
#802 = CARTESIAN_POINT ( 'NONE',  ( 7.700000000000001066, 24.60000000000000497, -0.2999999999998936850 ) ) ;
#803 = ORIENTED_EDGE ( 'NONE', *, *, #217, .F. ) ;
#804 = ORIENTED_EDGE ( 'NONE', *, *, #1086, .F. ) ;
#805 = CARTESIAN_POINT ( 'NONE',  ( 7.699999999999998401, 1.787499999998308109, -2.849999999999823785 ) ) ;
#806 = ORIENTED_EDGE ( 'NONE', *, *, #1006, .F. ) ;
#807 = ORIENTED_EDGE ( 'NONE', *, *, #1656, .F. ) ;
#808 = EDGE_CURVE ( 'NONE', #1224, #765, #1361, .T. ) ;
#809 = DIRECTION ( 'NONE',  ( 0.000000000000000000, 0.000000000000000000, 1.000000000000000000 ) ) ;
#810 = CARTESIAN_POINT ( 'NONE',  ( 4.799999999999998934, 4.374999999996528999, 0.8749999999993640643 ) ) ;
#811 = AXIS2_PLACEMENT_3D ( 'NONE', #1604, #541, #809 ) ;
#812 = ADVANCED_FACE ( 'NONE', ( #341 ), #1328, .F. ) ;
#813 = DIRECTION ( 'NONE',  ( 0.000000000000000000, 1.000000000000000000, 0.000000000000000000 ) ) ;
#814 = CARTESIAN_POINT ( 'NONE',  ( 5.799999999999999822, 12.05431677051991457, 3.399999999999955058 ) ) ;
#815 = LINE ( 'NONE', #1338, #1051 ) ;
#816 = DIRECTION ( 'NONE',  ( 0.000000000000000000, 0.000000000000000000, -1.000000000000000000 ) ) ;
#817 = LINE ( 'NONE', #706, #1095 ) ;
#818 = CARTESIAN_POINT ( 'NONE',  ( 6.850000000000001421, 13.50000000000000888, -1.500000000000002220 ) ) ;
#819 = EDGE_CURVE ( 'NONE', #17, #978, #923, .T. ) ;
#820 = LINE ( 'NONE', #440, #863 ) ;
#821 = LINE ( 'NONE', #276, #675 ) ;
#822 =( NAMED_UNIT ( * ) PLANE_ANGLE_UNIT ( ) SI_UNIT ( $, .RADIAN. ) );
#823 = VERTEX_POINT ( 'NONE', #1047 ) ;
#824 = AXIS2_PLACEMENT_3D ( 'NONE', #420, #1192, #1324 ) ;
#825 = EDGE_LOOP ( 'NONE', ( #1548, #567, #1441, #783, #1135, #180 ) ) ;
#826 = CARTESIAN_POINT ( 'NONE',  ( 0.000000000000000000, 21.10000000000000142, 1.500000000000106803 ) ) ;
#827 = DIRECTION ( 'NONE',  ( 0.000000000000000000, 0.000000000000000000, 1.000000000000000000 ) ) ;
#828 = VERTEX_POINT ( 'NONE', #395 ) ;
#829 = CARTESIAN_POINT ( 'NONE',  ( 2.450000000000009504, 19.80000000000000426, -6.500000000000002665 ) ) ;
#830 = ORIENTED_EDGE ( 'NONE', *, *, #174, .F. ) ;
#831 = VERTEX_POINT ( 'NONE', #1184 ) ;
#832 = DIRECTION ( 'NONE',  ( -0.000000000000000000, -0.000000000000000000, 1.000000000000000000 ) ) ;
#833 = EDGE_CURVE ( 'NONE', #1419, #360, #323, .T. ) ;
#834 =( NAMED_UNIT ( * ) SI_UNIT ( $, .STERADIAN. ) SOLID_ANGLE_UNIT ( ) );
#835 = DIRECTION ( 'NONE',  ( 0.000000000000000000, 1.000000000000000000, 0.000000000000000000 ) ) ;
#836 = VECTOR ( 'NONE', #1480, 1000.000000000000000 ) ;
#837 = DIRECTION ( 'NONE',  ( 0.000000000000000000, 0.000000000000000000, 1.000000000000000000 ) ) ;
#838 = VECTOR ( 'NONE', #918, 1000.000000000000000 ) ;
#839 = DIRECTION ( 'NONE',  ( 1.000000000000000000, -3.083952846180892659E-15, 0.000000000000000000 ) ) ;
#840 = VECTOR ( 'NONE', #35, 1000.000000000000114 ) ;
#841 = VECTOR ( 'NONE', #1234, 1000.000000000000000 ) ;
#842 = VERTEX_POINT ( 'NONE', #674 ) ;
#843 = CARTESIAN_POINT ( 'NONE',  ( -2.299999999999998934, 12.25400642056229472, 6.500000000000002665 ) ) ;
#844 = LINE ( 'NONE', #314, #1256 ) ;
#845 = DIRECTION ( 'NONE',  ( 0.000000000000000000, -0.000000000000000000, -1.000000000000000000 ) ) ;
#846 = ORIENTED_EDGE ( 'NONE', *, *, #774, .T. ) ;
#847 =( LENGTH_UNIT ( ) NAMED_UNIT ( * ) SI_UNIT ( .MILLI., .METRE. ) );
#848 = ORIENTED_EDGE ( 'NONE', *, *, #959, .F. ) ;
#849 = AXIS2_PLACEMENT_3D ( 'NONE', #1220, #1609, #837 ) ;
#850 = ORIENTED_EDGE ( 'NONE', *, *, #767, .F. ) ;
#851 = CARTESIAN_POINT ( 'NONE',  ( 4.500000000000000888, 28.15224063634711271, -2.099999999999894396 ) ) ;
#852 = CARTESIAN_POINT ( 'NONE',  ( 6.200000000000001954, 13.50000000000000888, -6.500000000000002665 ) ) ;
#853 = ORIENTED_EDGE ( 'NONE', *, *, #1564, .F. ) ;
#854 = ORIENTED_EDGE ( 'NONE', *, *, #1213, .T. ) ;
#855 = CARTESIAN_POINT ( 'NONE',  ( 1.609347693943206314, 21.10000000000000142, -2.099999999999894396 ) ) ;
#856 = EDGE_CURVE ( 'NONE', #1344, #960, #821, .T. ) ;
#857 = CARTESIAN_POINT ( 'NONE',  ( -4.499999999999998224, 21.09999999999999787, 1.500000000000106803 ) ) ;
#858 = EDGE_CURVE ( 'NONE', #1139, #1684, #259, .T. ) ;
#859 = CARTESIAN_POINT ( 'NONE',  ( -2.299999999999998934, 8.199999999999997513, 4.700000000000003730 ) ) ;
#860 = LINE ( 'NONE', #1287, #945 ) ;
#861 = FACE_OUTER_BOUND ( 'NONE', #1123, .T. ) ;
#862 = CYLINDRICAL_SURFACE ( 'NONE', #310, 1.149999999999999911 ) ;
#863 = VECTOR ( 'NONE', #63, 1000.000000000000000 ) ;
#864 = VECTOR ( 'NONE', #1549, 1000.000000000000000 ) ;
#865 = EDGE_CURVE ( 'NONE', #181, #417, #880, .T. ) ;
#866 = PLANE ( 'NONE',  #716 ) ;
#867 = VERTEX_POINT ( 'NONE', #313 ) ;
#868 = EDGE_CURVE ( 'NONE', #260, #1489, #1566, .T. ) ;
#869 = EDGE_LOOP ( 'NONE', ( #470, #1528, #786, #846 ) ) ;
#870 = ORIENTED_EDGE ( 'NONE', *, *, #1105, .T. ) ;
#871 = PRODUCT_DEFINITION_FORMATION_WITH_SPECIFIED_SOURCE ( '任何', '', #936, .NOT_KNOWN. ) ;
#873 = VERTEX_POINT ( 'NONE', #770 ) ;
#872 = CARTESIAN_POINT ( 'NONE',  ( 59.79999999999999716, 1.787499999998308109, -2.849999999999823785 ) ) ;
#874 = DIRECTION ( 'NONE',  ( -1.000000000000000000, 0.000000000000000000, 0.000000000000000000 ) ) ;
#875 = CARTESIAN_POINT ( 'NONE',  ( 59.79999999999999716, 1.787499999998308331, 0.9000000000000933920 ) ) ;
#876 = LINE ( 'NONE', #1026, #453 ) ;
#877 = DIRECTION ( 'NONE',  ( 0.000000000000000000, -0.000000000000000000, -1.000000000000000000 ) ) ;
#878 = VECTOR ( 'NONE', #1289, 1000.000000000000000 ) ;
#879 = CARTESIAN_POINT ( 'NONE',  ( 7.700000000000001066, 13.50000000000000888, -6.500000000000005329 ) ) ;
#880 = LINE ( 'NONE', #1093, #1219 ) ;
#881 = ORIENTED_EDGE ( 'NONE', *, *, #506, .F. ) ;
#882 = PLANE ( 'NONE',  #939 ) ;
#883 = ORIENTED_EDGE ( 'NONE', *, *, #253, .T. ) ;
#884 = ORIENTED_EDGE ( 'NONE', *, *, #262, .F. ) ;
#885 = CARTESIAN_POINT ( 'NONE',  ( -4.499999999999998224, 27.10000000000000853, 1.500000000000106803 ) ) ;
#886 = DIRECTION ( 'NONE',  ( -0.000000000000000000, -0.000000000000000000, 1.000000000000000000 ) ) ;
#887 = ORIENTED_EDGE ( 'NONE', *, *, #1210, .F. ) ;
#888 = AXIS2_PLACEMENT_3D ( 'NONE', #451, #1491, #827 ) ;
#889 = ORIENTED_EDGE ( 'NONE', *, *, #1473, .T. ) ;
#890 = AXIS2_PLACEMENT_3D ( 'NONE', #37, #943, #170 ) ;
#891 = EDGE_LOOP ( 'NONE', ( #1325, #184, #78, #703, #883 ) ) ;
#892 = CARTESIAN_POINT ( 'NONE',  ( 7.699999999999998401, 1.787499999998308331, 0.9000000000000933920 ) ) ;
#893 = ADVANCED_FACE ( 'NONE', ( #479 ), #138, .T. ) ;
#894 = DIRECTION ( 'NONE',  ( 0.000000000000000000, -0.000000000000000000, -1.000000000000000000 ) ) ;
#895 = EDGE_CURVE ( 'NONE', #980, #1139, #1172, .T. ) ;
#896 = DIRECTION ( 'NONE',  ( -0.000000000000000000, -1.000000000000000000, -0.000000000000000000 ) ) ;
#897 = DIRECTION ( 'NONE',  ( 0.000000000000000000, 0.000000000000000000, -1.000000000000000000 ) ) ;
#898 = FACE_OUTER_BOUND ( 'NONE', #159, .T. ) ;
#899 = AXIS2_PLACEMENT_3D ( 'NONE', #747, #628, #1672 ) ;
#900 = LINE ( 'NONE', #785, #1461 ) ;
#901 = FACE_OUTER_BOUND ( 'NONE', #1702, .T. ) ;
#902 = CYLINDRICAL_SURFACE ( 'NONE', #1065, 1.100000000000000089 ) ;
#903 = DIRECTION ( 'NONE',  ( -1.000000000000000000, 0.000000000000000000, 0.000000000000000000 ) ) ;
#904 = ORIENTED_EDGE ( 'NONE', *, *, #1308, .F. ) ;
#905 = DIRECTION ( 'NONE',  ( 1.000000000000000000, -0.000000000000000000, -0.000000000000000000 ) ) ;
#906 = ORIENTED_EDGE ( 'NONE', *, *, #1515, .T. ) ;
#907 = ORIENTED_EDGE ( 'NONE', *, *, #44, .F. ) ;
#908 = ADVANCED_FACE ( 'NONE', ( #1012, #1098 ), #773, .T. ) ;
#909 = EDGE_CURVE ( 'NONE', #638, #1550, #1694, .T. ) ;
#910 = DIRECTION ( 'NONE',  ( 0.000000000000000000, -1.000000000000000000, 0.000000000000000000 ) ) ;
#911 = ORIENTED_EDGE ( 'NONE', *, *, #728, .T. ) ;
#912 = CARTESIAN_POINT ( 'NONE',  ( 7.700000000000001066, 14.74599357943772304, -6.500000000000005329 ) ) ;
#913 = AXIS2_PLACEMENT_3D ( 'NONE', #2, #1045, #1561 ) ;
#914 = ORIENTED_EDGE ( 'NONE', *, *, #986, .T. ) ;
#915 = CARTESIAN_POINT ( 'NONE',  ( 4.799999999999998934, 1.787499999998308109, 3.200000000000093436 ) ) ;
#916 = DIRECTION ( 'NONE',  ( 0.000000000000000000, -0.7071067811865276997, 0.7071067811865674457 ) ) ;
#917 = CARTESIAN_POINT ( 'NONE',  ( 4.500000000000000888, 20.10000000000000497, -2.099999999999894396 ) ) ;
#918 = DIRECTION ( 'NONE',  ( 0.000000000000000000, -1.000000000000000000, -0.000000000000000000 ) ) ;
#919 = EDGE_CURVE ( 'NONE', #13, #1101, #236, .T. ) ;
#920 = FACE_OUTER_BOUND ( 'NONE', #1262, .T. ) ;
#921 = CARTESIAN_POINT ( 'NONE',  ( 7.700000000000001066, 27.10000000000000142, -2.700000000000002842 ) ) ;
#922 = FACE_OUTER_BOUND ( 'NONE', #82, .T. ) ;
#923 = LINE ( 'NONE', #788, #1630 ) ;
#924 = AXIS2_PLACEMENT_3D ( 'NONE', #1307, #507, #1428 ) ;
#925 = ORIENTED_EDGE ( 'NONE', *, *, #644, .F. ) ;
#926 = DIRECTION ( 'NONE',  ( 0.000000000000000000, 1.000000000000000000, 0.000000000000000000 ) ) ;
#927 = VERTEX_POINT ( 'NONE', #129 ) ;
#928 = DIRECTION ( 'NONE',  ( 0.000000000000000000, -0.000000000000000000, -1.000000000000000000 ) ) ;
#929 = ADVANCED_FACE ( 'NONE', ( #1340 ), #742, .F. ) ;
#930 = EDGE_LOOP ( 'NONE', ( #1251, #1611, #1320, #1178, #1678 ) ) ;
#931 = CARTESIAN_POINT ( 'NONE',  ( 6.200000000000001954, 13.50000000000000888, -6.500000000000002665 ) ) ;
#932 = PLANE ( 'NONE',  #222 ) ;
#933 = ORIENTED_EDGE ( 'NONE', *, *, #1183, .T. ) ;
#934 = CARTESIAN_POINT ( 'NONE',  ( 4.500000000000000888, 0.000000000000000000, -4.599999999999999645 ) ) ;
#935 = CARTESIAN_POINT ( 'NONE',  ( 5.799999999999999822, 10.39999999999716529, 3.400000000000000799 ) ) ;
#936 = PRODUCT ( '断料前', '断料前', '', ( #60 ) ) ;
#937 = ORIENTED_EDGE ( 'NONE', *, *, #306, .F. ) ;
#938 = EDGE_LOOP ( 'NONE', ( #848, #1067, #137, #624 ) ) ;
#939 = AXIS2_PLACEMENT_3D ( 'NONE', #1279, #1538, #1242 ) ;
#940 = ADVANCED_FACE ( 'NONE', ( #635 ), #661, .T. ) ;
#941 = DIRECTION ( 'NONE',  ( 1.000000000000000000, 0.000000000000000000, 0.000000000000000000 ) ) ;
#942 = DIRECTION ( 'NONE',  ( -0.000000000000000000, -1.000000000000000000, -0.000000000000000000 ) ) ;
#943 = DIRECTION ( 'NONE',  ( 7.528146729520068919E-16, -1.000000000000000000, 0.000000000000000000 ) ) ;
#944 = EDGE_CURVE ( 'NONE', #501, #1467, #92, .T. ) ;
#945 = VECTOR ( 'NONE', #363, 1000.000000000000000 ) ;
#946 = VECTOR ( 'NONE', #926, 1000.000000000000000 ) ;
#947 = FACE_OUTER_BOUND ( 'NONE', #1493, .T. ) ;
#948 = DIRECTION ( 'NONE',  ( 0.000000000000000000, -1.000000000000000000, 0.000000000000000000 ) ) ;
#949 = EDGE_CURVE ( 'NONE', #1424, #1471, #393, .T. ) ;
#950 = VECTOR ( 'NONE', #113, 1000.000000000000000 ) ;
#951 = VECTOR ( 'NONE', #1580, 1000.000000000000000 ) ;
#952 = ORIENTED_EDGE ( 'NONE', *, *, #1295, .F. ) ;
#953 = CARTESIAN_POINT ( 'NONE',  ( 4.799999999999998934, 1.787499999998308109, -1.699999999999823652 ) ) ;
#954 = ORIENTED_EDGE ( 'NONE', *, *, #262, .T. ) ;
#955 = CARTESIAN_POINT ( 'NONE',  ( 4.500000000000000888, 27.10000000000000142, 1.068393218340509376 ) ) ;
#956 = ORIENTED_EDGE ( 'NONE', *, *, #41, .F. ) ;
#957 = VERTEX_POINT ( 'NONE', #291 ) ;
#958 = CARTESIAN_POINT ( 'NONE',  ( 7.700000000000001066, 27.10000000000000142, 34.56082678753426052 ) ) ;
#959 = EDGE_CURVE ( 'NONE', #587, #1137, #1585, .T. ) ;
#960 = VERTEX_POINT ( 'NONE', #272 ) ;
#961 = CARTESIAN_POINT ( 'NONE',  ( 5.799999999999999822, 10.39999999999716529, -4.700000000000001066 ) ) ;
#962 = SURFACE_STYLE_USAGE ( .BOTH. , #689 ) ;
#963 = EDGE_CURVE ( 'NONE', #724, #734, #299, .T. ) ;
#964 = CARTESIAN_POINT ( 'NONE',  ( 4.500000000000000888, 10.39999999999716529, -4.599999999999999645 ) ) ;
#965 = CARTESIAN_POINT ( 'NONE',  ( -4.499999999999998224, 26.80963797939843829, 1.500000000000106803 ) ) ;
#966 = PRODUCT_RELATED_PRODUCT_CATEGORY ( 'part', '', ( #936 ) ) ;
#967 =( NAMED_UNIT ( * ) SI_UNIT ( $, .STERADIAN. ) SOLID_ANGLE_UNIT ( ) );
#968 = SURFACE_STYLE_FILL_AREA ( #54 ) ;
#969 = CARTESIAN_POINT ( 'NONE',  ( 4.500000000000000888, 20.10000000000000497, 1.500000000000106803 ) ) ;
#970 = LINE ( 'NONE', #623, #1502 ) ;
#971 = DIRECTION ( 'NONE',  ( -1.000000000000000000, 0.000000000000000000, -0.000000000000000000 ) ) ;
#972 = VECTOR ( 'NONE', #593, 1000.000000000000000 ) ;
#973 = VECTOR ( 'NONE', #795, 1000.000000000000000 ) ;
#974 = PLANE ( 'NONE',  #1499 ) ;
#975 = ORIENTED_EDGE ( 'NONE', *, *, #575, .T. ) ;
#976 = SURFACE_SIDE_STYLE ('',( #968 ) ) ;
#977 = CLOSED_SHELL ( 'NONE', ( #929, #685, #1605, #292, #369, #1200, #940, #1306, #1596, #526, #1454, #908, #1209, #641, #248, #140, #128, #1554, #1124, #657, #1474, #998, #401, #1430, #1412, #1557, #790, #893, #1143, #1170, #115, #643, #267, #426, #1027, #252, #812, #1023, #1059, #757, #1334, #1436, #1189, #1309, #519, #322, #150, #1541, #269, #1179, #183 ) ) ;
#978 = VERTEX_POINT ( 'NONE', #1316 ) ;
#979 = DIRECTION ( 'NONE',  ( 0.000000000000000000, 0.000000000000000000, -1.000000000000000000 ) ) ;
#980 = VERTEX_POINT ( 'NONE', #1446 ) ;
#981 = DIRECTION ( 'NONE',  ( 0.000000000000000000, 0.000000000000000000, 1.000000000000000000 ) ) ;
#982 = ORIENTED_EDGE ( 'NONE', *, *, #227, .T. ) ;
#983 = CARTESIAN_POINT ( 'NONE',  ( 7.700000000000001066, 4.374999999996528999, 34.56082678753426052 ) ) ;
#984 = DIRECTION ( 'NONE',  ( -1.000000000000000000, 0.000000000000000000, 0.000000000000000000 ) ) ;
#985 = CARTESIAN_POINT ( 'NONE',  ( 5.700000000000001066, 15.59999999999999787, -6.500000000000003553 ) ) ;
#986 = EDGE_CURVE ( 'NONE', #500, #1440, #780, .T. ) ;
#987 = APPLICATION_CONTEXT ( 'automotive_design' ) ;
#988 = AXIS2_PLACEMENT_3D ( 'NONE', #1303, #910, #1556 ) ;
#989 = DIRECTION ( 'NONE',  ( -1.000000000000000000, -0.000000000000000000, -0.000000000000000000 ) ) ;
#990 = DIRECTION ( 'NONE',  ( 0.000000000000000000, 0.000000000000000000, 1.000000000000000000 ) ) ;
#991 = VECTOR ( 'NONE', #486, 1000.000000000000000 ) ;
#992 = CYLINDRICAL_SURFACE ( 'NONE', #122, 1.149999999999999911 ) ;
#993 = CIRCLE ( 'NONE', #730, 1.149999999999999911 ) ;
#994 = UNCERTAINTY_MEASURE_WITH_UNIT (LENGTH_MEASURE( 1.000000000000000082E-05 ), #1094, 'distance_accuracy_value', 'NONE');
#995 = LINE ( 'NONE', #996, #972 ) ;
#996 = CARTESIAN_POINT ( 'NONE',  ( 4.799999999999999822, -0.7999999999999596323, -4.599999999999953459 ) ) ;
#997 = LINE ( 'NONE', #875, #1608 ) ;
#998 = ADVANCED_FACE ( 'NONE', ( #278 ), #862, .F. ) ;
#999 = EDGE_CURVE ( 'NONE', #221, #1509, #175, .T. ) ;
#1000 = ORIENTED_EDGE ( 'NONE', *, *, #963, .F. ) ;
#1001 = ORIENTED_EDGE ( 'NONE', *, *, #474, .T. ) ;
#1002 = VERTEX_POINT ( 'NONE', #921 ) ;
#1003 = DIRECTION ( 'NONE',  ( 0.000000000000000000, 0.000000000000000000, -1.000000000000000000 ) ) ;
#1004 = DIRECTION ( 'NONE',  ( -0.000000000000000000, -0.000000000000000000, -1.000000000000000000 ) ) ;
#1005 = VERTEX_POINT ( 'NONE', #151 ) ;
#1006 = EDGE_CURVE ( 'NONE', #1391, #76, #132, .T. ) ;
#1007 = DIRECTION ( 'NONE',  ( -1.000000000000000000, 0.000000000000000000, 1.369518533665899424E-15 ) ) ;
#1008 = AXIS2_PLACEMENT_3D ( 'NONE', #396, #942, #667 ) ;
#1009 = CARTESIAN_POINT ( 'NONE',  ( 5.700000000000001066, 26.10000000000000142, -6.500000000000003553 ) ) ;
#1010 = FACE_OUTER_BOUND ( 'NONE', #1241, .T. ) ;
#1011 = LINE ( 'NONE', #482, #673 ) ;
#1012 = FACE_OUTER_BOUND ( 'NONE', #405, .T. ) ;
#1013 = EDGE_CURVE ( 'NONE', #202, #1642, #1379, .T. ) ;
#1014 = VERTEX_POINT ( 'NONE', #1594 ) ;
#1015 = ORIENTED_EDGE ( 'NONE', *, *, #1041, .F. ) ;
#1016 = EDGE_CURVE ( 'NONE', #1405, #1140, #1194, .T. ) ;
#1017 = ORIENTED_EDGE ( 'NONE', *, *, #1223, .F. ) ;
#1018 = CARTESIAN_POINT ( 'NONE',  ( 4.700000000000002842, 13.50000000000000888, -4.599999999999999645 ) ) ;
#1019 = ORIENTED_EDGE ( 'NONE', *, *, #865, .F. ) ;
#1020 = DIRECTION ( 'NONE',  ( 1.000000000000000000, -0.000000000000000000, 0.000000000000000000 ) ) ;
#1022 = ORIENTED_EDGE ( 'NONE', *, *, #919, .F. ) ;
#1021 = DIRECTION ( 'NONE',  ( 0.000000000000000000, 0.000000000000000000, 1.000000000000000000 ) ) ;
#1023 = ADVANCED_FACE ( 'NONE', ( #195 ), #424, .F. ) ;
#1024 = ORIENTED_EDGE ( 'NONE', *, *, #431, .F. ) ;
#1025 = CARTESIAN_POINT ( 'NONE',  ( -11.76223106214611924, 27.10000000000000142, -1.668393218340296968 ) ) ;
#1026 = CARTESIAN_POINT ( 'NONE',  ( 5.799999999999999822, 27.10000000000000142, 3.400000000000000799 ) ) ;
#1027 = ADVANCED_FACE ( 'NONE', ( #778 ), #670, .F. ) ;
#1028 = LINE ( 'NONE', #1576, #213 ) ;
#1029 = CARTESIAN_POINT ( 'NONE',  ( 1.609347693943206314, 20.10000000000000497, -2.099999999999894396 ) ) ;
#1030 = FACE_OUTER_BOUND ( 'NONE', #311, .T. ) ;
#1031 = CARTESIAN_POINT ( 'NONE',  ( -2.299999999999998934, -0.8000000000000020428, 4.700000000000004619 ) ) ;
#1032 = VECTOR ( 'NONE', #1353, 1000.000000000000000 ) ;
#1033 = VECTOR ( 'NONE', #1497, 1000.000000000000000 ) ;
#1034 = LINE ( 'NONE', #663, #1318 ) ;
#1035 = VERTEX_POINT ( 'NONE', #1075 ) ;
#1036 = EDGE_CURVE ( 'NONE', #960, #1099, #297, .T. ) ;
#1037 = EDGE_LOOP ( 'NONE', ( #1460, #446, #1118, #1444, #1613, #147 ) ) ;
#1038 = DIRECTION ( 'NONE',  ( 0.000000000000000000, 0.000000000000000000, 1.000000000000000000 ) ) ;
#1039 = ORIENTED_EDGE ( 'NONE', *, *, #713, .T. ) ;
#1040 = CARTESIAN_POINT ( 'NONE',  ( 6.200000000000001954, 13.50000000000000888, 0.6213203435596423851 ) ) ;
#1041 = EDGE_CURVE ( 'NONE', #1682, #831, #720, .T. ) ;
#1042 = EDGE_LOOP ( 'NONE', ( #362, #1243, #608, #1024 ) ) ;
#1043 = ORIENTED_EDGE ( 'NONE', *, *, #551, .F. ) ;
#1044 = CARTESIAN_POINT ( 'NONE',  ( 4.799999999999999822, -0.7999999999999596323, 3.399999999999954614 ) ) ;
#1045 = DIRECTION ( 'NONE',  ( 0.000000000000000000, 0.000000000000000000, -1.000000000000000000 ) ) ;
#1046 = EDGE_CURVE ( 'NONE', #1323, #39, #71, .T. ) ;
#1047 = CARTESIAN_POINT ( 'NONE',  ( 4.799999999999998934, 6.899999999997156408, 3.399999999999954614 ) ) ;
#1048 = DIRECTION ( 'NONE',  ( -1.000000000000000000, 0.000000000000000000, -0.000000000000000000 ) ) ;
#1049 = EDGE_CURVE ( 'NONE', #1002, #583, #556, .T. ) ;
#1050 = DIRECTION ( 'NONE',  ( -1.000000000000000000, -0.000000000000000000, -0.000000000000000000 ) ) ;
#1051 = VECTOR ( 'NONE', #302, 1000.000000000000000 ) ;
#1052 = AXIS2_PLACEMENT_3D ( 'NONE', #1314, #124, #1579 ) ;
#1053 = VECTOR ( 'NONE', #553, 1000.000000000000000 ) ;
#1054 = DIRECTION ( 'NONE',  ( 0.000000000000000000, -0.000000000000000000, 1.000000000000000000 ) ) ;
#1055 = LINE ( 'NONE', #879, #696 ) ;
#1056 = VECTOR ( 'NONE', #845, 1000.000000000000000 ) ;
#1057 = PLANE ( 'NONE',  #1052 ) ;
#1058 = ORIENTED_EDGE ( 'NONE', *, *, #1202, .F. ) ;
#1059 = ADVANCED_FACE ( 'NONE', ( #476 ), #373, .F. ) ;
#1060 = ORIENTED_EDGE ( 'NONE', *, *, #542, .F. ) ;
#1061 = DIRECTION ( 'NONE',  ( -0.000000000000000000, 0.000000000000000000, 1.000000000000000000 ) ) ;
#1062 = ORIENTED_EDGE ( 'NONE', *, *, #1370, .F. ) ;
#1063 = ORIENTED_EDGE ( 'NONE', *, *, #1375, .T. ) ;
#1064 = CARTESIAN_POINT ( 'NONE',  ( 5.799999999999999822, 12.25400642056229472, 34.56082678753426052 ) ) ;
#1065 = AXIS2_PLACEMENT_3D ( 'NONE', #331, #591, #721 ) ;
#1066 = VERTEX_POINT ( 'NONE', #691 ) ;
#1067 = ORIENTED_EDGE ( 'NONE', *, *, #163, .F. ) ;
#1068 = DIRECTION ( 'NONE',  ( 1.000000000000000000, 0.000000000000000000, -0.000000000000000000 ) ) ;
#1069 = DIRECTION ( 'NONE',  ( 1.000000000000000000, -0.000000000000000000, 0.000000000000000000 ) ) ;
#1070 = DIRECTION ( 'NONE',  ( -1.000000000000000000, 0.000000000000000000, 0.000000000000000000 ) ) ;
#1071 = EDGE_CURVE ( 'NONE', #1035, #1266, #1459, .T. ) ;
#1072 = CARTESIAN_POINT ( 'NONE',  ( 5.700000000000001066, 27.10000000000000497, -4.700000000000001066 ) ) ;
#1073 = PLANE ( 'NONE',  #890 ) ;
#1074 = LINE ( 'NONE', #598, #1293 ) ;
#1075 = CARTESIAN_POINT ( 'NONE',  ( -4.499999999999998224, 21.10000000000000142, -2.099999999999894396 ) ) ;
#1076 = LINE ( 'NONE', #1329, #1193 ) ;
#1077 = LINE ( 'NONE', #983, #1149 ) ;
#1078 = AXIS2_PLACEMENT_3D ( 'NONE', #794, #435, #23 ) ;
#1079 = ORIENTED_EDGE ( 'NONE', *, *, #687, .T. ) ;
#1080 = VECTOR ( 'NONE', #1475, 1000.000000000000000 ) ;
#1081 = DIRECTION ( 'NONE',  ( 0.000000000000000000, 0.7071067811865474617, 0.7071067811865474617 ) ) ;
#1082 = ORIENTED_EDGE ( 'NONE', *, *, #653, .T. ) ;
#1083 = ORIENTED_EDGE ( 'NONE', *, *, #1164, .T. ) ;
#1084 = CARTESIAN_POINT ( 'NONE',  ( 4.500000000000000888, 0.000000000000000000, 0.000000000000000000 ) ) ;
#1085 = ORIENTED_EDGE ( 'NONE', *, *, #1257, .T. ) ;
#1086 = EDGE_CURVE ( 'NONE', #638, #724, #1294, .T. ) ;
#1087 = ORIENTED_EDGE ( 'NONE', *, *, #1601, .T. ) ;
#1088 = ORIENTED_EDGE ( 'NONE', *, *, #1049, .F. ) ;
#1089 = CARTESIAN_POINT ( 'NONE',  ( -4.499999999999998224, 24.60000000000000497, -0.2999999999998936850 ) ) ;
#1090 = PLANE ( 'NONE',  #1277 ) ;
#1091 = DIRECTION ( 'NONE',  ( 1.000000000000000000, 0.000000000000000000, -0.000000000000000000 ) ) ;
#1092 = EDGE_CURVE ( 'NONE', #139, #241, #993, .T. ) ;
#1093 = CARTESIAN_POINT ( 'NONE',  ( 7.700000000000001066, 14.74599357943772304, 9.032291452420126987 ) ) ;
#1094 =( LENGTH_UNIT ( ) NAMED_UNIT ( * ) SI_UNIT ( .MILLI., .METRE. ) );
#1095 = VECTOR ( 'NONE', #216, 1000.000000000000000 ) ;
#1096 =( GEOMETRIC_REPRESENTATION_CONTEXT ( 3 ) GLOBAL_UNCERTAINTY_ASSIGNED_CONTEXT ( ( #994 ) ) GLOBAL_UNIT_ASSIGNED_CONTEXT ( ( #1094, #822, #1626 ) ) REPRESENTATION_CONTEXT ( 'NONE', 'WORKASPACE' ) );
#1097 = VECTOR ( 'NONE', #1624, 1000.000000000000000 ) ;
#1098 = FACE_BOUND ( 'NONE', #605, .T. ) ;
#1099 = VERTEX_POINT ( 'NONE', #1109 ) ;
#1100 = DIRECTION ( 'NONE',  ( 0.000000000000000000, 0.000000000000000000, -1.000000000000000000 ) ) ;
#1101 = VERTEX_POINT ( 'NONE', #312 ) ;
#1102 = ORIENTED_EDGE ( 'NONE', *, *, #28, .F. ) ;
#1103 = ORIENTED_EDGE ( 'NONE', *, *, #577, .T. ) ;
#1104 = DIRECTION ( 'NONE',  ( 0.000000000000000000, -1.000000000000000000, 0.000000000000000000 ) ) ;
#1105 = EDGE_CURVE ( 'NONE', #61, #602, #512, .T. ) ;
#1106 = CARTESIAN_POINT ( 'NONE',  ( 5.799999999999999822, 10.39999999999716529, 3.400000000000002576 ) ) ;
#1107 = VERTEX_POINT ( 'NONE', #304 ) ;
#1108 = EDGE_CURVE ( 'NONE', #444, #182, #597, .T. ) ;
#1109 = CARTESIAN_POINT ( 'NONE',  ( 4.799999999999998934, 7.299999999997135447, -4.599999999999953459 ) ) ;
#1110 = AXIS2_PLACEMENT_3D ( 'NONE', #1346, #948, #928 ) ;
#1111 = VECTOR ( 'NONE', #532, 1000.000000000000000 ) ;
#1112 = VECTOR ( 'NONE', #649, 1000.000000000000000 ) ;
#1113 = FACE_OUTER_BOUND ( 'NONE', #801, .T. ) ;
#1114 = DIRECTION ( 'NONE',  ( -1.000000000000000000, 0.000000000000000000, 0.000000000000000000 ) ) ;
#1115 = ORIENTED_EDGE ( 'NONE', *, *, #1108, .T. ) ;
#1116 = FACE_OUTER_BOUND ( 'NONE', #1180, .T. ) ;
#1117 = AXIS2_PLACEMENT_3D ( 'NONE', #931, #155, #418 ) ;
#1118 = ORIENTED_EDGE ( 'NONE', *, *, #959, .T. ) ;
#1119 = DIRECTION ( 'NONE',  ( -0.000000000000000000, 1.000000000000000000, -0.000000000000000000 ) ) ;
#1120 = PLANE ( 'NONE',  #679 ) ;
#1121 = ORIENTED_EDGE ( 'NONE', *, *, #145, .T. ) ;
#1122 = DIRECTION ( 'NONE',  ( 1.000000000000000000, -0.000000000000000000, -0.000000000000000000 ) ) ;
#1123 = EDGE_LOOP ( 'NONE', ( #1543, #546 ) ) ;
#1124 = ADVANCED_FACE ( 'NONE', ( #1562 ), #710, .F. ) ;
#1125 = EDGE_LOOP ( 'NONE', ( #161, #403, #982, #887 ) ) ;
#1126 = DIRECTION ( 'NONE',  ( 0.000000000000000000, -0.000000000000000000, 1.000000000000000000 ) ) ;
#1127 = EDGE_CURVE ( 'NONE', #260, #823, #1217, .T. ) ;
#1128 = EDGE_CURVE ( 'NONE', #831, #743, #48, .T. ) ;
#1129 = DIRECTION ( 'NONE',  ( -1.000000000000000000, 0.000000000000000000, -0.000000000000000000 ) ) ;
#1130 = VECTOR ( 'NONE', #328, 1000.000000000000000 ) ;
#1131 = DIRECTION ( 'NONE',  ( 1.000000000000000000, 0.000000000000000000, -0.000000000000000000 ) ) ;
#1132 = FACE_OUTER_BOUND ( 'NONE', #223, .T. ) ;
#1133 = DIRECTION ( 'NONE',  ( 0.000000000000000000, -0.000000000000000000, 1.000000000000000000 ) ) ;
#1134 = EDGE_CURVE ( 'NONE', #823, #1391, #672, .T. ) ;
#1135 = ORIENTED_EDGE ( 'NONE', *, *, #1330, .T. ) ;
#1136 = EDGE_LOOP ( 'NONE', ( #1486, #118, #933, #761, #1421, #266 ) ) ;
#1137 = VERTEX_POINT ( 'NONE', #969 ) ;
#1138 = CARTESIAN_POINT ( 'NONE',  ( 27.79999999999999716, 4.374999999996528999, -1.674999999999203126 ) ) ;
#1139 = VERTEX_POINT ( 'NONE', #1477 ) ;
#1140 = VERTEX_POINT ( 'NONE', #437 ) ;
#1141 = DIRECTION ( 'NONE',  ( -0.000000000000000000, -1.000000000000000000, 0.000000000000000000 ) ) ;
#1142 = CARTESIAN_POINT ( 'NONE',  ( 7.699999999999998401, 1.787499999998308109, 2.050000000000093525 ) ) ;
#1143 = ADVANCED_FACE ( 'NONE', ( #1113 ), #1169, .T. ) ;
#1144 = DIRECTION ( 'NONE',  ( 0.000000000000000000, 1.000000000000000000, 0.000000000000000000 ) ) ;
#1145 = AXIS2_PLACEMENT_3D ( 'NONE', #1687, #886, #874 ) ;
#1146 = CARTESIAN_POINT ( 'NONE',  ( -11.76223106214611924, 24.60000000000000497, -0.2999999999998936850 ) ) ;
#1147 = VECTOR ( 'NONE', #1495, 1000.000000000000000 ) ;
#1148 = CARTESIAN_POINT ( 'NONE',  ( 4.799999999999999822, -0.7999999999999646283, 3.399999999999954614 ) ) ;
#1149 = VECTOR ( 'NONE', #1643, 1000.000000000000000 ) ;
#1150 = DIRECTION ( 'NONE',  ( -1.000000000000000000, 0.000000000000000000, 0.000000000000000000 ) ) ;
#1151 = EDGE_LOOP ( 'NONE', ( #11, #1426, #59, #1305 ) ) ;
#1152 = CIRCLE ( 'NONE', #849, 2.850000000000000089 ) ;
#1153 = DIRECTION ( 'NONE',  ( 0.000000000000000000, 0.000000000000000000, -1.000000000000000000 ) ) ;
#1154 = DIRECTION ( 'NONE',  ( 0.000000000000000000, 0.000000000000000000, 1.000000000000000000 ) ) ;
#1155 = VERTEX_POINT ( 'NONE', #449 ) ;
#1156 = AXIS2_PLACEMENT_3D ( 'NONE', #1526, #349, #718 ) ;
#1157 = ORIENTED_EDGE ( 'NONE', *, *, #653, .F. ) ;
#1158 = ORIENTED_EDGE ( 'NONE', *, *, #895, .T. ) ;
#1159 = AXIS2_PLACEMENT_3D ( 'NONE', #859, #457, #84 ) ;
#1160 = CARTESIAN_POINT ( 'NONE',  ( 7.700000000000001066, 13.50000000000000888, 34.56082678753426052 ) ) ;
#1161 = VERTEX_POINT ( 'NONE', #1631 ) ;
#1162 = ORIENTED_EDGE ( 'NONE', *, *, #919, .T. ) ;
#1163 = DIRECTION ( 'NONE',  ( -1.000000000000000000, 0.000000000000000000, 0.000000000000000000 ) ) ;
#1164 = EDGE_CURVE ( 'NONE', #1161, #867, #817, .T. ) ;
#1165 = AXIS2_PLACEMENT_3D ( 'NONE', #481, #1517, #590 ) ;
#1166 = CIRCLE ( 'NONE', #1614, 1.100000000000000089 ) ;
#1167 = PLANE ( 'NONE',  #988 ) ;
#1168 = DIRECTION ( 'NONE',  ( 0.000000000000000000, 0.000000000000000000, 1.000000000000000000 ) ) ;
#1169 = CYLINDRICAL_SURFACE ( 'NONE', #1703, 1.499999999999998668 ) ;
#1170 = ADVANCED_FACE ( 'NONE', ( #156 ), #1647, .F. ) ;
#1171 = FACE_OUTER_BOUND ( 'NONE', #1327, .T. ) ;
#1172 = LINE ( 'NONE', #125, #442 ) ;
#1173 = ORIENTED_EDGE ( 'NONE', *, *, #41, .T. ) ;
#1174 = ORIENTED_EDGE ( 'NONE', *, *, #1521, .F. ) ;
#1175 = PLANE ( 'NONE',  #188 ) ;
#1176 = ORIENTED_EDGE ( 'NONE', *, *, #606, .F. ) ;
#1177 = AXIS2_PLACEMENT_3D ( 'NONE', #190, #581, #1091 ) ;
#1178 = ORIENTED_EDGE ( 'NONE', *, *, #1393, .T. ) ;
#1179 = ADVANCED_FACE ( 'NONE', ( #1524 ), #732, .F. ) ;
#1180 = EDGE_LOOP ( 'NONE', ( #263, #1022, #1265, #1285 ) ) ;
#1181 = CARTESIAN_POINT ( 'NONE',  ( 5.799999999999999822, -0.8000000000000000444, 0.000000000000000000 ) ) ;
#1182 = CARTESIAN_POINT ( 'NONE',  ( 5.700000000000001066, 15.59999999999999787, -6.500000000000003553 ) ) ;
#1183 = EDGE_CURVE ( 'NONE', #76, #1099, #1692, .T. ) ;
#1184 = CARTESIAN_POINT ( 'NONE',  ( -4.499999999999998224, 26.80963797939843829, -2.099999999999894396 ) ) ;
#1185 = CARTESIAN_POINT ( 'NONE',  ( 5.700000000000001066, 17.09999999999999787, -2.700000000000001066 ) ) ;
#1186 = CARTESIAN_POINT ( 'NONE',  ( 4.799999999999998934, 1.787499999998308109, 2.050000000000093525 ) ) ;
#1187 = UNCERTAINTY_MEASURE_WITH_UNIT (LENGTH_MEASURE( 1.000000000000000082E-05 ), #847, 'distance_accuracy_value', 'NONE');
#1188 = EDGE_CURVE ( 'NONE', #1035, #831, #90, .T. ) ;
#1189 = ADVANCED_FACE ( 'NONE', ( #633 ), #1398, .T. ) ;
#1190 = CARTESIAN_POINT ( 'NONE',  ( 4.799999999999998934, 4.374999999996528999, -1.674999999999200240 ) ) ;
#1191 = FACE_BOUND ( 'NONE', #1342, .T. ) ;
#1192 = DIRECTION ( 'NONE',  ( -0.000000000000000000, -0.000000000000000000, 1.000000000000000000 ) ) ;
#1193 = VECTOR ( 'NONE', #1081, 1000.000000000000114 ) ;
#1194 = CIRCLE ( 'NONE', #1117, 0.6499999999999986899 ) ;
#1195 = DIRECTION ( 'NONE',  ( 0.000000000000000000, 1.000000000000000000, 0.000000000000000000 ) ) ;
#1196 = ORIENTED_EDGE ( 'NONE', *, *, #856, .F. ) ;
#1197 = CIRCLE ( 'NONE', #588, 1.000000000000000000 ) ;
#1198 = DIRECTION ( 'NONE',  ( -1.000000000000000000, -7.528146729520069905E-16, 0.000000000000000000 ) ) ;
#1199 = VERTEX_POINT ( 'NONE', #1663 ) ;
#1200 = ADVANCED_FACE ( 'NONE', ( #738 ), #348, .F. ) ;
#1201 = EDGE_LOOP ( 'NONE', ( #459, #729, #1173, #1371 ) ) ;
#1202 = EDGE_CURVE ( 'NONE', #1682, #645, #456, .T. ) ;
#1203 = ORIENTED_EDGE ( 'NONE', *, *, #197, .F. ) ;
#1204 = CARTESIAN_POINT ( 'NONE',  ( 15.27760354394301245, 27.10000000000000853, 1.500000000000106803 ) ) ;
#1205 = AXIS2_PLACEMENT_3D ( 'NONE', #391, #1292, #897 ) ;
#1206 = VERTEX_POINT ( 'NONE', #466 ) ;
#1207 = ORIENTED_EDGE ( 'NONE', *, *, #293, .F. ) ;
#1208 = CARTESIAN_POINT ( 'NONE',  ( 7.699999999999999289, 4.374999999996528999, -1.674999999999199574 ) ) ;
#1209 = ADVANCED_FACE ( 'NONE', ( #947 ), #866, .F. ) ;
#1210 = EDGE_CURVE ( 'NONE', #447, #1405, #337, .T. ) ;
#1211 = DIRECTION ( 'NONE',  ( 0.000000000000000000, 0.000000000000000000, 1.000000000000000000 ) ) ;
#1212 = CARTESIAN_POINT ( 'NONE',  ( -11.76223106214611924, 27.10000000000000142, 1.068393218340509376 ) ) ;
#1213 = EDGE_CURVE ( 'NONE', #1224, #842, #760, .T. ) ;
#1214 = CYLINDRICAL_SURFACE ( 'NONE', #458, 0.6499999999999986899 ) ;
#1215 = DIRECTION ( 'NONE',  ( 1.000000000000000000, -0.000000000000000000, 0.000000000000000000 ) ) ;
#1216 = LINE ( 'NONE', #1462, #946 ) ;
#1217 = LINE ( 'NONE', #1496, #1130 ) ;
#1218 = CIRCLE ( 'NONE', #888, 1.149999999999999911 ) ;
#1219 = VECTOR ( 'NONE', #693, 1000.000000000000000 ) ;
#1220 = CARTESIAN_POINT ( 'NONE',  ( 4.500000000000000888, 24.60000000000000497, -0.2999999999998936850 ) ) ;
#1221 = LINE ( 'NONE', #316, #618 ) ;
#1222 = ORIENTED_EDGE ( 'NONE', *, *, #687, .F. ) ;
#1223 = EDGE_CURVE ( 'NONE', #1391, #957, #1417, .T. ) ;
#1224 = VERTEX_POINT ( 'NONE', #332 ) ;
#1225 = CARTESIAN_POINT ( 'NONE',  ( 7.699999999999998401, 1.787499999998308109, 2.050000000000093525 ) ) ;
#1226 = ORIENTED_EDGE ( 'NONE', *, *, #986, .F. ) ;
#1227 = EDGE_CURVE ( 'NONE', #1101, #13, #797, .T. ) ;
#1228 = APPLICATION_PROTOCOL_DEFINITION ( 'draft international standard', 'automotive_design', 1998, #1373 ) ;
#1229 = VERTEX_POINT ( 'NONE', #72 ) ;
#1230 = CARTESIAN_POINT ( 'NONE',  ( 4.799999999999998934, 1.787499999998308109, -2.849999999999823785 ) ) ;
#1231 = AXIS2_PLACEMENT_3D ( 'NONE', #1146, #1680, #367 ) ;
#1232 = CARTESIAN_POINT ( 'NONE',  ( 4.500000000000000888, 10.39999999999716529, 0.000000000000000000 ) ) ;
#1233 = DIRECTION ( 'NONE',  ( 0.000000000000000000, -0.000000000000000000, -1.000000000000000000 ) ) ;
#1234 = DIRECTION ( 'NONE',  ( -0.000000000000000000, -0.000000000000000000, -1.000000000000000000 ) ) ;
#1235 = DIRECTION ( 'NONE',  ( -0.000000000000000000, -1.000000000000000000, -0.000000000000000000 ) ) ;
#1236 = LINE ( 'NONE', #1569, #25 ) ;
#1237 = AXIS2_PLACEMENT_3D ( 'NONE', #754, #1122, #1677 ) ;
#1238 = FACE_OUTER_BOUND ( 'NONE', #825, .T. ) ;
#1239 = VECTOR ( 'NONE', #452, 1000.000000000000000 ) ;
#1240 = DIRECTION ( 'NONE',  ( -1.000000000000000000, 0.000000000000000000, 0.000000000000000000 ) ) ;
#1241 = EDGE_LOOP ( 'NONE', ( #525, #569, #1060, #487 ) ) ;
#1242 = DIRECTION ( 'NONE',  ( 1.000000000000000000, 0.000000000000000000, -0.000000000000000000 ) ) ;
#1243 = ORIENTED_EDGE ( 'NONE', *, *, #44, .T. ) ;
#1244 = ORIENTED_EDGE ( 'NONE', *, *, #944, .T. ) ;
#1245 = ORIENTED_EDGE ( 'NONE', *, *, #1551, .T. ) ;
#1246 = DIRECTION ( 'NONE',  ( -1.000000000000000000, -0.000000000000000000, -0.000000000000000000 ) ) ;
#1247 = DIRECTION ( 'NONE',  ( 0.000000000000000000, 0.000000000000000000, -1.000000000000000000 ) ) ;
#1248 = EDGE_LOOP ( 'NONE', ( #504, #854, #99, #1567, #1389, #496, #394, #347, #1222, #237, #1350, #1087, #1088, #543 ) ) ;
#1249 = CARTESIAN_POINT ( 'NONE',  ( 7.700000000000001066, 6.999999999997176481, 3.500000000000005329 ) ) ;
#1250 = EDGE_CURVE ( 'NONE', #1589, #867, #257, .T. ) ;
#1251 = ORIENTED_EDGE ( 'NONE', *, *, #197, .T. ) ;
#1252 = DIRECTION ( 'NONE',  ( 0.000000000000000000, 0.7071067811865276997, -0.7071067811865674457 ) ) ;
#1253 = PLANE ( 'NONE',  #387 ) ;
#1254 = CARTESIAN_POINT ( 'NONE',  ( 2.450000000000021494, 23.90000000000008029, -4.600000000000002309 ) ) ;
#1255 = FACE_OUTER_BOUND ( 'NONE', #204, .T. ) ;
#1256 = VECTOR ( 'NONE', #1351, 1000.000000000000000 ) ;
#1257 = EDGE_CURVE ( 'NONE', #1642, #957, #1077, .T. ) ;
#1258 = VECTOR ( 'NONE', #1267, 1000.000000000000000 ) ;
#1259 = VECTOR ( 'NONE', #1247, 1000.000000000000000 ) ;
#1260 = LINE ( 'NONE', #1683, #697 ) ;
#1261 = AXIS2_PLACEMENT_3D ( 'NONE', #1186, #1433, #1038 ) ;
#1262 = EDGE_LOOP ( 'NONE', ( #1679, #308, #305, #952, #660, #1506 ) ) ;
#1263 = CARTESIAN_POINT ( 'NONE',  ( 4.500000000000000888, 27.10000000000000142, -4.599999999999999645 ) ) ;
#1264 = ORIENTED_EDGE ( 'NONE', *, *, #631, .F. ) ;
#1265 = ORIENTED_EDGE ( 'NONE', *, *, #1345, .T. ) ;
#1266 = VERTEX_POINT ( 'NONE', #855 ) ;
#1267 = DIRECTION ( 'NONE',  ( 0.000000000000000000, 0.000000000000000000, -1.000000000000000000 ) ) ;
#1268 = ORIENTED_EDGE ( 'NONE', *, *, #949, .T. ) ;
#1269 = DIRECTION ( 'NONE',  ( -0.000000000000000000, -1.000000000000000000, -0.000000000000000000 ) ) ;
#1270 = CARTESIAN_POINT ( 'NONE',  ( 5.799999999999999822, 35.00000000000000000, 3.499999999999999556 ) ) ;
#1271 = VECTOR ( 'NONE', #1069, 1000.000000000000000 ) ;
#1272 = EDGE_CURVE ( 'NONE', #765, #1002, #1074, .T. ) ;
#1273 = VECTOR ( 'NONE', #135, 1000.000000000000000 ) ;
#1274 = DIRECTION ( 'NONE',  ( -1.000000000000000000, -0.000000000000000000, -0.000000000000000000 ) ) ;
#1275 = LINE ( 'NONE', #95, #50 ) ;
#1276 = LINE ( 'NONE', #1409, #1239 ) ;
#1277 = AXIS2_PLACEMENT_3D ( 'NONE', #353, #1649, #1007 ) ;
#1278 = ORIENTED_EDGE ( 'NONE', *, *, #564, .T. ) ;
#1279 = CARTESIAN_POINT ( 'NONE',  ( -5.799999999999999822, 35.00000000000000000, -6.500000000000002665 ) ) ;
#1280 = ORIENTED_EDGE ( 'NONE', *, *, #1071, .F. ) ;
#1281 = VERTEX_POINT ( 'NONE', #1009 ) ;
#1282 = CARTESIAN_POINT ( 'NONE',  ( 4.700000000000002842, 23.90000000000008029, -4.599999999999999645 ) ) ;
#1283 = ORIENTED_EDGE ( 'NONE', *, *, #1515, .F. ) ;
#1284 = CARTESIAN_POINT ( 'NONE',  ( 5.700000000000001066, 27.10000000000000497, -2.700000000000001066 ) ) ;
#1285 = ORIENTED_EDGE ( 'NONE', *, *, #474, .F. ) ;
#1286 = ORIENTED_EDGE ( 'NONE', *, *, #1564, .T. ) ;
#1287 = CARTESIAN_POINT ( 'NONE',  ( 7.700000000000001066, 13.50000000000000888, -4.700000000000002842 ) ) ;
#1288 = EDGE_CURVE ( 'NONE', #586, #1509, #876, .T. ) ;
#1289 = DIRECTION ( 'NONE',  ( 0.000000000000000000, 0.000000000000000000, -1.000000000000000000 ) ) ;
#1290 = AXIS2_PLACEMENT_3D ( 'NONE', #1084, #1070, #1452 ) ;
#1291 = CARTESIAN_POINT ( 'NONE',  ( 6.200000000000001954, 13.50000000000000888, 0.6213203435596423851 ) ) ;
#1292 = DIRECTION ( 'NONE',  ( 1.000000000000000000, -0.000000000000000000, 0.000000000000000000 ) ) ;
#1293 = VECTOR ( 'NONE', #1510, 1000.000000000000000 ) ;
#1294 = LINE ( 'NONE', #1621, #841 ) ;
#1295 = EDGE_CURVE ( 'NONE', #61, #182, #1315, .T. ) ;
#1296 = VECTOR ( 'NONE', #1639, 1000.000000000000000 ) ;
#1297 = VECTOR ( 'NONE', #894, 1000.000000000000000 ) ;
#1298 = CARTESIAN_POINT ( 'NONE',  ( 4.500000000000000888, 0.000000000000000000, -4.599999999999999645 ) ) ;
#1299 = VERTEX_POINT ( 'NONE', #1254 ) ;
#1300 = EDGE_CURVE ( 'NONE', #1509, #17, #335, .T. ) ;
#1301 = ORIENTED_EDGE ( 'NONE', *, *, #1418, .F. ) ;
#1302 = ORIENTED_EDGE ( 'NONE', *, *, #1164, .F. ) ;
#1303 = CARTESIAN_POINT ( 'NONE',  ( 0.000000000000000000, -0.8000000000000000444, 0.000000000000000000 ) ) ;
#1304 = ORIENTED_EDGE ( 'NONE', *, *, #16, .F. ) ;
#1305 = ORIENTED_EDGE ( 'NONE', *, *, #1660, .F. ) ;
#1306 = ADVANCED_FACE ( 'NONE', ( #154, #595, #111, #1191 ), #1667, .T. ) ;
#1307 = CARTESIAN_POINT ( 'NONE',  ( 6.200000000000001954, 13.50000000000000888, 6.500000000000002665 ) ) ;
#1308 = EDGE_CURVE ( 'NONE', #102, #202, #860, .T. ) ;
#1309 = ADVANCED_FACE ( 'NONE', ( #1537 ), #1214, .F. ) ;
#1310 = DIRECTION ( 'NONE',  ( 0.000000000000000000, -1.000000000000000000, 0.000000000000000000 ) ) ;
#1311 =( GEOMETRIC_REPRESENTATION_CONTEXT ( 3 ) GLOBAL_UNCERTAINTY_ASSIGNED_CONTEXT ( ( #103 ) ) GLOBAL_UNIT_ASSIGNED_CONTEXT ( ( #1356, #1498, #967 ) ) REPRESENTATION_CONTEXT ( 'NONE', 'WORKASPACE' ) );
#1312 = CARTESIAN_POINT ( 'NONE',  ( -4.499999999999998224, 21.10000000000000142, -3.599999999999999201 ) ) ;
#1313 = LINE ( 'NONE', #176, #1147 ) ;
#1314 = CARTESIAN_POINT ( 'NONE',  ( -4.499999999999998224, 22.60000000000000142, -3.599999999999999201 ) ) ;
#1315 = LINE ( 'NONE', #885, #1582 ) ;
#1316 = CARTESIAN_POINT ( 'NONE',  ( 5.799999999999999822, 10.39999999999716529, 3.500000000000002220 ) ) ;
#1317 = LINE ( 'NONE', #576, #1033 ) ;
#1318 = VECTOR ( 'NONE', #538, 1000.000000000000000 ) ;
#1319 = ORIENTED_EDGE ( 'NONE', *, *, #745, .T. ) ;
#1320 = ORIENTED_EDGE ( 'NONE', *, *, #808, .T. ) ;
#1321 = CARTESIAN_POINT ( 'NONE',  ( 59.79999999999999716, 1.787499999998308331, -3.999999999999823252 ) ) ;
#1322 = ORIENTED_EDGE ( 'NONE', *, *, #1473, .F. ) ;
#1323 = VERTEX_POINT ( 'NONE', #228 ) ;
#1324 = DIRECTION ( 'NONE',  ( -1.000000000000000000, 0.000000000000000000, 0.000000000000000000 ) ) ;
#1325 = ORIENTED_EDGE ( 'NONE', *, *, #1666, .F. ) ;
#1326 = DIRECTION ( 'NONE',  ( 1.000000000000000000, -0.000000000000000000, -0.000000000000000000 ) ) ;
#1327 = EDGE_LOOP ( 'NONE', ( #1698, #1403, #157, #469, #787, #83, #884, #1121 ) ) ;
#1328 = PLANE ( 'NONE',  #1588 ) ;
#1329 = CARTESIAN_POINT ( 'NONE',  ( 7.700000000000001066, 4.374999999996528999, 0.8749999999993623989 ) ) ;
#1330 = EDGE_CURVE ( 'NONE', #76, #1642, #578, .T. ) ;
#1331 = DIRECTION ( 'NONE',  ( 0.000000000000000000, 0.000000000000000000, -1.000000000000000000 ) ) ;
#1332 = PRODUCT_DEFINITION_SHAPE ( 'NONE', 'NONE',  #231 ) ;
#1333 = LINE ( 'NONE', #356, #717 ) ;
#1334 = ADVANCED_FACE ( 'NONE', ( #898 ), #1671, .T. ) ;
#1335 = DIRECTION ( 'NONE',  ( 1.000000000000000000, 0.000000000000000000, -0.000000000000000000 ) ) ;
#1336 = CIRCLE ( 'NONE', #1008, 2.200000000000000178 ) ;
#1337 = VECTOR ( 'NONE', #609, 1000.000000000000000 ) ;
#1338 = CARTESIAN_POINT ( 'NONE',  ( 5.799999999999999822, 12.05431677051991457, 4.700000000000003730 ) ) ;
#1339 = LINE ( 'NONE', #1064, #1560 ) ;
#1340 = FACE_OUTER_BOUND ( 'NONE', #1125, .T. ) ;
#1341 = DIRECTION ( 'NONE',  ( -1.000000000000000000, 0.000000000000000000, -0.000000000000000000 ) ) ;
#1342 = EDGE_LOOP ( 'NONE', ( #1085, #365, #384, #954, #620, #749 ) ) ;
#1343 = PLANE ( 'NONE',  #1177 ) ;
#1344 = VERTEX_POINT ( 'NONE', #1686 ) ;
#1345 = EDGE_CURVE ( 'NONE', #13, #139, #758, .T. ) ;
#1346 = CARTESIAN_POINT ( 'NONE',  ( 8.673617379884035472E-16, 20.10000000000000497, -0.5999999999999989786 ) ) ;
#1347 = VERTEX_POINT ( 'NONE', #1282 ) ;
#1348 = DIRECTION ( 'NONE',  ( 0.000000000000000000, -0.000000000000000000, -1.000000000000000000 ) ) ;
#1349 =( GEOMETRIC_REPRESENTATION_CONTEXT ( 3 ) GLOBAL_UNCERTAINTY_ASSIGNED_CONTEXT ( ( #1187 ) ) GLOBAL_UNIT_ASSIGNED_CONTEXT ( ( #847, #1641, #834 ) ) REPRESENTATION_CONTEXT ( 'NONE', 'WORKASPACE' ) );
#1350 = ORIENTED_EDGE ( 'NONE', *, *, #999, .F. ) ;
#1351 = DIRECTION ( 'NONE',  ( 1.000000000000000000, -0.000000000000000000, -1.369518533665899424E-15 ) ) ;
#1352 = CARTESIAN_POINT ( 'NONE',  ( 5.799999999999999822, 12.05431677051991457, -6.500000000000003553 ) ) ;
#1353 = DIRECTION ( 'NONE',  ( -1.000000000000000000, 0.000000000000000000, 0.000000000000000000 ) ) ;
#1354 = CARTESIAN_POINT ( 'NONE',  ( 2.449999999999983302, 13.10000000000004228, -4.600000000000002309 ) ) ;
#1355 = CARTESIAN_POINT ( 'NONE',  ( 5.700000000000000178, 26.10000000000000142, -5.500000000000002665 ) ) ;
#1356 =( LENGTH_UNIT ( ) NAMED_UNIT ( * ) SI_UNIT ( .MILLI., .METRE. ) );
#1357 = AXIS2_PLACEMENT_3D ( 'NONE', #565, #1492, #1468 ) ;
#1358 = DIRECTION ( 'NONE',  ( 0.000000000000000000, 0.000000000000000000, -1.000000000000000000 ) ) ;
#1359 = CIRCLE ( 'NONE', #1261, 1.149999999999999911 ) ;
#1360 = CIRCLE ( 'NONE', #65, 0.6499999999999986899 ) ;
#1361 = LINE ( 'NONE', #1072, #560 ) ;
#1362 = CARTESIAN_POINT ( 'NONE',  ( 0.6557438524298625504, 20.10000000000000497, 1.500000000000106803 ) ) ;
#1363 = ORIENTED_EDGE ( 'NONE', *, *, #284, .T. ) ;
#1364 = VERTEX_POINT ( 'NONE', #1545 ) ;
#1365 = DIRECTION ( 'NONE',  ( 0.000000000000000000, 0.000000000000000000, 1.000000000000000000 ) ) ;
#1366 = CARTESIAN_POINT ( 'NONE',  ( -4.499999999999998224, 26.80963797939843829, 1.500000000000106803 ) ) ;
#1367 = ORIENTED_EDGE ( 'NONE', *, *, #431, .T. ) ;
#1368 = FILL_AREA_STYLE_COLOUR ( '', #799 ) ;
#1369 = ORIENTED_EDGE ( 'NONE', *, *, #1390, .T. ) ;
#1370 = EDGE_CURVE ( 'NONE', #240, #55, #1333, .T. ) ;
#1371 = ORIENTED_EDGE ( 'NONE', *, *, #1558, .T. ) ;
#1372 = CARTESIAN_POINT ( 'NONE',  ( 4.500000000000000888, 20.10000000000000497, -2.099999999999894840 ) ) ;
#1373 = APPLICATION_CONTEXT ( 'automotive_design' ) ;
#1374 = CARTESIAN_POINT ( 'NONE',  ( -4.499999999999998224, 24.60000000000000497, 0.8000000000001064038 ) ) ;
#1375 = EDGE_CURVE ( 'NONE', #731, #1547, #3, .T. ) ;
#1376 = CARTESIAN_POINT ( 'NONE',  ( -4.499999999999998224, 24.60000000000000497, -0.2999999999998936850 ) ) ;
#1377 = VECTOR ( 'NONE', #1269, 1000.000000000000000 ) ;
#1378 = AXIS2_PLACEMENT_3D ( 'NONE', #494, #229, #1154 ) ;
#1379 = LINE ( 'NONE', #21, #1435 ) ;
#1380 = DIRECTION ( 'NONE',  ( 0.000000000000000000, -0.7071067811865477948, -0.7071067811865473507 ) ) ;
#1381 = LINE ( 'NONE', #185, #1481 ) ;
#1382 = CARTESIAN_POINT ( 'NONE',  ( 7.700000000000001066, 10.39999999999716529, 34.56082678753426052 ) ) ;
#1383 = LINE ( 'NONE', #1018, #375 ) ;
#1384 = CARTESIAN_POINT ( 'NONE',  ( 7.700000000000001066, 13.50000000000000888, 3.500000000000010214 ) ) ;
#1385 = ORIENTED_EDGE ( 'NONE', *, *, #1388, .T. ) ;
#1386 = ORIENTED_EDGE ( 'NONE', *, *, #1700, .T. ) ;
#1387 = ORIENTED_EDGE ( 'NONE', *, *, #1448, .T. ) ;
#1388 = EDGE_CURVE ( 'NONE', #654, #406, #970, .T. ) ;
#1389 = ORIENTED_EDGE ( 'NONE', *, *, #1388, .F. ) ;
#1390 = EDGE_CURVE ( 'NONE', #1066, #842, #614, .T. ) ;
#1391 = VERTEX_POINT ( 'NONE', #232 ) ;
#1392 = DIRECTION ( 'NONE',  ( 0.000000000000000000, 1.000000000000000000, 0.000000000000000000 ) ) ;
#1393 = EDGE_CURVE ( 'NONE', #765, #638, #254, .T. ) ;
#1394 = CARTESIAN_POINT ( 'NONE',  ( 27.79999999999999716, 4.374999999996528111, 0.8749999999993632871 ) ) ;
#1395 = FACE_OUTER_BOUND ( 'NONE', #938, .T. ) ;
#1396 = CARTESIAN_POINT ( 'NONE',  ( 0.000000000000000000, 10.39999999999716529, 3.500000000000010658 ) ) ;
#1397 = EDGE_CURVE ( 'NONE', #1107, #1266, #1648, .T. ) ;
#1398 = CYLINDRICAL_SURFACE ( 'NONE', #1670, 1.950000000000000400 ) ;
#1399 = VECTOR ( 'NONE', #632, 1000.000000000000000 ) ;
#1400 = CYLINDRICAL_SURFACE ( 'NONE', #1237, 2.850000000000000089 ) ;
#1401 = ORIENTED_EDGE ( 'NONE', *, *, #1521, .T. ) ;
#1402 = PLANE ( 'NONE',  #646 ) ;
#1403 = ORIENTED_EDGE ( 'NONE', *, *, #542, .T. ) ;
#1404 = VERTEX_POINT ( 'NONE', #105 ) ;
#1405 = VERTEX_POINT ( 'NONE', #112 ) ;
#1406 = CARTESIAN_POINT ( 'NONE',  ( 5.799999999999999822, 12.05431677051991457, 3.400000000000003908 ) ) ;
#1408 = ORIENTED_EDGE ( 'NONE', *, *, #1551, .F. ) ;
#1407 = DIRECTION ( 'NONE',  ( 1.000000000000000000, 0.000000000000000000, -0.000000000000000000 ) ) ;
#1409 = CARTESIAN_POINT ( 'NONE',  ( 4.799999999999999822, 0.000000000000000000, -4.599999999999953459 ) ) ;
#1410 = DIRECTION ( 'NONE',  ( 0.000000000000000000, -1.000000000000000000, 0.000000000000000000 ) ) ;
#1411 = CARTESIAN_POINT ( 'NONE',  ( 6.200000000000001954, 13.50000000000000888, -4.600000000000002309 ) ) ;
#1412 = ADVANCED_FACE ( 'NONE', ( #554, #413, #629 ), #100, .T. ) ;
#1413 = SHAPE_DEFINITION_REPRESENTATION ( #1332, #558 ) ;
#1414 = VECTOR ( 'NONE', #12, 1000.000000000000000 ) ;
#1415 = FACE_BOUND ( 'NONE', #121, .T. ) ;
#1416 = CARTESIAN_POINT ( 'NONE',  ( -4.499999999999998224, 24.60000000000000497, -0.2999999999998936850 ) ) ;
#1417 = LINE ( 'NONE', #1394, #1337 ) ;
#1418 = EDGE_CURVE ( 'NONE', #1467, #380, #1359, .T. ) ;
#1419 = VERTEX_POINT ( 'NONE', #639 ) ;
#1420 = ORIENTED_EDGE ( 'NONE', *, *, #1536, .F. ) ;
#1421 = ORIENTED_EDGE ( 'NONE', *, *, #868, .F. ) ;
#1422 = DIRECTION ( 'NONE',  ( 0.000000000000000000, 0.000000000000000000, -1.000000000000000000 ) ) ;
#1423 = CARTESIAN_POINT ( 'NONE',  ( 4.754316770519901425, 13.10000000000003162, -4.599999999999999645 ) ) ;
#1424 = VERTEX_POINT ( 'NONE', #1439 ) ;
#1425 = DIRECTION ( 'NONE',  ( 0.000000000000000000, 0.000000000000000000, 1.000000000000000000 ) ) ;
#1426 = ORIENTED_EDGE ( 'NONE', *, *, #1127, .F. ) ;
#1427 = EDGE_LOOP ( 'NONE', ( #244, #361 ) ) ;
#1428 = DIRECTION ( 'NONE',  ( -1.000000000000000000, 1.779203565104417128E-15, 0.000000000000000000 ) ) ;
#1429 = EDGE_CURVE ( 'NONE', #1014, #202, #1236, .T. ) ;
#1430 = ADVANCED_FACE ( 'NONE', ( #920, #372 ), #1057, .F. ) ;
#1431 = DIRECTION ( 'NONE',  ( 0.000000000000000000, 0.000000000000000000, -1.000000000000000000 ) ) ;
#1432 = AXIS2_PLACEMENT_3D ( 'NONE', #189, #1104, #1348 ) ;
#1433 = DIRECTION ( 'NONE',  ( 1.000000000000000000, 0.000000000000000000, 0.000000000000000000 ) ) ;
#1434 = LINE ( 'NONE', #1212, #354 ) ;
#1435 = VECTOR ( 'NONE', #916, 1000.000000000000000 ) ;
#1436 = ADVANCED_FACE ( 'NONE', ( #69 ), #1559, .F. ) ;
#1437 = CYLINDRICAL_SURFACE ( 'NONE', #666, 1.000000000000000000 ) ;
#1438 = LINE ( 'NONE', #509, #973 ) ;
#1439 = CARTESIAN_POINT ( 'NONE',  ( 4.754316770519897872, 13.10000000000004228, -6.500000000000002665 ) ) ;
#1440 = VERTEX_POINT ( 'NONE', #255 ) ;
#1441 = ORIENTED_EDGE ( 'NONE', *, *, #1036, .T. ) ;
#1442 = ORIENTED_EDGE ( 'NONE', *, *, #625, .F. ) ;
#1443 = DIRECTION ( 'NONE',  ( -1.000000000000000000, 0.000000000000000000, -0.000000000000000000 ) ) ;
#1444 = ORIENTED_EDGE ( 'NONE', *, *, #506, .T. ) ;
#1445 = DIRECTION ( 'NONE',  ( 1.000000000000000000, -0.000000000000000000, 0.000000000000000000 ) ) ;
#1446 = CARTESIAN_POINT ( 'NONE',  ( 4.500000000000000888, 23.90000000000007319, -4.599999999999999645 ) ) ;
#1447 = EDGE_LOOP ( 'NONE', ( #1464, #1573, #1322, #771, #93, #1286, #1062, #1637 ) ) ;
#1448 = EDGE_CURVE ( 'NONE', #1101, #241, #1627, .T. ) ;
#1449 = CARTESIAN_POINT ( 'NONE',  ( 15.27760354394301245, 28.15224063634711271, -2.099999999999894396 ) ) ;
#1450 = DIRECTION ( 'NONE',  ( 0.000000000000000000, 0.000000000000000000, 1.000000000000000000 ) ) ;
#1451 = EDGE_CURVE ( 'NONE', #960, #1014, #1028, .T. ) ;
#1452 = DIRECTION ( 'NONE',  ( 0.000000000000000000, 0.000000000000000000, 1.000000000000000000 ) ) ;
#1453 = AXIS2_PLACEMENT_3D ( 'NONE', #1655, #1392, #1126 ) ;
#1454 = ADVANCED_FACE ( 'NONE', ( #1010 ), #775, .F. ) ;
#1455 = DIRECTION ( 'NONE',  ( 0.000000000000000000, 0.000000000000000000, 1.000000000000000000 ) ) ;
#1456 = LINE ( 'NONE', #153, #1271 ) ;
#1457 = VECTOR ( 'NONE', #1274, 1000.000000000000000 ) ;
#1458 = DIRECTION ( 'NONE',  ( -1.000000000000000000, -0.000000000000000000, 0.000000000000000000 ) ) ;
#1459 = LINE ( 'NONE', #572, #390 ) ;
#1460 = ORIENTED_EDGE ( 'NONE', *, *, #1108, .F. ) ;
#1461 = VECTOR ( 'NONE', #1445, 1000.000000000000000 ) ;
#1462 = CARTESIAN_POINT ( 'NONE',  ( 4.500000000000000888, 27.10000000000000853, 1.500000000000106803 ) ) ;
#1463 = EDGE_CURVE ( 'NONE', #1364, #260, #294, .T. ) ;
#1464 = ORIENTED_EDGE ( 'NONE', *, *, #217, .T. ) ;
#1465 = CARTESIAN_POINT ( 'NONE',  ( 2.450000000000021494, 23.90000000000008029, -4.600000000000002309 ) ) ;
#1466 = EDGE_LOOP ( 'NONE', ( #626, #1280, #1469, #1015, #637, #1568 ) ) ;
#1467 = VERTEX_POINT ( 'NONE', #915 ) ;
#1468 = DIRECTION ( 'NONE',  ( -1.000000000000000000, 0.000000000000000000, 0.000000000000000000 ) ) ;
#1469 = ORIENTED_EDGE ( 'NONE', *, *, #1188, .T. ) ;
#1470 = PLANE ( 'NONE',  #1110 ) ;
#1471 = VERTEX_POINT ( 'NONE', #772 ) ;
#1472 = CARTESIAN_POINT ( 'NONE',  ( 11.51837661840736082, 24.60000000000000497, -1.399999999999893774 ) ) ;
#1473 = EDGE_CURVE ( 'NONE', #1344, #1229, #275, .T. ) ;
#1474 = ADVANCED_FACE ( 'NONE', ( #1255 ), #1167, .T. ) ;
#1475 = DIRECTION ( 'NONE',  ( 2.961723007765225473E-15, 1.000000000000000000, 0.000000000000000000 ) ) ;
#1476 = EDGE_CURVE ( 'NONE', #1404, #268, #508, .T. ) ;
#1477 = CARTESIAN_POINT ( 'NONE',  ( 4.500000000000000888, 13.10000000000004405, -4.599999999999999645 ) ) ;
#1478 = LINE ( 'NONE', #1465, #755 ) ;
#1479 = VECTOR ( 'NONE', #832, 1000.000000000000000 ) ;
#1480 = DIRECTION ( 'NONE',  ( -0.000000000000000000, -1.000000000000000000, 0.000000000000000000 ) ) ;
#1481 = VECTOR ( 'NONE', #711, 1000.000000000000000 ) ;
#1482 = VECTOR ( 'NONE', #186, 1000.000000000000000 ) ;
#1483 = CARTESIAN_POINT ( 'NONE',  ( 6.200000000000001954, 13.50000000000000888, -0.4573593128807197372 ) ) ;
#1484 = ORIENTED_EDGE ( 'NONE', *, *, #1577, .T. ) ;
#1485 = CARTESIAN_POINT ( 'NONE',  ( 27.79999999999999716, 4.374999999996528999, -1.674999999999200240 ) ) ;
#1486 = ORIENTED_EDGE ( 'NONE', *, *, #1134, .T. ) ;
#1487 = CARTESIAN_POINT ( 'NONE',  ( 0.000000000000000000, 0.000000000000000000, 0.000000000000000000 ) ) ;
#1488 = ORIENTED_EDGE ( 'NONE', *, *, #399, .T. ) ;
#1489 = VERTEX_POINT ( 'NONE', #523 ) ;
#1490 = CARTESIAN_POINT ( 'NONE',  ( 7.700000000000001066, 13.50000000000000888, -6.500000000000005329 ) ) ;
#1491 = DIRECTION ( 'NONE',  ( 1.000000000000000000, 0.000000000000000000, 0.000000000000000000 ) ) ;
#1492 = DIRECTION ( 'NONE',  ( 0.000000000000000000, 0.000000000000000000, -1.000000000000000000 ) ) ;
#1493 = EDGE_LOOP ( 'NONE', ( #1017, #64, #621, #1043, #34, #1519 ) ) ;
#1494 = DIRECTION ( 'NONE',  ( -1.000000000000000000, -0.000000000000000000, -0.000000000000000000 ) ) ;
#1495 = DIRECTION ( 'NONE',  ( 0.000000000000000000, 1.000000000000000000, -0.000000000000000000 ) ) ;
#1496 = CARTESIAN_POINT ( 'NONE',  ( 4.799999999999999822, 0.000000000000000000, 3.399999999999954614 ) ) ;
#1497 = DIRECTION ( 'NONE',  ( -1.000000000000000000, -7.528146729520069905E-16, 0.000000000000000000 ) ) ;
#1498 =( NAMED_UNIT ( * ) PLANE_ANGLE_UNIT ( ) SI_UNIT ( $, .RADIAN. ) );
#1499 = AXIS2_PLACEMENT_3D ( 'NONE', #1485, #1623, #1233 ) ;
#1500 = LINE ( 'NONE', #702, #1522 ) ;
#1501 = DIRECTION ( 'NONE',  ( 1.000000000000000000, 0.000000000000000000, 0.000000000000000000 ) ) ;
#1502 = VECTOR ( 'NONE', #611, 1000.000000000000000 ) ;
#1503 = DIRECTION ( 'NONE',  ( 0.000000000000000000, -1.000000000000000000, 0.000000000000000000 ) ) ;
#1504 = VECTOR ( 'NONE', #1119, 1000.000000000000000 ) ;
#1505 = DIRECTION ( 'NONE',  ( -0.000000000000000000, -0.000000000000000000, 1.000000000000000000 ) ) ;
#1506 = ORIENTED_EDGE ( 'NONE', *, *, #736, .F. ) ;
#1507 = CARTESIAN_POINT ( 'NONE',  ( 5.800000000000000711, 12.25400642056229472, 6.500000000000002665 ) ) ;
#1508 = LINE ( 'NONE', #428, #461 ) ;
#1509 = VERTEX_POINT ( 'NONE', #127 ) ;
#1510 = DIRECTION ( 'NONE',  ( 1.000000000000000000, -0.000000000000000000, -0.000000000000000000 ) ) ;
#1511 = CARTESIAN_POINT ( 'NONE',  ( 4.799999999999998934, 1.787499999998308331, -3.999999999999823252 ) ) ;
#1512 = EDGE_LOOP ( 'NONE', ( #364, #485, #421, #301, #206, #1207, #463, #20, #224, #208 ) ) ;
#1513 = CARTESIAN_POINT ( 'NONE',  ( 7.700000000000001066, 15.59999999999999787, -6.500000000000003553 ) ) ;
#1514 = ORIENTED_EDGE ( 'NONE', *, *, #647, .T. ) ;
#1515 = EDGE_CURVE ( 'NONE', #842, #1404, #234, .T. ) ;
#1516 = ORIENTED_EDGE ( 'NONE', *, *, #318, .T. ) ;
#1517 = DIRECTION ( 'NONE',  ( -1.000000000000000000, -0.000000000000000000, -0.000000000000000000 ) ) ;
#1519 = ORIENTED_EDGE ( 'NONE', *, *, #468, .F. ) ;
#1518 = DIRECTION ( 'NONE',  ( 0.000000000000000000, 0.7071067811865276997, -0.7071067811865674457 ) ) ;
#1520 = CARTESIAN_POINT ( 'NONE',  ( 2.450000000000009504, 19.80000000000000426, -4.600000000000002309 ) ) ;
#1521 = EDGE_CURVE ( 'NONE', #1161, #181, #533, .T. ) ;
#1522 = VECTOR ( 'NONE', #1628, 1000.000000000000000 ) ;
#1523 = AXIS2_PLACEMENT_3D ( 'NONE', #1160, #1020, #1153 ) ;
#1524 = FACE_OUTER_BOUND ( 'NONE', #1530, .T. ) ;
#1525 = FACE_OUTER_BOUND ( 'NONE', #1201, .T. ) ;
#1526 = CARTESIAN_POINT ( 'NONE',  ( 8.673617379884035472E-16, 20.10000000000000497, -0.5999999999999989786 ) ) ;
#1527 = LINE ( 'NONE', #1384, #7 ) ;
#1528 = ORIENTED_EDGE ( 'NONE', *, *, #1041, .T. ) ;
#1529 = PRODUCT_DEFINITION_CONTEXT ( 'detailed design', #987, 'design' ) ;
#1530 = EDGE_LOOP ( 'NONE', ( #165, #427, #15, #1408 ) ) ;
#1531 = ORIENTED_EDGE ( 'NONE', *, *, #1016, .F. ) ;
#1532 = ORIENTED_EDGE ( 'NONE', *, *, #385, .T. ) ;
#1533 = ORIENTED_EDGE ( 'NONE', *, *, #167, .T. ) ;
#1534 = CYLINDRICAL_SURFACE ( 'NONE', #811, 1.149999999999999911 ) ;
#1535 = DIRECTION ( 'NONE',  ( 1.000000000000000000, -0.000000000000000000, -0.000000000000000000 ) ) ;
#1536 = EDGE_CURVE ( 'NONE', #1591, #1229, #193, .T. ) ;
#1537 = FACE_OUTER_BOUND ( 'NONE', #246, .T. ) ;
#1538 = DIRECTION ( 'NONE',  ( 0.000000000000000000, 0.000000000000000000, 1.000000000000000000 ) ) ;
#1539 = VECTOR ( 'NONE', #1578, 1000.000000000000000 ) ;
#1540 = VECTOR ( 'NONE', #45, 1000.000000000000000 ) ;
#1541 = ADVANCED_FACE ( 'NONE', ( #274 ), #1073, .T. ) ;
#1542 = AXIS2_PLACEMENT_3D ( 'NONE', #784, #528, #1048 ) ;
#1543 = ORIENTED_EDGE ( 'NONE', *, *, #488, .F. ) ;
#1544 = CIRCLE ( 'NONE', #615, 1.100000000000000089 ) ;
#1545 = CARTESIAN_POINT ( 'NONE',  ( 5.799999999999999822, -0.7999999999999866107, 3.399999999999955058 ) ) ;
#1546 = CARTESIAN_POINT ( 'NONE',  ( 2.450000000000021494, 23.90000000000008029, -4.600000000000002309 ) ) ;
#1547 = VERTEX_POINT ( 'NONE', #515 ) ;
#1548 = ORIENTED_EDGE ( 'NONE', *, *, #1429, .F. ) ;
#1549 = DIRECTION ( 'NONE',  ( 1.000000000000000000, -0.000000000000000000, -0.000000000000000000 ) ) ;
#1550 = VERTEX_POINT ( 'NONE', #382 ) ;
#1551 = EDGE_CURVE ( 'NONE', #1199, #867, #319, .T. ) ;
#1553 = ORIENTED_EDGE ( 'NONE', *, *, #516, .T. ) ;
#1552 = DIRECTION ( 'NONE',  ( 0.000000000000000000, 0.000000000000000000, -1.000000000000000000 ) ) ;
#1554 = ADVANCED_FACE ( 'NONE', ( #1625 ), #409, .T. ) ;
#1555 = AXIS2_PLACEMENT_3D ( 'NONE', #872, #251, #1021 ) ;
#1556 = DIRECTION ( 'NONE',  ( 0.000000000000000000, -0.000000000000000000, -1.000000000000000000 ) ) ;
#1557 = ADVANCED_FACE ( 'NONE', ( #388 ), #290, .T. ) ;
#1558 = EDGE_CURVE ( 'NONE', #1299, #1206, #1478, .T. ) ;
#1559 = CYLINDRICAL_SURFACE ( 'NONE', #57, 1.100000000000000089 ) ;
#1560 = VECTOR ( 'NONE', #1570, 1000.000000000000000 ) ;
#1561 = DIRECTION ( 'NONE',  ( -1.000000000000000000, 0.000000000000000000, -0.000000000000000000 ) ) ;
#1562 = FACE_OUTER_BOUND ( 'NONE', #1248, .T. ) ;
#1563 = CARTESIAN_POINT ( 'NONE',  ( 5.700000000000001066, 15.59999999999999787, -2.700000000000001066 ) ) ;
#1564 = EDGE_CURVE ( 'NONE', #1014, #55, #191, .T. ) ;
#1565 = VECTOR ( 'NONE', #101, 1000.000000000000000 ) ;
#1566 = LINE ( 'NONE', #1572, #1297 ) ;
#1567 = ORIENTED_EDGE ( 'NONE', *, *, #249, .T. ) ;
#1568 = ORIENTED_EDGE ( 'NONE', *, *, #776, .T. ) ;
#1569 = CARTESIAN_POINT ( 'NONE',  ( 27.79999999999999716, 7.399999999997163513, -4.700000000000002842 ) ) ;
#1570 = DIRECTION ( 'NONE',  ( 0.000000000000000000, 0.000000000000000000, -1.000000000000000000 ) ) ;
#1571 = ORIENTED_EDGE ( 'NONE', *, *, #1330, .F. ) ;
#1572 = CARTESIAN_POINT ( 'NONE',  ( 4.799999999999999822, -0.8000000000000000444, 0.000000000000000000 ) ) ;
#1573 = ORIENTED_EDGE ( 'NONE', *, *, #1536, .T. ) ;
#1574 = EDGE_CURVE ( 'NONE', #240, #1419, #152, .T. ) ;
#1575 = EDGE_LOOP ( 'NONE', ( #144, #1553, #1115, #1278 ) ) ;
#1576 = CARTESIAN_POINT ( 'NONE',  ( 5.799999999999999822, 7.299999999997118572, -4.599999999999951683 ) ) ;
#1577 = EDGE_CURVE ( 'NONE', #1440, #247, #1166, .T. ) ;
#1578 = DIRECTION ( 'NONE',  ( 0.000000000000000000, 0.000000000000000000, -1.000000000000000000 ) ) ;
#1579 = DIRECTION ( 'NONE',  ( 0.000000000000000000, 0.000000000000000000, -1.000000000000000000 ) ) ;
#1580 = DIRECTION ( 'NONE',  ( 1.000000000000000000, -0.000000000000000000, -0.000000000000000000 ) ) ;
#1581 = FACE_OUTER_BOUND ( 'NONE', #200, .T. ) ;
#1582 = VECTOR ( 'NONE', #1410, 1000.000000000000000 ) ;
#1583 = DIRECTION ( 'NONE',  ( 0.000000000000000000, 1.000000000000000000, -0.000000000000000000 ) ) ;
#1584 = LINE ( 'NONE', #610, #1259 ) ;
#1585 = LINE ( 'NONE', #800, #1653 ) ;
#1586 = DIRECTION ( 'NONE',  ( -0.000000000000000000, 1.000000000000000000, 0.000000000000000000 ) ) ;
#1587 = ORIENTED_EDGE ( 'NONE', *, *, #944, .F. ) ;
#1588 = AXIS2_PLACEMENT_3D ( 'NONE', #1449, #1061, #941 ) ;
#1589 = VERTEX_POINT ( 'NONE', #18 ) ;
#1590 = DIRECTION ( 'NONE',  ( 0.000000000000000000, 0.000000000000000000, -1.000000000000000000 ) ) ;
#1591 = VERTEX_POINT ( 'NONE', #1352 ) ;
#1592 = CARTESIAN_POINT ( 'NONE',  ( 5.799999999999999822, 6.899999999997133315, 3.399999999999955058 ) ) ;
#1593 = ORIENTED_EDGE ( 'NONE', *, *, #1610, .T. ) ;
#1594 = CARTESIAN_POINT ( 'NONE',  ( 5.799999999999997158, 7.399999999997164402, -4.700000000000001954 ) ) ;
#1595 = ORIENTED_EDGE ( 'NONE', *, *, #318, .F. ) ;
#1596 = ADVANCED_FACE ( 'NONE', ( #1395 ), #1470, .T. ) ;
#1597 = DIRECTION ( 'NONE',  ( -0.000000000000000000, 1.927470528863116978E-15, 1.000000000000000000 ) ) ;
#1598 = ORIENTED_EDGE ( 'NONE', *, *, #339, .T. ) ;
#1599 = CARTESIAN_POINT ( 'NONE',  ( 4.500000000000000888, 27.10000000000000142, -4.599999999999999645 ) ) ;
#1600 = CARTESIAN_POINT ( 'NONE',  ( -4.499999999999998224, 24.60000000000000497, -0.2999999999998936850 ) ) ;
#1601 = EDGE_CURVE ( 'NONE', #221, #583, #1456, .T. ) ;
#1602 = DIRECTION ( 'NONE',  ( 0.000000000000000000, 0.000000000000000000, 1.000000000000000000 ) ) ;
#1603 = DIRECTION ( 'NONE',  ( 0.000000000000000000, 0.000000000000000000, -1.000000000000000000 ) ) ;
#1604 = CARTESIAN_POINT ( 'NONE',  ( 59.79999999999999716, 1.787499999998308109, 2.050000000000093525 ) ) ;
#1605 = ADVANCED_FACE ( 'NONE', ( #1581 ), #1534, .F. ) ;
#1606 = VECTOR ( 'NONE', #80, 1000.000000000000000 ) ;
#1607 = LINE ( 'NONE', #67, #1296 ) ;
#1608 = VECTOR ( 'NONE', #338, 1000.000000000000000 ) ;
#1609 = DIRECTION ( 'NONE',  ( -1.000000000000000000, 0.000000000000000000, 0.000000000000000000 ) ) ;
#1610 = EDGE_CURVE ( 'NONE', #1665, #1161, #317, .T. ) ;
#1611 = ORIENTED_EDGE ( 'NONE', *, *, #594, .T. ) ;
#1612 = DIRECTION ( 'NONE',  ( -1.000000000000000000, 0.000000000000000000, 0.000000000000000000 ) ) ;
#1613 = ORIENTED_EDGE ( 'NONE', *, *, #1105, .F. ) ;
#1614 = AXIS2_PLACEMENT_3D ( 'NONE', #1600, #1612, #160 ) ;
#1615 = CARTESIAN_POINT ( 'NONE',  ( 7.700000000000001066, 13.50000000000000888, 6.500000000000002665 ) ) ;
#1616 = ORIENTED_EDGE ( 'NONE', *, *, #858, .T. ) ;
#1617 = ORIENTED_EDGE ( 'NONE', *, *, #510, .F. ) ;
#1618 = VERTEX_POINT ( 'NONE', #1592 ) ;
#1619 = APPLICATION_PROTOCOL_DEFINITION ( 'draft international standard', 'automotive_design', 1998, #987 ) ;
#1620 = EDGE_LOOP ( 'NONE', ( #97, #342, #548, #911, #1634 ) ) ;
#1621 = CARTESIAN_POINT ( 'NONE',  ( 5.700000000000001066, 15.59999999999999787, -6.500000000000003553 ) ) ;
#1622 = PLANE ( 'NONE',  #1635 ) ;
#1623 = DIRECTION ( 'NONE',  ( 0.000000000000000000, -1.000000000000000000, 0.000000000000000000 ) ) ;
#1624 = DIRECTION ( 'NONE',  ( 3.883709274574962814E-15, 1.000000000000000000, -0.000000000000000000 ) ) ;
#1625 = FACE_OUTER_BOUND ( 'NONE', #537, .T. ) ;
#1626 =( NAMED_UNIT ( * ) SI_UNIT ( $, .STERADIAN. ) SOLID_ANGLE_UNIT ( ) );
#1627 = LINE ( 'NONE', #1321, #1111 ) ;
#1628 = DIRECTION ( 'NONE',  ( 1.000000000000000000, 0.000000000000000000, -0.000000000000000000 ) ) ;
#1629 = VECTOR ( 'NONE', #1535, 1000.000000000000000 ) ;
#1630 = VECTOR ( 'NONE', #9, 1000.000000000000000 ) ;
#1631 = CARTESIAN_POINT ( 'NONE',  ( 7.700000000000001066, 12.25400642056229472, 6.500000000000002665 ) ) ;
#1632 = LINE ( 'NONE', #1615, #53 ) ;
#1633 = DIRECTION ( 'NONE',  ( 1.000000000000000000, 0.000000000000000000, -0.000000000000000000 ) ) ;
#1634 = ORIENTED_EDGE ( 'NONE', *, *, #107, .T. ) ;
#1635 = AXIS2_PLACEMENT_3D ( 'NONE', #171, #1100, #971 ) ;
#1636 = ORIENTED_EDGE ( 'NONE', *, *, #28, .T. ) ;
#1637 = ORIENTED_EDGE ( 'NONE', *, *, #1574, .T. ) ;
#1638 = CARTESIAN_POINT ( 'NONE',  ( 4.500000000000000888, 27.10000000000000142, -4.599999999999999645 ) ) ;
#1639 = DIRECTION ( 'NONE',  ( -0.000000000000000000, 1.000000000000000000, -0.000000000000000000 ) ) ;
#1640 = ORIENTED_EDGE ( 'NONE', *, *, #1092, .F. ) ;
#1641 =( NAMED_UNIT ( * ) PLANE_ANGLE_UNIT ( ) SI_UNIT ( $, .RADIAN. ) );
#1642 = VERTEX_POINT ( 'NONE', #1208 ) ;
#1643 = DIRECTION ( 'NONE',  ( -0.000000000000000000, -0.000000000000000000, 1.000000000000000000 ) ) ;
#1644 = CARTESIAN_POINT ( 'NONE',  ( 7.700000000000001066, 14.74599357943772304, 6.500000000000002665 ) ) ;
#1645 = EDGE_CURVE ( 'NONE', #1199, #828, #815, .T. ) ;
#1646 = AXIS2_PLACEMENT_3D ( 'NONE', #793, #408, #1450 ) ;
#1647 = PLANE ( 'NONE',  #1453 ) ;
#1648 = LINE ( 'NONE', #1029, #991 ) ;
#1649 = DIRECTION ( 'NONE',  ( -1.369518533665899424E-15, 0.000000000000000000, -1.000000000000000000 ) ) ;
#1650 = PRESENTATION_STYLE_ASSIGNMENT (( #962 ) ) ;
#1651 = VECTOR ( 'NONE', #835, 1000.000000000000000 ) ;
#1652 = LINE ( 'NONE', #563, #6 ) ;
#1653 = VECTOR ( 'NONE', #529, 1000.000000000000000 ) ;
#1654 = ORIENTED_EDGE ( 'NONE', *, *, #230, .T. ) ;
#1655 = CARTESIAN_POINT ( 'NONE',  ( 0.000000000000000000, 21.10000000000000142, 0.000000000000000000 ) ) ;
#1656 = EDGE_CURVE ( 'NONE', #607, #1659, #1434, .T. ) ;
#1657 = DIRECTION ( 'NONE',  ( 0.000000000000000000, -0.7071067811865674457, -0.7071067811865276997 ) ) ;
#1658 = EDGE_LOOP ( 'NONE', ( #1363, #705 ) ) ;
#1659 = VERTEX_POINT ( 'NONE', #955 ) ;
#1660 = EDGE_CURVE ( 'NONE', #1618, #1364, #1, .T. ) ;
#1661 = ORIENTED_EDGE ( 'NONE', *, *, #1223, .T. ) ;
#1662 = ORIENTED_EDGE ( 'NONE', *, *, #833, .T. ) ;
#1663 = CARTESIAN_POINT ( 'NONE',  ( 5.800000000000000711, 12.25400642056229472, 4.700000000000004619 ) ) ;
#1665 = VERTEX_POINT ( 'NONE', #1507 ) ;
#1664 = DIRECTION ( 'NONE',  ( -1.000000000000000000, 2.961723007765225868E-15, 0.000000000000000000 ) ) ;
#1666 = EDGE_CURVE ( 'NONE', #1206, #268, #491, .T. ) ;
#1667 = PLANE ( 'NONE',  #1523 ) ;
#1668 = CARTESIAN_POINT ( 'NONE',  ( 5.700000000000001066, 15.59999999999999787, -6.500000000000003553 ) ) ;
#1669 = EDGE_CURVE ( 'NONE', #873, #586, #1313, .T. ) ;
#1670 = AXIS2_PLACEMENT_3D ( 'NONE', #715, #1003, #735 ) ;
#1671 = CYLINDRICAL_SURFACE ( 'NONE', #1231, 2.850000000000000089 ) ;
#1672 = DIRECTION ( 'NONE',  ( 0.000000000000000000, 0.000000000000000000, 1.000000000000000000 ) ) ;
#1673 = CIRCLE ( 'NONE', #243, 2.850000000000000089 ) ;
#1674 = DIRECTION ( 'NONE',  ( -1.000000000000000000, 3.083952846180893053E-15, 0.000000000000000000 ) ) ;
#1675 = VECTOR ( 'NONE', #905, 1000.000000000000000 ) ;
#1676 = ORIENTED_EDGE ( 'NONE', *, *, #284, .F. ) ;
#1677 = DIRECTION ( 'NONE',  ( 0.000000000000000000, 0.000000000000000000, -1.000000000000000000 ) ) ;
#1678 = ORIENTED_EDGE ( 'NONE', *, *, #1086, .T. ) ;
#1679 = ORIENTED_EDGE ( 'NONE', *, *, #1128, .F. ) ;
#1680 = DIRECTION ( 'NONE',  ( 1.000000000000000000, -0.000000000000000000, -0.000000000000000000 ) ) ;
#1681 = DIRECTION ( 'NONE',  ( 0.000000000000000000, -1.000000000000000000, 0.000000000000000000 ) ) ;
#1682 = VERTEX_POINT ( 'NONE', #574 ) ;
#1683 = CARTESIAN_POINT ( 'NONE',  ( 11.51837661840736082, 24.60000000000000497, 0.8000000000001064038 ) ) ;
#1684 = VERTEX_POINT ( 'NONE', #964 ) ;
#1685 = ORIENTED_EDGE ( 'NONE', *, *, #1257, .F. ) ;
#1686 = CARTESIAN_POINT ( 'NONE',  ( 5.799999999999999822, -0.7999999999999866107, -4.599999999999952571 ) ) ;
#1687 = CARTESIAN_POINT ( 'NONE',  ( 6.200000000000001954, 13.50000000000000888, -1.500000000000002220 ) ) ;
#1688 = DIRECTION ( 'NONE',  ( 0.000000000000000000, -0.000000000000000000, -1.000000000000000000 ) ) ;
#1689 = EDGE_CURVE ( 'NONE', #1299, #980, #109, .T. ) ;
#1690 = VECTOR ( 'NONE', #1443, 1000.000000000000000 ) ;
#1691 = CIRCLE ( 'NONE', #824, 0.6499999999999986899 ) ;
#1692 = LINE ( 'NONE', #604, #495 ) ;
#1693 = FACE_OUTER_BOUND ( 'NONE', #42, .T. ) ;
#1694 = LINE ( 'NONE', #1563, #1675 ) ;
#1695 = CARTESIAN_POINT ( 'NONE',  ( 4.700000000000002842, 26.10000000000000142, -5.500000000000002665 ) ) ;
#1696 = ORIENTED_EDGE ( 'NONE', *, *, #120, .T. ) ;
#1697 = ORIENTED_EDGE ( 'NONE', *, *, #1669, .T. ) ;
#1698 = ORIENTED_EDGE ( 'NONE', *, *, #819, .F. ) ;
#1699 = CARTESIAN_POINT ( 'NONE',  ( 5.799999999999999822, 35.00000000000000000, -6.500000000000002665 ) ) ;
#1700 = EDGE_CURVE ( 'NONE', #1404, #1281, #1500, .T. ) ;
#1701 = EDGE_LOOP ( 'NONE', ( #830, #325, #603, #1196 ) ) ;
#1702 = EDGE_LOOP ( 'NONE', ( #1283, #96, #789, #79 ) ) ;
#1703 = AXIS2_PLACEMENT_3D ( 'NONE', #1483, #816, #315 ) ;
#1704 = CARTESIAN_POINT ( 'NONE',  ( 7.700000000000001066, 17.09999999999999787, -2.700000000000001066 ) ) ;
ENDSEC;
END-ISO-10303-21;
