ISO-10303-21;
HEADER;
FILE_DESCRIPTION (( 'STEP AP214' ),
    '1' );
FILE_NAME ('断料后.STEP',
    '2025-04-10T06:12:11',
    ( '微软用户' ),
    ( '微软中国' ),
    'SwSTEP 2.0',
    'SolidWorks 2018',
    '' );
FILE_SCHEMA (( 'AUTOMOTIVE_DESIGN' ));
ENDSEC;

DATA;
#1 = ORIENTED_EDGE ( 'NONE', *, *, #711, .F. ) ;
#2 = CARTESIAN_POINT ( 'NONE',  ( -5.799999999999999822, 27.10000000000000142, 6.500000000000005329 ) ) ;
#3 = DIRECTION ( 'NONE',  ( -0.000000000000000000, -0.000000000000000000, 1.000000000000000000 ) ) ;
#4 = EDGE_LOOP ( 'NONE', ( #900, #852, #2213, #2144, #2185, #1111, #1565, #1830, #858, #1429, #390, #1482 ) ) ;
#5 = LINE ( 'NONE', #326, #1831 ) ;
#6 = CARTESIAN_POINT ( 'NONE',  ( -4.500000000000003553, 28.60000000000000497, -0.2999999999999999334 ) ) ;
#7 = CARTESIAN_POINT ( 'NONE',  ( 0.000000000000000000, 24.75000000000000000, 6.500000000000005329 ) ) ;
#8 = CARTESIAN_POINT ( 'NONE',  ( -5.551115123125782702E-14, 10.75000000000000000, -15.20000000000000462 ) ) ;
#9 = ORIENTED_EDGE ( 'NONE', *, *, #2062, .F. ) ;
#10 = EDGE_CURVE ( 'NONE', #1725, #1188, #2519, .T. ) ;
#11 = DIRECTION ( 'NONE',  ( -1.000000000000000000, 0.000000000000000000, 0.000000000000000000 ) ) ;
#12 = AXIS2_PLACEMENT_3D ( 'NONE', #236, #448, #453 ) ;
#13 = DIRECTION ( 'NONE',  ( -7.528058673009668969E-16, -1.000000000000000000, 0.000000000000000000 ) ) ;
#14 = DIRECTION ( 'NONE',  ( 0.000000000000000000, 1.000000000000000000, -0.000000000000000000 ) ) ;
#15 = DIRECTION ( 'NONE',  ( -1.000000000000000000, 0.000000000000000000, 0.000000000000000000 ) ) ;
#16 = VERTEX_POINT ( 'NONE', #1081 ) ;
#17 = CARTESIAN_POINT ( 'NONE',  ( -0.2417147648272000293, 6.607892381201089904, -3.907892381203924792 ) ) ;
#18 = AXIS2_PLACEMENT_3D ( 'NONE', #1962, #1403, #1578 ) ;
#19 = DIRECTION ( 'NONE',  ( -1.000000000000000000, 0.000000000000000000, 0.000000000000000000 ) ) ;
#20 = CARTESIAN_POINT ( 'NONE',  ( -7.299999999999998934, -0.8000000000000020428, 5.000000000000000000 ) ) ;
#21 = DIRECTION ( 'NONE',  ( 1.000000000000000000, 0.000000000000000000, 0.000000000000000000 ) ) ;
#22 = ORIENTED_EDGE ( 'NONE', *, *, #400, .F. ) ;
#23 = CARTESIAN_POINT ( 'NONE',  ( -7.299999999999998046, 27.10000000000000142, 6.500000000000003553 ) ) ;
#24 = AXIS2_PLACEMENT_3D ( 'NONE', #1034, #586, #1626 ) ;
#25 = EDGE_CURVE ( 'NONE', #309, #123, #1213, .T. ) ;
#26 = DIRECTION ( 'NONE',  ( -0.000000000000000000, -0.000000000000000000, 1.000000000000000000 ) ) ;
#27 = AXIS2_PLACEMENT_3D ( 'NONE', #1546, #2552, #1329 ) ;
#28 = ORIENTED_EDGE ( 'NONE', *, *, #663, .T. ) ;
#29 = FACE_OUTER_BOUND ( 'NONE', #1330, .T. ) ;
#30 = ORIENTED_EDGE ( 'NONE', *, *, #1859, .T. ) ;
#31 = CARTESIAN_POINT ( 'NONE',  ( -1.099999999999998757, 5.249999999999999112, 7.899999999999990585 ) ) ;
#32 = CIRCLE ( 'NONE', #110, 2.000000000000000000 ) ;
#33 = LINE ( 'NONE', #95, #2274 ) ;
#34 = EDGE_CURVE ( 'NONE', #2112, #1408, #118, .T. ) ;
#35 = DIRECTION ( 'NONE',  ( -0.000000000000000000, 0.000000000000000000, -1.000000000000000000 ) ) ;
#36 = ORIENTED_EDGE ( 'NONE', *, *, #2028, .T. ) ;
#37 = VERTEX_POINT ( 'NONE', #2111 ) ;
#38 = FACE_OUTER_BOUND ( 'NONE', #74, .T. ) ;
#39 = DIRECTION ( 'NONE',  ( -0.000000000000000000, -0.000000000000000000, -1.000000000000000000 ) ) ;
#40 = ORIENTED_EDGE ( 'NONE', *, *, #1920, .T. ) ;
#41 = VECTOR ( 'NONE', #1170, 1000.000000000000000 ) ;
#42 = CIRCLE ( 'NONE', #1875, 4.500000000000000888 ) ;
#43 = ORIENTED_EDGE ( 'NONE', *, *, #1263, .F. ) ;
#44 = DIRECTION ( 'NONE',  ( -0.000000000000000000, -0.000000000000000000, -1.000000000000000000 ) ) ;
#45 = ADVANCED_FACE ( 'NONE', ( #759 ), #667, .F. ) ;
#46 = DIRECTION ( 'NONE',  ( -1.000000000000000000, -0.000000000000000000, -0.000000000000000000 ) ) ;
#47 = AXIS2_PLACEMENT_3D ( 'NONE', #1130, #1694, #1932 ) ;
#48 = DIRECTION ( 'NONE',  ( 0.000000000000000000, 0.000000000000000000, 1.000000000000000000 ) ) ;
#49 = DIRECTION ( 'NONE',  ( -0.000000000000000000, -0.000000000000000000, -1.000000000000000000 ) ) ;
#50 = VERTEX_POINT ( 'NONE', #1516 ) ;
#51 = DIRECTION ( 'NONE',  ( 1.000000000000000000, 0.000000000000000000, 0.000000000000000000 ) ) ;
#52 = CARTESIAN_POINT ( 'NONE',  ( 4.842778128306106211, 8.350000000000004974, -14.00000000000000533 ) ) ;
#53 = ADVANCED_FACE ( 'NONE', ( #2306 ), #1695, .F. ) ;
#54 = ORIENTED_EDGE ( 'NONE', *, *, #1270, .T. ) ;
#55 = EDGE_CURVE ( 'NONE', #1548, #1879, #1247, .T. ) ;
#56 = ORIENTED_EDGE ( 'NONE', *, *, #345, .T. ) ;
#57 = DIRECTION ( 'NONE',  ( -0.000000000000000000, 0.000000000000000000, 1.000000000000000000 ) ) ;
#58 = AXIS2_PLACEMENT_3D ( 'NONE', #2432, #401, #647 ) ;
#59 = FACE_BOUND ( 'NONE', #1044, .T. ) ;
#60 = VECTOR ( 'NONE', #1357, 1000.000000000000000 ) ;
#61 = ORIENTED_EDGE ( 'NONE', *, *, #1087, .F. ) ;
#62 = DIRECTION ( 'NONE',  ( 1.275531967630005739E-16, -1.000000000000000000, 0.000000000000000000 ) ) ;
#63 = ORIENTED_EDGE ( 'NONE', *, *, #1734, .T. ) ;
#64 = ORIENTED_EDGE ( 'NONE', *, *, #676, .F. ) ;
#65 = CARTESIAN_POINT ( 'NONE',  ( 5.799999999999999822, -0.8000000000000000444, 0.000000000000000000 ) ) ;
#66 = ADVANCED_FACE ( 'NONE', ( #1990 ), #1140, .T. ) ;
#67 = ORIENTED_EDGE ( 'NONE', *, *, #2194, .T. ) ;
#68 = EDGE_CURVE ( 'NONE', #1506, #2269, #982, .T. ) ;
#69 = CIRCLE ( 'NONE', #1258, 4.499999999999999112 ) ;
#70 = AXIS2_PLACEMENT_3D ( 'NONE', #1425, #13, #819 ) ;
#71 = EDGE_CURVE ( 'NONE', #1742, #720, #1176, .T. ) ;
#72 =( LENGTH_UNIT ( ) NAMED_UNIT ( * ) SI_UNIT ( .MILLI., .METRE. ) );
#73 = AXIS2_PLACEMENT_3D ( 'NONE', #687, #2297, #2090 ) ;
#74 = EDGE_LOOP ( 'NONE', ( #1267, #457, #538, #775 ) ) ;
#75 = ADVANCED_FACE ( 'NONE', ( #1758, #1575 ), #1913, .T. ) ;
#76 = EDGE_CURVE ( 'NONE', #1408, #1345, #1639, .T. ) ;
#77 = CARTESIAN_POINT ( 'NONE',  ( -5.799999999999999822, 27.10000000000000142, -5.500000000000004441 ) ) ;
#78 = CARTESIAN_POINT ( 'NONE',  ( 4.799999999999999822, 1.787499999998265254, -2.849999999999879741 ) ) ;
#79 = APPLICATION_PROTOCOL_DEFINITION ( 'draft international standard', 'automotive_design', 1998, #1665 ) ;
#80 = DIRECTION ( 'NONE',  ( 1.000000000000000000, 0.000000000000000000, 0.000000000000000000 ) ) ;
#81 = CARTESIAN_POINT ( 'NONE',  ( -4.500000000000003553, 30.10000000000000497, -0.2999999999999999334 ) ) ;
#82 = VECTOR ( 'NONE', #48, 1000.000000000000000 ) ;
#83 = EDGE_LOOP ( 'NONE', ( #1199, #1899, #1316, #885, #755, #2108 ) ) ;
#84 = FACE_OUTER_BOUND ( 'NONE', #2220, .T. ) ;
#85 = VERTEX_POINT ( 'NONE', #937 ) ;
#86 = CARTESIAN_POINT ( 'NONE',  ( 0.02842712474619181473, 2.200000000000000622, 4.249999999999999112 ) ) ;
#87 = CARTESIAN_POINT ( 'NONE',  ( 0.5601362052795968438, 6.196703454908121245, -3.496703454910949915 ) ) ;
#88 = LINE ( 'NONE', #210, #250 ) ;
#89 = CIRCLE ( 'NONE', #135, 5.750000000000000888 ) ;
#90 = ADVANCED_FACE ( 'NONE', ( #2578 ), #1109, .T. ) ;
#91 = ORIENTED_EDGE ( 'NONE', *, *, #1828, .F. ) ;
#92 = ORIENTED_EDGE ( 'NONE', *, *, #1939, .F. ) ;
#93 = LINE ( 'NONE', #827, #2110 ) ;
#94 = CARTESIAN_POINT ( 'NONE',  ( 4.700000000000001066, 27.10000000000000142, 8.944412775931397164 ) ) ;
#95 = CARTESIAN_POINT ( 'NONE',  ( 3.261901286060020499, 8.350000000000006750, 4.117587627015037555 ) ) ;
#96 = VERTEX_POINT ( 'NONE', #1115 ) ;
#97 = EDGE_CURVE ( 'NONE', #1188, #1135, #2050, .T. ) ;
#98 = ORIENTED_EDGE ( 'NONE', *, *, #2499, .F. ) ;
#99 = AXIS2_PLACEMENT_3D ( 'NONE', #628, #2433, #1202 ) ;
#100 = DIRECTION ( 'NONE',  ( -0.000000000000000000, 0.000000000000000000, 1.000000000000000000 ) ) ;
#101 = CARTESIAN_POINT ( 'NONE',  ( -7.299999999999998934, 2.200000000000000178, -3.500000000000000888 ) ) ;
#102 = AXIS2_PLACEMENT_3D ( 'NONE', #1398, #555, #1702 ) ;
#103 = DIRECTION ( 'NONE',  ( 0.000000000000000000, 0.000000000000000000, -1.000000000000000000 ) ) ;
#104 = VERTEX_POINT ( 'NONE', #2312 ) ;
#105 = EDGE_CURVE ( 'NONE', #2457, #1128, #1512, .T. ) ;
#106 = ORIENTED_EDGE ( 'NONE', *, *, #270, .F. ) ;
#107 = DIRECTION ( 'NONE',  ( -0.000000000000000000, -0.000000000000000000, -1.000000000000000000 ) ) ;
#108 = DIRECTION ( 'NONE',  ( 1.770561267648950087E-30, -1.238481530905600258E-45, -1.000000000000000000 ) ) ;
#109 = DIRECTION ( 'NONE',  ( -1.770561267648950087E-30, 1.238481530905600258E-45, 1.000000000000000000 ) ) ;
#110 = AXIS2_PLACEMENT_3D ( 'NONE', #1943, #2151, #2369 ) ;
#111 = VECTOR ( 'NONE', #265, 1000.000000000000000 ) ;
#112 = ORIENTED_EDGE ( 'NONE', *, *, #1229, .T. ) ;
#113 = ORIENTED_EDGE ( 'NONE', *, *, #105, .F. ) ;
#114 = FACE_OUTER_BOUND ( 'NONE', #2391, .T. ) ;
#115 = FACE_OUTER_BOUND ( 'NONE', #1009, .T. ) ;
#116 = EDGE_CURVE ( 'NONE', #1348, #2162, #1108, .T. ) ;
#117 = ORIENTED_EDGE ( 'NONE', *, *, #1623, .T. ) ;
#118 = LINE ( 'NONE', #1677, #1666 ) ;
#119 = CARTESIAN_POINT ( 'NONE',  ( 1.100000000000000977, 5.249999999999999112, 215.5000000000000000 ) ) ;
#120 = DIRECTION ( 'NONE',  ( -0.000000000000000000, -0.000000000000000000, 1.000000000000000000 ) ) ;
#121 = ORIENTED_EDGE ( 'NONE', *, *, #1407, .F. ) ;
#122 = VECTOR ( 'NONE', #1424, 1000.000000000000000 ) ;
#123 = VERTEX_POINT ( 'NONE', #1341 ) ;
#124 = EDGE_CURVE ( 'NONE', #104, #2264, #447, .T. ) ;
#125 = PLANE ( 'NONE',  #2018 ) ;
#126 = DIRECTION ( 'NONE',  ( 1.000000000000000000, 2.715219353702827981E-15, 0.000000000000000000 ) ) ;
#127 = VECTOR ( 'NONE', #774, 1000.000000000000000 ) ;
#128 = DIRECTION ( 'NONE',  ( 0.000000000000000000, -0.7071067811865469066, -0.7071067811865482389 ) ) ;
#129 = ORIENTED_EDGE ( 'NONE', *, *, #676, .T. ) ;
#130 = EDGE_CURVE ( 'NONE', #584, #344, #2303, .T. ) ;
#131 = CARTESIAN_POINT ( 'NONE',  ( -2.199999999999999289, 5.249999999999999112, -5.855661067471423564 ) ) ;
#132 = DIRECTION ( 'NONE',  ( 1.770561267648950087E-30, -1.238481530905600258E-45, -1.000000000000000000 ) ) ;
#133 = DIRECTION ( 'NONE',  ( -1.000000000000000000, 0.000000000000000000, 0.000000000000000000 ) ) ;
#134 = ORIENTED_EDGE ( 'NONE', *, *, #968, .T. ) ;
#135 = AXIS2_PLACEMENT_3D ( 'NONE', #1116, #695, #710 ) ;
#136 = CARTESIAN_POINT ( 'NONE',  ( 4.799999999999999822, 7.399999999997166178, -4.700000000000001954 ) ) ;
#137 = CIRCLE ( 'NONE', #148, 1.099999999999999867 ) ;
#138 = EDGE_LOOP ( 'NONE', ( #191, #1869 ) ) ;
#139 = CARTESIAN_POINT ( 'NONE',  ( 8.673617379884285935E-16, 5.250000000000005329, -15.20000000000000284 ) ) ;
#140 = ORIENTED_EDGE ( 'NONE', *, *, #1373, .T. ) ;
#141 = CARTESIAN_POINT ( 'NONE',  ( -5.799999999999999822, 24.50000000000000711, -2.000000000000000888 ) ) ;
#142 = CARTESIAN_POINT ( 'NONE',  ( -4.500000000000003553, 29.10000000000000497, -6.500000000000005329 ) ) ;
#143 = CARTESIAN_POINT ( 'NONE',  ( 8.673617379884197189E-16, 5.250000000000006217, -9.800000000000014921 ) ) ;
#144 = VECTOR ( 'NONE', #1952, 1000.000000000000000 ) ;
#145 = DIRECTION ( 'NONE',  ( 1.651842175752580018E-30, -1.577021341797100025E-16, -1.000000000000000000 ) ) ;
#146 = ORIENTED_EDGE ( 'NONE', *, *, #537, .F. ) ;
#147 = FACE_OUTER_BOUND ( 'NONE', #4, .T. ) ;
#148 = AXIS2_PLACEMENT_3D ( 'NONE', #2272, #1886, #686 ) ;
#149 = EDGE_CURVE ( 'NONE', #1821, #1948, #32, .T. ) ;
#150 = VECTOR ( 'NONE', #924, 1000.000000000000000 ) ;
#151 = FACE_OUTER_BOUND ( 'NONE', #640, .T. ) ;
#152 = CARTESIAN_POINT ( 'NONE',  ( -4.500000000000003553, 27.10000000000000142, -4.700000000000000178 ) ) ;
#153 = DIRECTION ( 'NONE',  ( -0.000000000000000000, -0.000000000000000000, -1.000000000000000000 ) ) ;
#154 = AXIS2_PLACEMENT_3D ( 'NONE', #712, #2321, #335 ) ;
#155 = SURFACE_SIDE_STYLE ('',( #2107 ) ) ;
#157 = VECTOR ( 'NONE', #1813, 1000.000000000000000 ) ;
#156 = DIRECTION ( 'NONE',  ( 8.673617379884035472E-17, 0.000000000000000000, -1.000000000000000000 ) ) ;
#158 = PLANE ( 'NONE',  #1469 ) ;
#159 = ORIENTED_EDGE ( 'NONE', *, *, #970, .T. ) ;
#160 = ORIENTED_EDGE ( 'NONE', *, *, #2048, .F. ) ;
#161 = EDGE_CURVE ( 'NONE', #1208, #1832, #1794, .T. ) ;
#162 = AXIS2_PLACEMENT_3D ( 'NONE', #914, #497, #735 ) ;
#163 = DIRECTION ( 'NONE',  ( 0.000000000000000000, -1.000000000000000000, 0.000000000000000000 ) ) ;
#164 = ADVANCED_FACE ( 'NONE', ( #2049 ), #1590, .T. ) ;
#165 = CARTESIAN_POINT ( 'NONE',  ( 2.000000000000000888, 5.249999999999999112, 7.400000000000000355 ) ) ;
#166 = CARTESIAN_POINT ( 'NONE',  ( 1.057284049582416041E-15, 5.249999999999999112, 6.500000000000002665 ) ) ;
#167 = DIRECTION ( 'NONE',  ( 1.770561267648950087E-30, -1.238481530905600258E-45, -1.000000000000000000 ) ) ;
#168 = CARTESIAN_POINT ( 'NONE',  ( -281.8500000000000227, 8.350000000000219913, -9.800000000000014921 ) ) ;
#169 = ORIENTED_EDGE ( 'NONE', *, *, #1087, .T. ) ;
#170 = SHAPE_DEFINITION_REPRESENTATION ( #2471, #2437 ) ;
#171 = DIRECTION ( 'NONE',  ( 1.000000000000000000, -7.528058673009668969E-16, 1.770561267648950087E-30 ) ) ;
#172 = ORIENTED_EDGE ( 'NONE', *, *, #2604, .F. ) ;
#173 = CARTESIAN_POINT ( 'NONE',  ( -5.799999999999999822, 35.00000000000000000, 6.500000000000005329 ) ) ;
#174 = CARTESIAN_POINT ( 'NONE',  ( 4.799999999999999822, 1.787499999998265254, -2.849999999999879741 ) ) ;
#175 = CARTESIAN_POINT ( 'NONE',  ( -5.799999999999999822, 24.50000000000000711, -2.000000000000000888 ) ) ;
#176 = CARTESIAN_POINT ( 'NONE',  ( 1.100000000000000977, 5.249999999999999112, -2.550000000002827782 ) ) ;
#177 = AXIS2_PLACEMENT_3D ( 'NONE', #1531, #904, #1349 ) ;
#178 = CARTESIAN_POINT ( 'NONE',  ( 5.799999999999999822, -0.8000000000000013767, -6.500000000000005329 ) ) ;
#179 = CARTESIAN_POINT ( 'NONE',  ( 8.673617379884174509E-16, 5.250000000000007105, -8.400000000000003908 ) ) ;
#180 = DIRECTION ( 'NONE',  ( -0.000000000000000000, -0.000000000000000000, -1.000000000000000000 ) ) ;
#181 = ADVANCED_FACE ( 'NONE', ( #2023 ), #1573, .F. ) ;
#182 = ORIENTED_EDGE ( 'NONE', *, *, #711, .T. ) ;
#183 = ORIENTED_EDGE ( 'NONE', *, *, #1263, .T. ) ;
#184 = ORIENTED_EDGE ( 'NONE', *, *, #375, .F. ) ;
#185 = LINE ( 'NONE', #1997, #215 ) ;
#186 = VECTOR ( 'NONE', #1753, 1000.000000000000000 ) ;
#187 = DIRECTION ( 'NONE',  ( 1.000000000000000000, 0.000000000000000000, 0.000000000000000000 ) ) ;
#188 = DIRECTION ( 'NONE',  ( -0.000000000000000000, 0.000000000000000000, 1.000000000000000000 ) ) ;
#189 = ORIENTED_EDGE ( 'NONE', *, *, #1395, .T. ) ;
#190 = EDGE_CURVE ( 'NONE', #1948, #810, #1986, .T. ) ;
#191 = ORIENTED_EDGE ( 'NONE', *, *, #1351, .F. ) ;
#192 = CIRCLE ( 'NONE', #875, 1.500000000000000444 ) ;
#193 = ORIENTED_EDGE ( 'NONE', *, *, #1550, .F. ) ;
#194 = ADVANCED_FACE ( 'NONE', ( #1855 ), #1274, .F. ) ;
#195 = AXIS2_PLACEMENT_3D ( 'NONE', #544, #1944, #1954 ) ;
#196 = CARTESIAN_POINT ( 'NONE',  ( 3.261901286060020499, 8.350000000000004974, -9.800000000000014921 ) ) ;
#197 = VECTOR ( 'NONE', #2597, 1000.000000000000000 ) ;
#198 = ORIENTED_EDGE ( 'NONE', *, *, #263, .T. ) ;
#199 = AXIS2_PLACEMENT_3D ( 'NONE', #1729, #1358, #126 ) ;
#200 = DIRECTION ( 'NONE',  ( -1.000000000000000000, 0.000000000000000000, 0.000000000000000000 ) ) ;
#201 = DIRECTION ( 'NONE',  ( -1.000000000000000000, -0.000000000000000000, 0.000000000000000000 ) ) ;
#202 = ORIENTED_EDGE ( 'NONE', *, *, #2604, .T. ) ;
#203 = CARTESIAN_POINT ( 'NONE',  ( -0.2000000000000005107, 1.787499999998265254, 2.050000000000042455 ) ) ;
#204 = ORIENTED_EDGE ( 'NONE', *, *, #391, .F. ) ;
#205 = ADVANCED_FACE ( 'NONE', ( #2486 ), #1953, .F. ) ;
#206 = AXIS2_PLACEMENT_3D ( 'NONE', #1866, #439, #2456 ) ;
#207 = EDGE_CURVE ( 'NONE', #1188, #1201, #1919, .T. ) ;
#208 = EDGE_LOOP ( 'NONE', ( #1517, #1494, #1032, #1717, #767, #876, #2450, #670 ) ) ;
#209 = AXIS2_PLACEMENT_3D ( 'NONE', #578, #954, #1172 ) ;
#210 = CARTESIAN_POINT ( 'NONE',  ( -4.349999999999997868, 6.402171862180299655, 4.117587627015037555 ) ) ;
#211 = DIRECTION ( 'NONE',  ( 1.000000000000000000, 0.000000000000000000, 0.000000000000000000 ) ) ;
#212 = SURFACE_SIDE_STYLE ('',( #1008 ) ) ;
#213 = ORIENTED_EDGE ( 'NONE', *, *, #2554, .T. ) ;
#214 = EDGE_CURVE ( 'NONE', #635, #281, #1171, .T. ) ;
#215 = VECTOR ( 'NONE', #2592, 1000.000000000000000 ) ;
#216 = ORIENTED_EDGE ( 'NONE', *, *, #2426, .F. ) ;
#217 = CARTESIAN_POINT ( 'NONE',  ( 4.800000000000000711, -0.8000000000000000444, 0.000000000000000000 ) ) ;
#218 = VECTOR ( 'NONE', #385, 1000.000000000000000 ) ;
#219 = LINE ( 'NONE', #2191, #420 ) ;
#220 = DIRECTION ( 'NONE',  ( 0.000000000000000000, 0.000000000000000000, -1.000000000000000000 ) ) ;
#221 = PLANE ( 'NONE',  #303 ) ;
#222 = ORIENTED_EDGE ( 'NONE', *, *, #520, .F. ) ;
#223 = LINE ( 'NONE', #519, #1615 ) ;
#224 = CARTESIAN_POINT ( 'NONE',  ( 4.842778128306112428, 2.150000000000004352, -9.800000000000014921 ) ) ;
#225 = ORIENTED_EDGE ( 'NONE', *, *, #2460, .T. ) ;
#226 = CIRCLE ( 'NONE', #1324, 0.5000000000000002220 ) ;
#227 = DIRECTION ( 'NONE',  ( -1.000000000000000000, 0.000000000000000000, 0.000000000000000000 ) ) ;
#228 = CIRCLE ( 'NONE', #466, 1.000000000000000000 ) ;
#229 = CARTESIAN_POINT ( 'NONE',  ( -5.799999999999999822, 24.50000000000000711, -6.500000000000005329 ) ) ;
#230 = ORIENTED_EDGE ( 'NONE', *, *, #1166, .T. ) ;
#231 = VECTOR ( 'NONE', #1163, 1000.000000000000000 ) ;
#232 = DIRECTION ( 'NONE',  ( 0.000000000000000000, 0.7071067811865474617, -0.7071067811865474617 ) ) ;
#233 = ORIENTED_EDGE ( 'NONE', *, *, #1389, .T. ) ;
#234 = DIRECTION ( 'NONE',  ( 8.673617379884034239E-17, 0.000000000000000000, -1.000000000000000000 ) ) ;
#235 = DIRECTION ( 'NONE',  ( 1.000000000000000000, 0.000000000000000000, 0.000000000000000000 ) ) ;
#236 = CARTESIAN_POINT ( 'NONE',  ( -0.2000000000000005107, 1.787499999998265254, -2.849999999999879741 ) ) ;
#237 = CARTESIAN_POINT ( 'NONE',  ( 4.799999999999999822, 4.374999999996503242, -1.674999999999339018 ) ) ;
#238 = ADVANCED_FACE ( 'NONE', ( #860 ), #1692, .F. ) ;
#239 = ORIENTED_EDGE ( 'NONE', *, *, #1653, .F. ) ;
#240 = EDGE_CURVE ( 'NONE', #1231, #1901, #1510, .T. ) ;
#241 = AXIS2_PLACEMENT_3D ( 'NONE', #1016, #3, #1268 ) ;
#242 = CYLINDRICAL_SURFACE ( 'NONE', #1956, 1.099999999999999867 ) ;
#243 = VECTOR ( 'NONE', #2221, 1000.000000000000000 ) ;
#244 = AXIS2_PLACEMENT_3D ( 'NONE', #1976, #1770, #364 ) ;
#245 = ORIENTED_EDGE ( 'NONE', *, *, #2543, .F. ) ;
#246 = CARTESIAN_POINT ( 'NONE',  ( -5.750000000000000000, 5.250000000000000000, -24.66345596729060219 ) ) ;
#247 = EDGE_LOOP ( 'NONE', ( #2534, #1346, #1018, #1164, #1649, #239, #869 ) ) ;
#248 = CIRCLE ( 'NONE', #1872, 0.7500000000000002220 ) ;
#249 = ORIENTED_EDGE ( 'NONE', *, *, #1270, .F. ) ;
#250 = VECTOR ( 'NONE', #620, 1000.000000000000000 ) ;
#251 = FACE_BOUND ( 'NONE', #138, .T. ) ;
#252 = VERTEX_POINT ( 'NONE', #1778 ) ;
#253 = EDGE_CURVE ( 'NONE', #1921, #788, #1456, .T. ) ;
#254 = CARTESIAN_POINT ( 'NONE',  ( 1.100000000000000977, 5.249999999999999112, 215.5000000000000000 ) ) ;
#255 = ORIENTED_EDGE ( 'NONE', *, *, #851, .T. ) ;
#256 = CIRCLE ( 'NONE', #2487, 0.7500000000000002220 ) ;
#257 = ADVANCED_FACE ( 'NONE', ( #147 ), #722, .F. ) ;
#258 = AXIS2_PLACEMENT_3D ( 'NONE', #717, #108, #962 ) ;
#259 = ORIENTED_EDGE ( 'NONE', *, *, #1334, .T. ) ;
#260 = CARTESIAN_POINT ( 'NONE',  ( 6.200000000000001954, 13.50000000000000888, -4.700000000000000178 ) ) ;
#261 = ORIENTED_EDGE ( 'NONE', *, *, #1670, .F. ) ;
#262 = CIRCLE ( 'NONE', #2310, 0.7499999999999997780 ) ;
#263 = EDGE_CURVE ( 'NONE', #85, #2398, #2171, .T. ) ;
#264 = ORIENTED_EDGE ( 'NONE', *, *, #407, .F. ) ;
#265 = DIRECTION ( 'NONE',  ( -1.000000000000000000, -0.000000000000000000, -0.000000000000000000 ) ) ;
#266 = ADVANCED_FACE ( 'NONE', ( #376 ), #1005, .F. ) ;
#267 = EDGE_CURVE ( 'NONE', #2264, #1809, #2390, .T. ) ;
#268 = DIRECTION ( 'NONE',  ( 1.000000000000000000, 0.000000000000000000, 0.000000000000000000 ) ) ;
#269 = LINE ( 'NONE', #217, #714 ) ;
#270 = EDGE_CURVE ( 'NONE', #1724, #50, #88, .T. ) ;
#271 = CARTESIAN_POINT ( 'NONE',  ( -2.799999999999999378, 2.200000000000000178, -4.250000000000000888 ) ) ;
#272 = ORIENTED_EDGE ( 'NONE', *, *, #2526, .F. ) ;
#273 = FACE_OUTER_BOUND ( 'NONE', #524, .T. ) ;
#274 = VERTEX_POINT ( 'NONE', #1019 ) ;
#275 = ADVANCED_FACE ( 'NONE', ( #2574 ), #221, .F. ) ;
#276 = CARTESIAN_POINT ( 'NONE',  ( -6.550000000000000711, 24.50000000000000711, -2.000000000000000888 ) ) ;
#277 = LINE ( 'NONE', #360, #1133 ) ;
#278 = FACE_OUTER_BOUND ( 'NONE', #2245, .T. ) ;
#279 = ORIENTED_EDGE ( 'NONE', *, *, #1784, .T. ) ;
#280 = VECTOR ( 'NONE', #807, 1000.000000000000000 ) ;
#281 = VERTEX_POINT ( 'NONE', #426 ) ;
#282 = CARTESIAN_POINT ( 'NONE',  ( -4.500000000000003553, 27.10000000000000142, -4.299999999999999822 ) ) ;
#283 = CARTESIAN_POINT ( 'NONE',  ( -8.565172198073181420, 4.374999999996528999, -0.4000000000001355249 ) ) ;
#284 = EDGE_LOOP ( 'NONE', ( #902, #2510, #1811, #1735 ) ) ;
#285 = CIRCLE ( 'NONE', #12, 0.7499999999999997780 ) ;
#286 =( BOUNDED_CURVE ( )  B_SPLINE_CURVE ( 3, ( #1659, #2038, #2442, #840 ),
 .UNSPECIFIED., .F., .F. ) 
 B_SPLINE_CURVE_WITH_KNOTS ( ( 4, 4 ),
 ( 3.792631711070920897, 4.712388980384689674 ),
 .UNSPECIFIED. ) 
 CURVE ( )  GEOMETRIC_REPRESENTATION_ITEM ( )  RATIONAL_B_SPLINE_CURVE ( ( 1.000000000000000000, 0.9307375805603312902, 0.9307375805603312902, 1.000000000000000000 ) ) 
 REPRESENTATION_ITEM ( '' )  );
#287 = VERTEX_POINT ( 'NONE', #792 ) ;
#288 = CYLINDRICAL_SURFACE ( 'NONE', #1900, 0.7499999999999997780 ) ;
#289 = ADVANCED_FACE ( 'NONE', ( #1949 ), #587, .F. ) ;
#290 = AXIS2_PLACEMENT_3D ( 'NONE', #1644, #44, #227 ) ;
#291 = ORIENTED_EDGE ( 'NONE', *, *, #263, .F. ) ;
#292 = VECTOR ( 'NONE', #1817, 1000.000000000000000 ) ;
#293 = EDGE_CURVE ( 'NONE', #1435, #740, #1887, .T. ) ;
#294 = CARTESIAN_POINT ( 'NONE',  ( -4.349999999999996980, 6.402171862180297879, -14.00000000000000533 ) ) ;
#295 = DIRECTION ( 'NONE',  ( 0.000000000000000000, 0.000000000000000000, -1.000000000000000000 ) ) ;
#296 = AXIS2_PLACEMENT_3D ( 'NONE', #179, #556, #1987 ) ;
#297 = APPLICATION_PROTOCOL_DEFINITION ( 'draft international standard', 'automotive_design', 1998, #465 ) ;
#298 = CARTESIAN_POINT ( 'NONE',  ( 0.000000000000000000, 24.75000000000000000, 0.6715728752538073776 ) ) ;
#299 = EDGE_CURVE ( 'NONE', #2462, #2068, #2330, .T. ) ;
#300 = CARTESIAN_POINT ( 'NONE',  ( -7.299999999999998934, 28.60000000000000497, -4.299999999999999822 ) ) ;
#301 = VECTOR ( 'NONE', #2246, 1000.000000000000000 ) ;
#302 = DIRECTION ( 'NONE',  ( 0.000000000000000000, 0.000000000000000000, 1.000000000000000000 ) ) ;
#303 = AXIS2_PLACEMENT_3D ( 'NONE', #2395, #820, #813 ) ;
#304 = CARTESIAN_POINT ( 'NONE',  ( -4.500000000000003553, 4.374999999996527222, 3.499999999999999556 ) ) ;
#305 = ORIENTED_EDGE ( 'NONE', *, *, #1478, .F. ) ;
#306 = AXIS2_PLACEMENT_3D ( 'NONE', #1083, #1310, #882 ) ;
#307 = EDGE_LOOP ( 'NONE', ( #2233, #1486, #2617, #1155 ) ) ;
#308 = ORIENTED_EDGE ( 'NONE', *, *, #1265, .F. ) ;
#309 = VERTEX_POINT ( 'NONE', #394 ) ;
#310 = DIRECTION ( 'NONE',  ( 1.000000000000000000, 0.000000000000000000, -0.000000000000000000 ) ) ;
#311 = DIRECTION ( 'NONE',  ( -1.000000000000000000, 7.528058673009668969E-16, -1.770561267648950087E-30 ) ) ;
#312 = PRESENTATION_STYLE_ASSIGNMENT (( #1738 ) ) ;
#313 = AXIS2_PLACEMENT_3D ( 'NONE', #2346, #311, #1360 ) ;
#314 = VECTOR ( 'NONE', #1696, 1000.000000000000000 ) ;
#315 = LINE ( 'NONE', #2167, #2490 ) ;
#316 = ORIENTED_EDGE ( 'NONE', *, *, #443, .T. ) ;
#317 = LINE ( 'NONE', #430, #1282 ) ;
#318 = EDGE_LOOP ( 'NONE', ( #1287, #1660, #1774, #134 ) ) ;
#319 = VECTOR ( 'NONE', #1576, 1000.000000000000000 ) ;
#320 = DIRECTION ( 'NONE',  ( -1.000000000000000000, 0.000000000000000000, 0.000000000000000000 ) ) ;
#321 = VERTEX_POINT ( 'NONE', #1414 ) ;
#322 = EDGE_CURVE ( 'NONE', #987, #1374, #946, .T. ) ;
#323 = ORIENTED_EDGE ( 'NONE', *, *, #1810, .T. ) ;
#324 = DIRECTION ( 'NONE',  ( -1.000000000000000000, 0.000000000000000000, 0.000000000000000000 ) ) ;
#325 = CARTESIAN_POINT ( 'NONE',  ( 1.057284049582416041E-15, 5.249999999999999112, 215.5000000000000000 ) ) ;
#326 = CARTESIAN_POINT ( 'NONE',  ( -8.355105673028294433, 4.374999999996528999, 0.8749999999993641753 ) ) ;
#327 = AXIS2_PLACEMENT_3D ( 'NONE', #1132, #2529, #736 ) ;
#328 = CARTESIAN_POINT ( 'NONE',  ( -5.799999999999999822, 24.50000000000000711, -6.500000000000005329 ) ) ;
#329 = CIRCLE ( 'NONE', #1683, 1.500000000000000000 ) ;
#330 = EDGE_LOOP ( 'NONE', ( #2484, #2223, #189, #2079, #1406, #1238, #560 ) ) ;
#331 = DIRECTION ( 'NONE',  ( 1.000000000000000000, -0.000000000000000000, 0.000000000000000000 ) ) ;
#332 = PLANE ( 'NONE',  #2453 ) ;
#333 = DIRECTION ( 'NONE',  ( 1.651842175752580018E-30, -1.577021341797100025E-16, -1.000000000000000000 ) ) ;
#334 = CIRCLE ( 'NONE', #2146, 5.750000000000000888 ) ;
#335 = DIRECTION ( 'NONE',  ( 1.000000000000000000, 0.000000000000000000, 1.770561267648950087E-30 ) ) ;
#336 = ORIENTED_EDGE ( 'NONE', *, *, #2078, .T. ) ;
#337 = LINE ( 'NONE', #237, #498 ) ;
#338 = ORIENTED_EDGE ( 'NONE', *, *, #708, .F. ) ;
#339 = EDGE_CURVE ( 'NONE', #1809, #2364, #886, .T. ) ;
#340 = ORIENTED_EDGE ( 'NONE', *, *, #161, .F. ) ;
#341 = AXIS2_PLACEMENT_3D ( 'NONE', #298, #1890, #2495 ) ;
#342 = LINE ( 'NONE', #2215, #1311 ) ;
#343 = VERTEX_POINT ( 'NONE', #2231 ) ;
#344 = VERTEX_POINT ( 'NONE', #1434 ) ;
#345 = EDGE_CURVE ( 'NONE', #309, #2489, #1754, .T. ) ;
#346 = VERTEX_POINT ( 'NONE', #2086 ) ;
#347 = VECTOR ( 'NONE', #128, 1000.000000000000000 ) ;
#348 = CARTESIAN_POINT ( 'NONE',  ( -3.261901286060012062, 8.350000000000010303, -14.00000000000000355 ) ) ;
#349 = CARTESIAN_POINT ( 'NONE',  ( 1.057284049582416041E-15, 5.249999999999999112, 7.900000000000000355 ) ) ;
#350 = CARTESIAN_POINT ( 'NONE',  ( 5.799999999999999822, -0.8000000000000007105, 6.500000000000003553 ) ) ;
#351 = DIRECTION ( 'NONE',  ( -1.000000000000000000, 1.734723475976807489E-15, 0.000000000000000000 ) ) ;
#352 = DIRECTION ( 'NONE',  ( -1.000000000000000000, 0.000000000000000000, -8.673617379884035472E-17 ) ) ;
#353 = VECTOR ( 'NONE', #1427, 1000.000000000000000 ) ;
#354 = DIRECTION ( 'NONE',  ( 1.651842175752580018E-30, 0.000000000000000000, -1.000000000000000000 ) ) ;
#355 = CARTESIAN_POINT ( 'NONE',  ( -4.500000000000003553, 28.60000000000000497, -0.2999999999999999334 ) ) ;
#356 = VERTEX_POINT ( 'NONE', #365 ) ;
#357 = ORIENTED_EDGE ( 'NONE', *, *, #1373, .F. ) ;
#358 = CARTESIAN_POINT ( 'NONE',  ( 1.057284049582416041E-15, 5.249999999999999112, 7.400000000000000355 ) ) ;
#359 = CARTESIAN_POINT ( 'NONE',  ( -4.500000000000003553, 35.00000000000000000, -4.299999999999999822 ) ) ;
#360 = CARTESIAN_POINT ( 'NONE',  ( 0.7500000000000003331, 24.75000000000000000, 0.6715728752538073776 ) ) ;
#361 = CARTESIAN_POINT ( 'NONE',  ( 1.500000000000001110, 5.249999999999999112, 7.400000000000000355 ) ) ;
#362 = CARTESIAN_POINT ( 'NONE',  ( -2.799999999999999378, 2.200000000000000622, 2.999999999999999112 ) ) ;
#363 = AXIS2_PLACEMENT_3D ( 'NONE', #1710, #295, #2113 ) ;
#364 = DIRECTION ( 'NONE',  ( -1.000000000000000000, 0.000000000000000000, 0.000000000000000000 ) ) ;
#365 = CARTESIAN_POINT ( 'NONE',  ( -1.099999999999998757, 5.249999999999999112, 1.750000000002832623 ) ) ;
#366 = FACE_OUTER_BOUND ( 'NONE', #1448, .T. ) ;
#367 = DIRECTION ( 'NONE',  ( 0.000000000000000000, -0.000000000000000000, -1.000000000000000000 ) ) ;
#368 = EDGE_LOOP ( 'NONE', ( #1364, #1852, #2074, #40 ) ) ;
#369 = DIRECTION ( 'NONE',  ( 0.000000000000000000, 0.000000000000000000, -1.000000000000000000 ) ) ;
#370 = DIRECTION ( 'NONE',  ( 0.000000000000000000, 0.000000000000000000, -1.000000000000000000 ) ) ;
#371 = VERTEX_POINT ( 'NONE', #1418 ) ;
#372 = LINE ( 'NONE', #2176, #1206 ) ;
#373 = DIRECTION ( 'NONE',  ( 1.000000000000000000, 0.000000000000000000, 0.000000000000000000 ) ) ;
#374 = EDGE_LOOP ( 'NONE', ( #202, #204, #1584, #1048 ) ) ;
#375 = EDGE_CURVE ( 'NONE', #912, #506, #826, .T. ) ;
#376 = FACE_OUTER_BOUND ( 'NONE', #83, .T. ) ;
#377 = ORIENTED_EDGE ( 'NONE', *, *, #1062, .T. ) ;
#378 = CYLINDRICAL_SURFACE ( 'NONE', #195, 2.000000000000000000 ) ;
#379 = CARTESIAN_POINT ( 'NONE',  ( 8.673617379884174509E-16, 5.250000000000007105, -8.400000000000003908 ) ) ;
#380 = PLANE ( 'NONE',  #551 ) ;
#381 = AXIS2_PLACEMENT_3D ( 'NONE', #1377, #167, #1551 ) ;
#382 = EDGE_LOOP ( 'NONE', ( #1560, #2059, #1808, #479 ) ) ;
#384 = LINE ( 'NONE', #1864, #1894 ) ;
#383 = DIRECTION ( 'NONE',  ( -0.000000000000000000, -0.000000000000000000, -1.000000000000000000 ) ) ;
#385 = DIRECTION ( 'NONE',  ( 1.000000000000000000, -7.528058673009668969E-16, 1.770561267648950087E-30 ) ) ;
#386 = DIRECTION ( 'NONE',  ( 0.000000000000000000, -1.000000000000000000, 1.577021341797100025E-16 ) ) ;
#387 = FACE_OUTER_BOUND ( 'NONE', #1747, .T. ) ;
#388 = CIRCLE ( 'NONE', #1045, 0.7500000000000002220 ) ;
#389 = EDGE_CURVE ( 'NONE', #1832, #96, #342, .T. ) ;
#390 = ORIENTED_EDGE ( 'NONE', *, *, #1926, .F. ) ;
#391 = EDGE_CURVE ( 'NONE', #2498, #469, #756, .T. ) ;
#392 = CARTESIAN_POINT ( 'NONE',  ( 1.057284049582416041E-15, 5.249999999999999112, 215.5000000000000000 ) ) ;
#393 = CARTESIAN_POINT ( 'NONE',  ( -4.500000000000003553, 4.374999999996451727, -1.674999999999287725 ) ) ;
#394 = CARTESIAN_POINT ( 'NONE',  ( 4.350000000000000533, 4.097828137819713668, -14.00000000000000533 ) ) ;
#395 = CARTESIAN_POINT ( 'NONE',  ( 8.673617379884197189E-16, 5.250000000000006217, -9.800000000000014921 ) ) ;
#396 = CARTESIAN_POINT ( 'NONE',  ( 5.799999999999999822, 35.00000000000000000, 6.500000000000005329 ) ) ;
#397 = DIRECTION ( 'NONE',  ( -1.000000000000000000, 0.000000000000000000, 0.000000000000000000 ) ) ;
#398 = ORIENTED_EDGE ( 'NONE', *, *, #1939, .T. ) ;
#399 = ADVANCED_FACE ( 'NONE', ( #643 ), #2243, .F. ) ;
#400 = EDGE_CURVE ( 'NONE', #1435, #1548, #1432, .T. ) ;
#401 = DIRECTION ( 'NONE',  ( -1.000000000000000000, 0.000000000000000000, 0.000000000000000000 ) ) ;
#402 = CARTESIAN_POINT ( 'NONE',  ( 0.7500000000000003331, 24.75000000000000000, 6.500000000000005329 ) ) ;
#403 = DIRECTION ( 'NONE',  ( 0.000000000000000000, 0.000000000000000000, 1.000000000000000000 ) ) ;
#404 = CARTESIAN_POINT ( 'NONE',  ( 2.200000000000001066, 5.249999999999999112, -5.855661067471423564 ) ) ;
#405 = VERTEX_POINT ( 'NONE', #588 ) ;
#406 = CARTESIAN_POINT ( 'NONE',  ( -5.049999999999998934, 24.50000000000000711, -2.000000000000000888 ) ) ;
#407 = EDGE_CURVE ( 'NONE', #872, #371, #1504, .T. ) ;
#408 = ORIENTED_EDGE ( 'NONE', *, *, #1255, .T. ) ;
#409 = ORIENTED_EDGE ( 'NONE', *, *, #55, .F. ) ;
#410 = ORIENTED_EDGE ( 'NONE', *, *, #149, .F. ) ;
#411 = DIRECTION ( 'NONE',  ( 0.000000000000000000, 0.000000000000000000, -1.000000000000000000 ) ) ;
#412 = ADVANCED_FACE ( 'NONE', ( #444 ), #1220, .F. ) ;
#413 = PLANE ( 'NONE',  #70 ) ;
#414 = LINE ( 'NONE', #961, #1662 ) ;
#415 = LINE ( 'NONE', #1928, #1882 ) ;
#416 = ORIENTED_EDGE ( 'NONE', *, *, #929, .T. ) ;
#417 = CARTESIAN_POINT ( 'NONE',  ( 4.700000000000001954, 26.10000000000000142, -6.500000000000005329 ) ) ;
#418 = DIRECTION ( 'NONE',  ( 1.000000000000000000, 0.000000000000000000, 0.000000000000000000 ) ) ;
#419 = VECTOR ( 'NONE', #579, 1000.000000000000000 ) ;
#420 = VECTOR ( 'NONE', #1317, 1000.000000000000000 ) ;
#421 = EDGE_CURVE ( 'NONE', #991, #2218, #185, .T. ) ;
#422 = VERTEX_POINT ( 'NONE', #355 ) ;
#423 = FACE_OUTER_BOUND ( 'NONE', #2093, .T. ) ;
#424 = VERTEX_POINT ( 'NONE', #2567 ) ;
#425 = PLANE ( 'NONE',  #1198 ) ;
#426 = CARTESIAN_POINT ( 'NONE',  ( 4.799999999999998934, 4.374999999996514788, -1.674999999999350120 ) ) ;
#427 = LINE ( 'NONE', #1739, #347 ) ;
#428 = DIRECTION ( 'NONE',  ( 0.000000000000000000, 0.000000000000000000, 1.000000000000000000 ) ) ;
#429 = CARTESIAN_POINT ( 'NONE',  ( 0.2417147648272020555, 6.607892381201089904, -3.907892381203924792 ) ) ;
#430 = CARTESIAN_POINT ( 'NONE',  ( 5.750000000000001776, 5.249999999999999112, -24.66345596729060219 ) ) ;
#431 = DIRECTION ( 'NONE',  ( 1.000000000000000000, 0.000000000000000000, 0.000000000000000000 ) ) ;
#432 = CARTESIAN_POINT ( 'NONE',  ( -8.565172198073181420, 4.374999999996528999, 0.8749999999993626210 ) ) ;
#433 = EDGE_CURVE ( 'NONE', #1606, #281, #1017, .T. ) ;
#434 = CARTESIAN_POINT ( 'NONE',  ( 2.000000000000000888, 5.249999999999999112, -1.702438661763949757 ) ) ;
#435 = ORIENTED_EDGE ( 'NONE', *, *, #2286, .T. ) ;
#436 = AXIS2_PLACEMENT_3D ( 'NONE', #7, #1020, #418 ) ;
#437 = PLANE ( 'NONE',  #1143 ) ;
#438 = VERTEX_POINT ( 'NONE', #1781 ) ;
#439 = DIRECTION ( 'NONE',  ( 0.000000000000000000, 0.000000000000000000, 1.000000000000000000 ) ) ;
#440 =( BOUNDED_CURVE ( )  B_SPLINE_CURVE ( 3, ( #1250, #649, #2054, #2446 ),
 .UNSPECIFIED., .F., .F. ) 
 B_SPLINE_CURVE_WITH_KNOTS ( ( 4, 4 ),
 ( 4.712388980384689674, 5.632146249698402052 ),
 .UNSPECIFIED. ) 
 CURVE ( )  GEOMETRIC_REPRESENTATION_ITEM ( )  RATIONAL_B_SPLINE_CURVE ( ( 1.000000000000000000, 0.9307375805603396168, 0.9307375805603396168, 1.000000000000000000 ) ) 
 REPRESENTATION_ITEM ( '' )  );
#441 = CARTESIAN_POINT ( 'NONE',  ( -5.750000000000000000, 5.250000000000000000, -6.500000000000005329 ) ) ;
#442 = VERTEX_POINT ( 'NONE', #1757 ) ;
#443 = EDGE_CURVE ( 'NONE', #438, #2422, #1099, .T. ) ;
#444 = FACE_OUTER_BOUND ( 'NONE', #368, .T. ) ;
#445 = VERTEX_POINT ( 'NONE', #561 ) ;
#446 = ADVANCED_FACE ( 'NONE', ( #564 ), #1405, .F. ) ;
#447 = CIRCLE ( 'NONE', #258, 5.750000000000000888 ) ;
#448 = DIRECTION ( 'NONE',  ( 1.000000000000000000, 0.000000000000000000, 0.000000000000000000 ) ) ;
#449 = EDGE_LOOP ( 'NONE', ( #1279, #2251, #1221, #535 ) ) ;
#450 = ORIENTED_EDGE ( 'NONE', *, *, #1102, .F. ) ;
#451 = VECTOR ( 'NONE', #2463, 1000.000000000000000 ) ;
#452 = CARTESIAN_POINT ( 'NONE',  ( 1.057284049582416041E-15, 5.249999999999999112, 215.5000000000000000 ) ) ;
#453 = DIRECTION ( 'NONE',  ( 0.000000000000000000, 0.000000000000000000, -1.000000000000000000 ) ) ;
#454 = VERTEX_POINT ( 'NONE', #978 ) ;
#455 = AXIS2_PLACEMENT_3D ( 'NONE', #776, #1763, #1959 ) ;
#456 = ADVANCED_FACE ( 'NONE', ( #1947 ), #1187, .T. ) ;
#457 = ORIENTED_EDGE ( 'NONE', *, *, #1215, .F. ) ;
#458 = DIRECTION ( 'NONE',  ( -0.000000000000000000, -0.000000000000000000, -1.000000000000000000 ) ) ;
#459 = CARTESIAN_POINT ( 'NONE',  ( -4.500000000000003553, 29.10000000000000497, -5.500000000000005329 ) ) ;
#460 = ORIENTED_EDGE ( 'NONE', *, *, #2594, .F. ) ;
#461 = CARTESIAN_POINT ( 'NONE',  ( 1.057284049582416041E-15, 5.249999999999999112, -1.702438661763949757 ) ) ;
#462 = TOROIDAL_SURFACE ( 'NONE', #923, 1.500000000000000000, 0.5000000000000003331 ) ;
#463 = EDGE_CURVE ( 'NONE', #1879, #2022, #1881, .T. ) ;
#464 = CYLINDRICAL_SURFACE ( 'NONE', #1827, 0.7500000000000002220 ) ;
#465 = APPLICATION_CONTEXT ( 'automotive_design' ) ;
#466 = AXIS2_PLACEMENT_3D ( 'NONE', #1144, #1946, #103 ) ;
#467 = ORIENTED_EDGE ( 'NONE', *, *, #2596, .F. ) ;
#468 = PLANE ( 'NONE',  #1552 ) ;
#469 = VERTEX_POINT ( 'NONE', #1622 ) ;
#470 = LINE ( 'NONE', #1823, #634 ) ;
#471 = ORIENTED_EDGE ( 'NONE', *, *, #2147, .F. ) ;
#472 = CIRCLE ( 'NONE', #1031, 0.7499999999999997780 ) ;
#473 = ORIENTED_EDGE ( 'NONE', *, *, #339, .T. ) ;
#474 = CARTESIAN_POINT ( 'NONE',  ( 1.057284049582416041E-15, 5.249999999999999112, -3.496703454910949915 ) ) ;
#475 = FILL_AREA_STYLE ('',( #1481 ) ) ;
#476 = VECTOR ( 'NONE', #1096, 1000.000000000000000 ) ;
#477 =( GEOMETRIC_REPRESENTATION_CONTEXT ( 3 ) GLOBAL_UNCERTAINTY_ASSIGNED_CONTEXT ( ( #757 ) ) GLOBAL_UNIT_ASSIGNED_CONTEXT ( ( #542, #1568, #1766 ) ) REPRESENTATION_CONTEXT ( 'NONE', 'WORKASPACE' ) );
#478 = DIRECTION ( 'NONE',  ( -7.528058673009668969E-16, -1.000000000000000000, 0.000000000000000000 ) ) ;
#479 = ORIENTED_EDGE ( 'NONE', *, *, #1859, .F. ) ;
#480 = VECTOR ( 'NONE', #764, 1000.000000000000000 ) ;
#481 = CARTESIAN_POINT ( 'NONE',  ( -4.500000000000002665, 24.59999999999995879, -0.3000000000000879741 ) ) ;
#482 = ORIENTED_EDGE ( 'NONE', *, *, #2207, .T. ) ;
#483 =( GEOMETRIC_REPRESENTATION_CONTEXT ( 3 ) GLOBAL_UNCERTAINTY_ASSIGNED_CONTEXT ( ( #2468 ) ) GLOBAL_UNIT_ASSIGNED_CONTEXT ( ( #72, #1640, #2047 ) ) REPRESENTATION_CONTEXT ( 'NONE', 'WORKASPACE' ) );
#484 = EDGE_CURVE ( 'NONE', #1513, #123, #1042, .T. ) ;
#485 = ORIENTED_EDGE ( 'NONE', *, *, #2448, .T. ) ;
#487 = CIRCLE ( 'NONE', #2247, 2.200000000000000178 ) ;
#486 = CARTESIAN_POINT ( 'NONE',  ( -4.842778128306135521, 2.150000000000011458, -9.800000000000014921 ) ) ;
#488 = AXIS2_PLACEMENT_3D ( 'NONE', #1789, #965, #794 ) ;
#489 =( NAMED_UNIT ( * ) SI_UNIT ( $, .STERADIAN. ) SOLID_ANGLE_UNIT ( ) );
#490 = VECTOR ( 'NONE', #2003, 1000.000000000000000 ) ;
#491 = ORIENTED_EDGE ( 'NONE', *, *, #815, .F. ) ;
#492 = EDGE_CURVE ( 'NONE', #2068, #2462, #1368, .T. ) ;
#493 = CARTESIAN_POINT ( 'NONE',  ( -1.099999999999998757, 5.249999999999999112, -2.550000000002827782 ) ) ;
#494 = DIRECTION ( 'NONE',  ( 0.000000000000000000, 0.000000000000000000, -1.000000000000000000 ) ) ;
#495 = ADVANCED_FACE ( 'NONE', ( #29 ), #1723, .F. ) ;
#496 = CARTESIAN_POINT ( 'NONE',  ( -4.349999999999996980, 6.402171862180300543, 4.117587627015035778 ) ) ;
#497 = DIRECTION ( 'NONE',  ( 1.651842175752580018E-30, -1.577021341797100025E-16, -1.000000000000000000 ) ) ;
#498 = VECTOR ( 'NONE', #1835, 1000.000000000000000 ) ;
#499 = ORIENTED_EDGE ( 'NONE', *, *, #683, .T. ) ;
#500 = VECTOR ( 'NONE', #1966, 1000.000000000000000 ) ;
#501 = ORIENTED_EDGE ( 'NONE', *, *, #520, .T. ) ;
#502 = CARTESIAN_POINT ( 'NONE',  ( -0.2000000000000005107, 1.787499999998265254, -2.349999999999879741 ) ) ;
#503 = VECTOR ( 'NONE', #2327, 1000.000000000000000 ) ;
#504 = VECTOR ( 'NONE', #2345, 1000.000000000000000 ) ;
#505 = DIRECTION ( 'NONE',  ( -0.000000000000000000, -0.000000000000000000, -1.000000000000000000 ) ) ;
#506 = VERTEX_POINT ( 'NONE', #1609 ) ;
#507 = PRODUCT ( '断料后', '断料后', '', ( #2308 ) ) ;
#508 = ORIENTED_EDGE ( 'NONE', *, *, #1138, .F. ) ;
#509 = CYLINDRICAL_SURFACE ( 'NONE', #455, 1.000000000000000000 ) ;
#510 = EDGE_CURVE ( 'NONE', #438, #2112, #664, .T. ) ;
#511 = CARTESIAN_POINT ( 'NONE',  ( 4.350000000000000533, 6.402171862180300543, 4.117587627015035778 ) ) ;
#512 = CARTESIAN_POINT ( 'NONE',  ( 4.350000000000000533, 6.402171862180300543, 4.117587627015035778 ) ) ;
#513 =( BOUNDED_CURVE ( )  B_SPLINE_CURVE ( 3, ( #1732, #531, #1935, #738 ),
 .UNSPECIFIED., .F., .F. ) 
 B_SPLINE_CURVE_WITH_KNOTS ( ( 4, 4 ),
 ( 1.570796326794896780, 4.712388980384689674 ),
 .UNSPECIFIED. ) 
 CURVE ( )  GEOMETRIC_REPRESENTATION_ITEM ( )  RATIONAL_B_SPLINE_CURVE ( ( 1.000000000000000000, 0.3333333333333333703, 0.3333333333333333703, 1.000000000000000000 ) ) 
 REPRESENTATION_ITEM ( '' )  );
#514 = AXIS2_PLACEMENT_3D ( 'NONE', #1570, #1780, #552 ) ;
#515 = CARTESIAN_POINT ( 'NONE',  ( -5.799999999999999822, 29.10000000000000497, -6.500000000000005329 ) ) ;
#516 = ORIENTED_EDGE ( 'NONE', *, *, #2419, .F. ) ;
#517 = ORIENTED_EDGE ( 'NONE', *, *, #1693, .F. ) ;
#518 = DIRECTION ( 'NONE',  ( 0.000000000000000000, -1.000000000000000000, 1.445602896647338177E-16 ) ) ;
#519 = CARTESIAN_POINT ( 'NONE',  ( -0.2000000000000005107, 1.787499999998265254, 2.800000000000042455 ) ) ;
#520 = EDGE_CURVE ( 'NONE', #1901, #1231, #1540, .T. ) ;
#521 = FACE_OUTER_BOUND ( 'NONE', #1958, .T. ) ;
#522 = PRESENTATION_LAYER_ASSIGNMENT (  '', '', ( #1222 ) ) ;
#523 = PRESENTATION_STYLE_ASSIGNMENT (( #1676 ) ) ;
#524 = EDGE_LOOP ( 'NONE', ( #2501, #730, #183, #1849 ) ) ;
#525 = EDGE_CURVE ( 'NONE', #572, #987, #754, .T. ) ;
#526 = DIRECTION ( 'NONE',  ( 1.000000000000000000, 0.000000000000000000, 0.000000000000000000 ) ) ;
#527 = VERTEX_POINT ( 'NONE', #1973 ) ;
#528 = CIRCLE ( 'NONE', #1733, 4.499999999999999112 ) ;
#529 = ORIENTED_EDGE ( 'NONE', *, *, #2475, .T. ) ;
#530 = CARTESIAN_POINT ( 'NONE',  ( 5.799999999999999822, 27.10000000000000142, 4.999999999999999112 ) ) ;
#531 = CARTESIAN_POINT ( 'NONE',  ( 1.100000000000000755, 7.449999999999998401, 3.950000000002832135 ) ) ;
#532 = PRODUCT_DEFINITION_CONTEXT ( 'detailed design', #465, 'design' ) ;
#533 = FACE_BOUND ( 'NONE', #2357, .T. ) ;
#534 = FACE_BOUND ( 'NONE', #1616, .T. ) ;
#535 = ORIENTED_EDGE ( 'NONE', *, *, #2291, .F. ) ;
#536 = ORIENTED_EDGE ( 'NONE', *, *, #322, .T. ) ;
#537 = EDGE_CURVE ( 'NONE', #720, #2364, #2212, .T. ) ;
#538 = ORIENTED_EDGE ( 'NONE', *, *, #993, .F. ) ;
#539 = LINE ( 'NONE', #727, #1077 ) ;
#540 = DIRECTION ( 'NONE',  ( -0.000000000000000000, -0.000000000000000000, -1.000000000000000000 ) ) ;
#541 = DIRECTION ( 'NONE',  ( 1.000000000000000000, -0.000000000000000000, 0.000000000000000000 ) ) ;
#542 =( LENGTH_UNIT ( ) NAMED_UNIT ( * ) SI_UNIT ( .MILLI., .METRE. ) );
#543 = ORIENTED_EDGE ( 'NONE', *, *, #2196, .T. ) ;
#544 = CARTESIAN_POINT ( 'NONE',  ( 1.057284049582416041E-15, 5.249999999999999112, -1.702438661763949757 ) ) ;
#545 = FACE_OUTER_BOUND ( 'NONE', #844, .T. ) ;
#546 = CIRCLE ( 'NONE', #1160, 5.750000000000000888 ) ;
#547 = EDGE_CURVE ( 'NONE', #1502, #2068, #277, .T. ) ;
#548 = CARTESIAN_POINT ( 'NONE',  ( -4.299999999999999822, 6.999999999997164934, 3.499999999999999556 ) ) ;
#549 = ORIENTED_EDGE ( 'NONE', *, *, #1291, .F. ) ;
#550 = DIRECTION ( 'NONE',  ( 1.000000000000000000, 0.000000000000000000, 0.000000000000000000 ) ) ;
#551 = AXIS2_PLACEMENT_3D ( 'NONE', #1189, #163, #367 ) ;
#552 = DIRECTION ( 'NONE',  ( 1.000000000000000000, 2.698458740408367161E-15, 0.000000000000000000 ) ) ;
#553 = ORIENTED_EDGE ( 'NONE', *, *, #76, .F. ) ;
#554 = EDGE_LOOP ( 'NONE', ( #2589, #739, #2190, #193 ) ) ;
#555 = DIRECTION ( 'NONE',  ( -1.000000000000000000, -0.000000000000000000, -0.000000000000000000 ) ) ;
#556 = DIRECTION ( 'NONE',  ( -0.000000000000000000, -0.000000000000000000, 1.000000000000000000 ) ) ;
#557 = CARTESIAN_POINT ( 'NONE',  ( 8.673617379884266214E-16, 5.250000000000006217, -14.00000000000000355 ) ) ;
#558 = CARTESIAN_POINT ( 'NONE',  ( -1.099999999999998757, 5.249999999999999112, 215.5000000000000000 ) ) ;
#559 = CYLINDRICAL_SURFACE ( 'NONE', #2418, 4.500000000000000000 ) ;
#560 = ORIENTED_EDGE ( 'NONE', *, *, #2554, .F. ) ;
#561 = CARTESIAN_POINT ( 'NONE',  ( -7.299999999999998046, 27.10000000000000142, -4.299999999999998934 ) ) ;
#562 = VERTEX_POINT ( 'NONE', #1381 ) ;
#563 = AXIS2_PLACEMENT_3D ( 'NONE', #502, #913, #2573 ) ;
#564 = FACE_OUTER_BOUND ( 'NONE', #1392, .T. ) ;
#565 = EDGE_CURVE ( 'NONE', #2407, #442, #414, .T. ) ;
#566 = ORIENTED_EDGE ( 'NONE', *, *, #758, .F. ) ;
#567 = VECTOR ( 'NONE', #1804, 1000.000000000000000 ) ;
#568 = FILL_AREA_STYLE ('',( #1382 ) ) ;
#569 = DIRECTION ( 'NONE',  ( 1.000000000000000000, 0.000000000000000000, 0.000000000000000000 ) ) ;
#570 = CARTESIAN_POINT ( 'NONE',  ( 5.750000000000001776, 5.249999999999999112, -15.20000000000000462 ) ) ;
#571 = VECTOR ( 'NONE', #2126, 1000.000000000000000 ) ;
#572 = VERTEX_POINT ( 'NONE', #2547 ) ;
#573 = EDGE_CURVE ( 'NONE', #2005, #653, #602, .T. ) ;
#574 = EDGE_LOOP ( 'NONE', ( #2241, #2000 ) ) ;
#575 = CARTESIAN_POINT ( 'NONE',  ( -7.299999999999998934, 2.200000000000000178, -3.500000000000000888 ) ) ;
#576 = AXIS2_PLACEMENT_3D ( 'NONE', #2344, #2318, #518 ) ;
#577 = CARTESIAN_POINT ( 'NONE',  ( -4.349999999999996980, 6.402171862180296991, -15.20000000000000462 ) ) ;
#578 = CARTESIAN_POINT ( 'NONE',  ( 1.057284049582416041E-15, 5.249999999999999112, 6.500000000000002665 ) ) ;
#579 = DIRECTION ( 'NONE',  ( -0.000000000000000000, -0.000000000000000000, -1.000000000000000000 ) ) ;
#580 = FACE_OUTER_BOUND ( 'NONE', #2440, .T. ) ;
#581 = PLANE ( 'NONE',  #1058 ) ;
#582 = CARTESIAN_POINT ( 'NONE',  ( -4.349999999999998757, 4.097828137819719885, 4.117587627015037555 ) ) ;
#583 = ORIENTED_EDGE ( 'NONE', *, *, #1741, .F. ) ;
#584 = VERTEX_POINT ( 'NONE', #2537 ) ;
#585 = DIRECTION ( 'NONE',  ( 1.000000000000000000, 0.000000000000000000, 0.000000000000000000 ) ) ;
#586 = DIRECTION ( 'NONE',  ( -1.000000000000000000, 0.000000000000000000, 0.000000000000000000 ) ) ;
#587 = PLANE ( 'NONE',  #983 ) ;
#588 = CARTESIAN_POINT ( 'NONE',  ( 2.200000000000001066, 5.249999999999999112, -8.400000000000003908 ) ) ;
#589 = ORIENTED_EDGE ( 'NONE', *, *, #1514, .F. ) ;
#590 = FACE_BOUND ( 'NONE', #1046, .T. ) ;
#591 = ORIENTED_EDGE ( 'NONE', *, *, #1119, .F. ) ;
#592 = CARTESIAN_POINT ( 'NONE',  ( 0.02842712474619181473, 2.200000000000000178, -4.250000000000000888 ) ) ;
#593 = ADVANCED_FACE ( 'NONE', ( #114, #2482, #59, #533 ), #332, .F. ) ;
#594 = LINE ( 'NONE', #432, #818 ) ;
#595 = ORIENTED_EDGE ( 'NONE', *, *, #1771, .T. ) ;
#596 = CARTESIAN_POINT ( 'NONE',  ( -4.500000000000003553, 30.10000000000000497, -5.500000000000005329 ) ) ;
#597 = ORIENTED_EDGE ( 'NONE', *, *, #1248, .F. ) ;
#598 = LINE ( 'NONE', #1972, #1332 ) ;
#599 = CARTESIAN_POINT ( 'NONE',  ( -14.50000000000000000, 24.59999999999995879, -1.050000000000089528 ) ) ;
#600 = ORIENTED_EDGE ( 'NONE', *, *, #190, .T. ) ;
#601 = EDGE_CURVE ( 'NONE', #720, #1921, #2072, .T. ) ;
#602 = LINE ( 'NONE', #548, #638 ) ;
#603 = FACE_OUTER_BOUND ( 'NONE', #1844, .T. ) ;
#604 = EDGE_LOOP ( 'NONE', ( #2522, #2071, #2377, #1530 ) ) ;
#605 = ORIENTED_EDGE ( 'NONE', *, *, #1641, .T. ) ;
#606 = PLANE ( 'NONE',  #58 ) ;
#607 = AXIS2_PLACEMENT_3D ( 'NONE', #1359, #156, #352 ) ;
#608 = DIRECTION ( 'NONE',  ( -0.000000000000000000, -1.000000000000000000, 0.000000000000000000 ) ) ;
#609 = CARTESIAN_POINT ( 'NONE',  ( 1.057284049582416041E-15, 5.249999999999999112, -6.500000000000005329 ) ) ;
#610 = ORIENTED_EDGE ( 'NONE', *, *, #631, .F. ) ;
#611 = DIRECTION ( 'NONE',  ( -1.770561267648950087E-30, 1.238481530905600258E-45, 1.000000000000000000 ) ) ;
#612 = ORIENTED_EDGE ( 'NONE', *, *, #2481, .F. ) ;
#613 = LINE ( 'NONE', #770, #1437 ) ;
#614 = ORIENTED_EDGE ( 'NONE', *, *, #2366, .F. ) ;
#615 = LINE ( 'NONE', #1233, #1621 ) ;
#616 = AXIS2_PLACEMENT_3D ( 'NONE', #166, #403, #21 ) ;
#617 = FACE_OUTER_BOUND ( 'NONE', #1168, .T. ) ;
#618 = DIRECTION ( 'NONE',  ( 7.528058673009668969E-16, 1.000000000000000000, 0.000000000000000000 ) ) ;
#619 = ORIENTED_EDGE ( 'NONE', *, *, #299, .F. ) ;
#620 = DIRECTION ( 'NONE',  ( 1.651842175752580018E-30, -1.577021341797100025E-16, -1.000000000000000000 ) ) ;
#621 = CARTESIAN_POINT ( 'NONE',  ( 4.785786437626905254, 13.00000000000001066, -6.500000000000005329 ) ) ;
#622 = DIRECTION ( 'NONE',  ( 0.000000000000000000, 0.000000000000000000, -1.000000000000000000 ) ) ;
#623 = VERTEX_POINT ( 'NONE', #350 ) ;
#624 = AXIS2_PLACEMENT_3D ( 'NONE', #2088, #1449, #694 ) ;
#625 = EDGE_CURVE ( 'NONE', #1090, #2336, #1430, .T. ) ;
#626 = DIRECTION ( 'NONE',  ( 1.000000000000000000, -0.000000000000000000, 0.000000000000000000 ) ) ;
#627 = ORIENTED_EDGE ( 'NONE', *, *, #214, .F. ) ;
#628 = CARTESIAN_POINT ( 'NONE',  ( -0.2000000000000005107, 1.787499999998265254, 2.050000000000042455 ) ) ;
#629 = CARTESIAN_POINT ( 'NONE',  ( 4.350000000000000533, 4.097828137819713668, -9.800000000000014921 ) ) ;
#630 = CIRCLE ( 'NONE', #2242, 0.7500000000000006661 ) ;
#631 = EDGE_CURVE ( 'NONE', #2010, #1271, #2356, .T. ) ;
#632 = VERTEX_POINT ( 'NONE', #791 ) ;
#633 = DIRECTION ( 'NONE',  ( 1.000000000000000000, 0.000000000000000000, 0.000000000000000000 ) ) ;
#634 = VECTOR ( 'NONE', #608, 1000.000000000000000 ) ;
#635 = VERTEX_POINT ( 'NONE', #947 ) ;
#636 = DIRECTION ( 'NONE',  ( 0.000000000000000000, 0.000000000000000000, 1.000000000000000000 ) ) ;
#637 = DIRECTION ( 'NONE',  ( 1.651842175752580018E-30, -1.577021341797100025E-16, -1.000000000000000000 ) ) ;
#638 = VECTOR ( 'NONE', #2342, 1000.000000000000000 ) ;
#639 = LINE ( 'NONE', #359, #1601 ) ;
#640 = EDGE_LOOP ( 'NONE', ( #1787, #1867, #2506, #1930, #595, #2555 ) ) ;
#641 = DIRECTION ( 'NONE',  ( -0.000000000000000000, -0.000000000000000000, -1.000000000000000000 ) ) ;
#642 = DIRECTION ( 'NONE',  ( 1.000000000000000000, 0.000000000000000000, 0.000000000000000000 ) ) ;
#643 = FACE_OUTER_BOUND ( 'NONE', #2275, .T. ) ;
#644 = CIRCLE ( 'NONE', #2368, 1.500000000000000444 ) ;
#645 = FACE_OUTER_BOUND ( 'NONE', #746, .T. ) ;
#646 = ORIENTED_EDGE ( 'NONE', *, *, #421, .F. ) ;
#647 = DIRECTION ( 'NONE',  ( 0.000000000000000000, 0.000000000000000000, 1.000000000000000000 ) ) ;
#648 = AXIS2_PLACEMENT_3D ( 'NONE', #78, #1914, #2293 ) ;
#649 = CARTESIAN_POINT ( 'NONE',  ( -1.099999999999998757, 4.900296496332739338, 1.400296496335572849 ) ) ;
#650 = LINE ( 'NONE', #1181, #1646 ) ;
#651 = CARTESIAN_POINT ( 'NONE',  ( 5.799999999999999822, 12.05431677051991457, -4.700000000000000178 ) ) ;
#652 = CARTESIAN_POINT ( 'NONE',  ( -1.499999999999998890, 5.249999999999999112, 7.400000000000000355 ) ) ;
#653 = VERTEX_POINT ( 'NONE', #1390 ) ;
#654 = EDGE_CURVE ( 'NONE', #1323, #1271, #2615, .T. ) ;
#655 =( GEOMETRIC_REPRESENTATION_CONTEXT ( 3 ) GLOBAL_UNCERTAINTY_ASSIGNED_CONTEXT ( ( #1240 ) ) GLOBAL_UNIT_ASSIGNED_CONTEXT ( ( #662, #1488, #2082 ) ) REPRESENTATION_CONTEXT ( 'NONE', 'WORKASPACE' ) );
#656 = ADVANCED_FACE ( 'NONE', ( #2299 ), #1673, .F. ) ;
#657 = CARTESIAN_POINT ( 'NONE',  ( -7.299999999999998046, 30.10000000000000497, -0.2999999999999999889 ) ) ;
#658 = ORIENTED_EDGE ( 'NONE', *, *, #1656, .F. ) ;
#659 = DIRECTION ( 'NONE',  ( 0.000000000000000000, 1.000000000000000000, -1.927470528863119049E-16 ) ) ;
#660 = EDGE_LOOP ( 'NONE', ( #658, #614 ) ) ;
#661 = ORIENTED_EDGE ( 'NONE', *, *, #1828, .T. ) ;
#662 =( LENGTH_UNIT ( ) NAMED_UNIT ( * ) SI_UNIT ( .MILLI., .METRE. ) );
#663 = EDGE_CURVE ( 'NONE', #1528, #1013, #472, .T. ) ;
#664 = CIRCLE ( 'NONE', #296, 4.500000000000000888 ) ;
#665 = ORIENTED_EDGE ( 'NONE', *, *, #149, .T. ) ;
#666 = DIRECTION ( 'NONE',  ( -1.000000000000000000, -0.000000000000000000, -0.000000000000000000 ) ) ;
#667 = CYLINDRICAL_SURFACE ( 'NONE', #2281, 1.099999999999999867 ) ;
#668 = ADVANCED_FACE ( 'NONE', ( #2133 ), #824, .T. ) ;
#669 = EDGE_CURVE ( 'NONE', #2170, #104, #1748, .T. ) ;
#670 = ORIENTED_EDGE ( 'NONE', *, *, #2062, .T. ) ;
#671 = LINE ( 'NONE', #2009, #122 ) ;
#672 = VERTEX_POINT ( 'NONE', #2085 ) ;
#673 = FACE_BOUND ( 'NONE', #574, .T. ) ;
#674 = VECTOR ( 'NONE', #211, 1000.000000000000000 ) ;
#675 = DIRECTION ( 'NONE',  ( 0.000000000000000000, -0.000000000000000000, -1.000000000000000000 ) ) ;
#676 = EDGE_CURVE ( 'NONE', #1345, #2447, #1856, .T. ) ;
#677 = ORIENTED_EDGE ( 'NONE', *, *, #2324, .F. ) ;
#678 =( LENGTH_UNIT ( ) NAMED_UNIT ( * ) SI_UNIT ( .MILLI., .METRE. ) );
#679 = ADVANCED_FACE ( 'NONE', ( #1605 ), #2290, .F. ) ;
#680 =( BOUNDED_CURVE ( )  B_SPLINE_CURVE ( 3, ( #751, #1365, #1161, #2608 ),
 .UNSPECIFIED., .F., .F. ) 
 B_SPLINE_CURVE_WITH_KNOTS ( ( 4, 4 ),
 ( 0.5342721199738609261, 1.570796326794896558 ),
 .UNSPECIFIED. ) 
 CURVE ( )  GEOMETRIC_REPRESENTATION_ITEM ( )  RATIONAL_B_SPLINE_CURVE ( ( 1.000000000000000000, 0.9124542633398695646, 0.9124542633398695646, 1.000000000000000000 ) ) 
 REPRESENTATION_ITEM ( '' )  );
#681 = ORIENTED_EDGE ( 'NONE', *, *, #253, .F. ) ;
#682 = ORIENTED_EDGE ( 'NONE', *, *, #625, .F. ) ;
#683 = EDGE_CURVE ( 'NONE', #371, #991, #644, .T. ) ;
#684 = CARTESIAN_POINT ( 'NONE',  ( -7.299999999999998934, 24.59999999999995879, -0.3000000000000879741 ) ) ;
#685 = EDGE_LOOP ( 'NONE', ( #583, #1410, #881, #61, #1024 ) ) ;
#686 = DIRECTION ( 'NONE',  ( -1.000000000000000000, 0.000000000000000000, 0.000000000000000000 ) ) ;
#687 = CARTESIAN_POINT ( 'NONE',  ( 8.673617379884197189E-16, 5.250000000000006217, -9.800000000000014921 ) ) ;
#688 = LINE ( 'NONE', #1289, #1713 ) ;
#689 = FACE_OUTER_BOUND ( 'NONE', #2016, .T. ) ;
#690 = EDGE_LOOP ( 'NONE', ( #2209, #2039, #549, #646, #2612, #264, #1, #1688, #2130, #1120, #1593 ) ) ;
#691 = ADVANCED_FACE ( 'NONE', ( #2019, #943 ), #1419, .F. ) ;
#692 = VECTOR ( 'NONE', #1321, 1000.000000000000000 ) ;
#693 = ORIENTED_EDGE ( 'NONE', *, *, #631, .T. ) ;
#694 = DIRECTION ( 'NONE',  ( 0.000000000000000000, 0.000000000000000000, 1.000000000000000000 ) ) ;
#695 = DIRECTION ( 'NONE',  ( -1.770561267648950087E-30, 1.238481530905600258E-45, 1.000000000000000000 ) ) ;
#696 = DIRECTION ( 'NONE',  ( 0.000000000000000000, 0.000000000000000000, 1.000000000000000000 ) ) ;
#697 = VECTOR ( 'NONE', #1826, 1000.000000000000000 ) ;
#698 = VERTEX_POINT ( 'NONE', #796 ) ;
#699 = AXIS2_PLACEMENT_3D ( 'NONE', #2158, #953, #2239 ) ;
#700 = EDGE_CURVE ( 'NONE', #1447, #1724, #69, .T. ) ;
#701 = DIRECTION ( 'NONE',  ( 0.000000000000000000, 0.000000000000000000, -1.000000000000000000 ) ) ;
#702 = CARTESIAN_POINT ( 'NONE',  ( 1.248646241097313814, 5.249999999999999112, -3.815476347651864053 ) ) ;
#703 = VERTEX_POINT ( 'NONE', #760 ) ;
#705 = CIRCLE ( 'NONE', #1015, 0.7499999999999997780 ) ;
#704 = DIRECTION ( 'NONE',  ( 0.000000000000000000, 0.000000000000000000, 1.000000000000000000 ) ) ;
#706 = AXIS2_PLACEMENT_3D ( 'NONE', #1526, #928, #310 ) ;
#707 = LINE ( 'NONE', #780, #127 ) ;
#708 = EDGE_CURVE ( 'NONE', #1832, #1090, #2148, .T. ) ;
#709 = DIRECTION ( 'NONE',  ( 0.000000000000000000, 0.000000000000000000, -1.000000000000000000 ) ) ;
#710 = DIRECTION ( 'NONE',  ( -1.000000000000000000, 0.000000000000000000, 0.000000000000000000 ) ) ;
#711 = EDGE_CURVE ( 'NONE', #1339, #872, #1524, .T. ) ;
#712 = CARTESIAN_POINT ( 'NONE',  ( -281.8500000000000227, 8.350000000000219913, -9.800000000000014921 ) ) ;
#713 = CIRCLE ( 'NONE', #2094, 0.7500000000000003331 ) ;
#714 = VECTOR ( 'NONE', #2029, 1000.000000000000000 ) ;
#715 = ORIENTED_EDGE ( 'NONE', *, *, #547, .T. ) ;
#716 = CARTESIAN_POINT ( 'NONE',  ( 4.700000000000001066, 24.00000000000000711, 8.944412775931397164 ) ) ;
#717 = CARTESIAN_POINT ( 'NONE',  ( 1.057284049582416041E-15, 5.249999999999999112, -9.800000000000014921 ) ) ;
#718 = CARTESIAN_POINT ( 'NONE',  ( 0.02842712474619181473, 2.200000000000000622, 3.499999999999999112 ) ) ;
#719 = CARTESIAN_POINT ( 'NONE',  ( -0.2000000000000005107, 1.787499999998265254, -2.099999999999879741 ) ) ;
#720 = VERTEX_POINT ( 'NONE', #1169 ) ;
#721 = VERTEX_POINT ( 'NONE', #152 ) ;
#722 = CYLINDRICAL_SURFACE ( 'NONE', #1026, 4.500000000000000000 ) ;
#723 = ORIENTED_EDGE ( 'NONE', *, *, #2509, .F. ) ;
#724 = PLANE ( 'NONE',  #706 ) ;
#725 = ORIENTED_EDGE ( 'NONE', *, *, #1908, .T. ) ;
#726 = DIRECTION ( 'NONE',  ( -1.000000000000000000, 0.000000000000000000, -0.000000000000000000 ) ) ;
#727 = CARTESIAN_POINT ( 'NONE',  ( -3.261901286060018723, 2.150000000000010569, 4.117587627015037555 ) ) ;
#728 = CARTESIAN_POINT ( 'NONE',  ( -4.349999999999998757, 4.097828137819717220, -14.00000000000000355 ) ) ;
#729 = ORIENTED_EDGE ( 'NONE', *, *, #2196, .F. ) ;
#730 = ORIENTED_EDGE ( 'NONE', *, *, #1030, .T. ) ;
#731 = EDGE_CURVE ( 'NONE', #1904, #1374, #732, .T. ) ;
#732 = CIRCLE ( 'NONE', #102, 1.000000000000000000 ) ;
#733 = ORIENTED_EDGE ( 'NONE', *, *, #1485, .F. ) ;
#734 = LINE ( 'NONE', #592, #1897 ) ;
#735 = DIRECTION ( 'NONE',  ( 0.000000000000000000, 1.000000000000000000, -1.927470528863119049E-16 ) ) ;
#736 = DIRECTION ( 'NONE',  ( -1.000000000000000000, 0.000000000000000000, 0.000000000000000000 ) ) ;
#737 = FACE_OUTER_BOUND ( 'NONE', #2465, .T. ) ;
#738 = CARTESIAN_POINT ( 'NONE',  ( -1.099999999999998757, 5.249999999999999112, 1.750000000002832623 ) ) ;
#739 = ORIENTED_EDGE ( 'NONE', *, *, #1315, .F. ) ;
#740 = VERTEX_POINT ( 'NONE', #81 ) ;
#741 = CARTESIAN_POINT ( 'NONE',  ( -0.7500000000000003331, 24.75000000000000000, 3.499999999999999556 ) ) ;
#742 = DIRECTION ( 'NONE',  ( 8.673617379884034239E-17, 0.000000000000000000, -1.000000000000000000 ) ) ;
#743 = AXIS2_PLACEMENT_3D ( 'NONE', #1933, #1544, #1706 ) ;
#744 = ORIENTED_EDGE ( 'NONE', *, *, #1880, .F. ) ;
#745 = CIRCLE ( 'NONE', #1438, 1.500000000000000000 ) ;
#746 = EDGE_LOOP ( 'NONE', ( #336, #1714 ) ) ;
#747 = EDGE_CURVE ( 'NONE', #50, #562, #1080, .T. ) ;
#748 = LINE ( 'NONE', #20, #1630 ) ;
#749 = AXIS2_PLACEMENT_3D ( 'NONE', #2298, #1498, #2488 ) ;
#750 = ORIENTED_EDGE ( 'NONE', *, *, #1822, .T. ) ;
#751 = CARTESIAN_POINT ( 'NONE',  ( 0.5601362052795968438, 6.196703454908121245, -3.496703454910949915 ) ) ;
#752 = CARTESIAN_POINT ( 'NONE',  ( 1.057284049582416041E-15, 5.249999999999999112, -3.496703454910949915 ) ) ;
#753 = CARTESIAN_POINT ( 'NONE',  ( -7.299999999999998934, 24.59999999999995879, -1.050000000000089528 ) ) ;
#754 = LINE ( 'NONE', #975, #144 ) ;
#755 = ORIENTED_EDGE ( 'NONE', *, *, #2244, .F. ) ;
#756 = LINE ( 'NONE', #1977, #218 ) ;
#757 = UNCERTAINTY_MEASURE_WITH_UNIT (LENGTH_MEASURE( 1.000000000000000082E-05 ), #542, 'distance_accuracy_value', 'NONE');
#758 = EDGE_CURVE ( 'NONE', #1094, #2301, #2525, .T. ) ;
#759 = FACE_OUTER_BOUND ( 'NONE', #1007, .T. ) ;
#760 = CARTESIAN_POINT ( 'NONE',  ( -0.2000000000000005107, 1.787499999998265254, 2.800000000000042455 ) ) ;
#761 = CARTESIAN_POINT ( 'NONE',  ( 3.078346698278689342, 30.10000000000000497, -5.500000000000005329 ) ) ;
#762 = DIRECTION ( 'NONE',  ( 1.000000000000000000, 0.000000000000000000, -0.000000000000000000 ) ) ;
#763 = ORIENTED_EDGE ( 'NONE', *, *, #1197, .T. ) ;
#765 = CIRCLE ( 'NONE', #1295, 1.000000000000000000 ) ;
#764 = DIRECTION ( 'NONE',  ( 0.000000000000000000, 0.000000000000000000, 1.000000000000000000 ) ) ;
#766 = CARTESIAN_POINT ( 'NONE',  ( 1.100000000000000977, 4.900296496332747331, -2.200296496335576446 ) ) ;
#767 = ORIENTED_EDGE ( 'NONE', *, *, #2469, .T. ) ;
#768 = ORIENTED_EDGE ( 'NONE', *, *, #1503, .T. ) ;
#769 = LINE ( 'NONE', #2362, #231 ) ;
#770 = CARTESIAN_POINT ( 'NONE',  ( 5.799999999999999822, 12.05431677051991457, 5.000000000000000000 ) ) ;
#771 = ORIENTED_EDGE ( 'NONE', *, *, #1771, .F. ) ;
#772 = DIRECTION ( 'NONE',  ( -0.000000000000000000, -1.000000000000000000, 0.000000000000000000 ) ) ;
#773 = AXIS2_PLACEMENT_3D ( 'NONE', #2229, #1014, #19 ) ;
#774 = DIRECTION ( 'NONE',  ( 1.000000000000000000, 0.000000000000000000, 0.000000000000000000 ) ) ;
#775 = ORIENTED_EDGE ( 'NONE', *, *, #1795, .F. ) ;
#776 = CARTESIAN_POINT ( 'NONE',  ( 3.078346698278689342, 29.10000000000000497, -5.500000000000005329 ) ) ;
#777 = DIRECTION ( 'NONE',  ( -1.000000000000000000, 0.000000000000000000, 0.000000000000000000 ) ) ;
#778 = DIRECTION ( 'NONE',  ( -1.000000000000000000, 0.000000000000000000, 0.000000000000000000 ) ) ;
#779 = VECTOR ( 'NONE', #1273, 1000.000000000000000 ) ;
#780 = CARTESIAN_POINT ( 'NONE',  ( -5.799999999999999822, 27.10000000000000142, 3.499999999999999556 ) ) ;
#781 = ORIENTED_EDGE ( 'NONE', *, *, #1383, .T. ) ;
#782 = DIRECTION ( 'NONE',  ( 0.000000000000000000, 0.7071067811865474617, 0.7071067811865474617 ) ) ;
#783 = VECTOR ( 'NONE', #232, 1000.000000000000114 ) ;
#784 = ORIENTED_EDGE ( 'NONE', *, *, #2183, .F. ) ;
#785 = EDGE_CURVE ( 'NONE', #2364, #1809, #2341, .T. ) ;
#786 = AXIS2_PLACEMENT_3D ( 'NONE', #283, #2296, #874 ) ;
#787 = VERTEX_POINT ( 'NONE', #406 ) ;
#788 = VERTEX_POINT ( 'NONE', #1422 ) ;
#789 = DIRECTION ( 'NONE',  ( 1.000000000000000000, 0.000000000000000000, 0.000000000000000000 ) ) ;
#790 = LINE ( 'NONE', #530, #60 ) ;
#791 = CARTESIAN_POINT ( 'NONE',  ( -2.049999999999999822, 13.00000000000001066, -4.700000000000000178 ) ) ;
#792 = CARTESIAN_POINT ( 'NONE',  ( -7.299999999999998934, 24.59999999999995879, 0.4499999999999135802 ) ) ;
#793 = PLANE ( 'NONE',  #1814 ) ;
#794 = DIRECTION ( 'NONE',  ( 1.000000000000000000, 0.000000000000000000, -0.000000000000000000 ) ) ;
#795 = CARTESIAN_POINT ( 'NONE',  ( 0.02842712474619181473, 2.200000000000000622, 3.499999999999999112 ) ) ;
#796 = CARTESIAN_POINT ( 'NONE',  ( 5.799999999999999822, 27.10000000000000142, 6.500000000000005329 ) ) ;
#797 = ORIENTED_EDGE ( 'NONE', *, *, #1446, .T. ) ;
#798 = ADVANCED_FACE ( 'NONE', ( #2464, #737 ), #2302, .T. ) ;
#799 = ORIENTED_EDGE ( 'NONE', *, *, #1071, .T. ) ;
#800 = FACE_OUTER_BOUND ( 'NONE', #1467, .T. ) ;
#801 = LINE ( 'NONE', #1379, #992 ) ;
#802 = CARTESIAN_POINT ( 'NONE',  ( -2.049999999999999822, 24.00000000000000711, -2.000000000000000000 ) ) ;
#803 = CARTESIAN_POINT ( 'NONE',  ( 5.750000000000001776, 5.249999999999999112, -24.66345596729060219 ) ) ;
#804 = VERTEX_POINT ( 'NONE', #276 ) ;
#805 = VECTOR ( 'NONE', #930, 1000.000000000000000 ) ;
#806 = CARTESIAN_POINT ( 'NONE',  ( 4.799999999999999822, 1.787499999998265254, 1.300000000000042899 ) ) ;
#807 = DIRECTION ( 'NONE',  ( 1.000000000000000000, 0.000000000000000000, 0.000000000000000000 ) ) ;
#808 =( NAMED_UNIT ( * ) PLANE_ANGLE_UNIT ( ) SI_UNIT ( $, .RADIAN. ) );
#809 = EDGE_CURVE ( 'NONE', #1306, #1725, #1964, .T. ) ;
#810 = VERTEX_POINT ( 'NONE', #1793 ) ;
#811 = ADVANCED_FACE ( 'NONE', ( #1286 ), #1619, .F. ) ;
#812 = DIRECTION ( 'NONE',  ( -1.000000000000000000, -0.000000000000000000, -0.000000000000000000 ) ) ;
#813 = DIRECTION ( 'NONE',  ( 1.000000000000000000, 0.000000000000000000, 1.770561267648950087E-30 ) ) ;
#814 = DIRECTION ( 'NONE',  ( 1.000000000000000000, 0.000000000000000000, 0.000000000000000000 ) ) ;
#815 = EDGE_CURVE ( 'NONE', #879, #2236, #2402, .T. ) ;
#816 = VECTOR ( 'NONE', #2443, 1000.000000000000000 ) ;
#817 = ORIENTED_EDGE ( 'NONE', *, *, #2448, .F. ) ;
#818 = VECTOR ( 'NONE', #1884, 1000.000000000000000 ) ;
#819 = DIRECTION ( 'NONE',  ( 1.000000000000000000, -7.528058673009668969E-16, 0.000000000000000000 ) ) ;
#820 = DIRECTION ( 'NONE',  ( -1.770561267648950087E-30, 1.238481530905600258E-45, 1.000000000000000000 ) ) ;
#821 = ORIENTED_EDGE ( 'NONE', *, *, #1908, .F. ) ;
#822 = ORIENTED_EDGE ( 'NONE', *, *, #2460, .F. ) ;
#823 = EDGE_CURVE ( 'NONE', #1374, #1543, #1589, .T. ) ;
#824 = CYLINDRICAL_SURFACE ( 'NONE', #749, 1.000000000000000000 ) ;
#825 = VERTEX_POINT ( 'NONE', #1680 ) ;
#826 = LINE ( 'NONE', #599, #280 ) ;
#827 = CARTESIAN_POINT ( 'NONE',  ( -4.500000000000003553, 35.00000000000000000, -0.2999999999999999334 ) ) ;
#828 = CARTESIAN_POINT ( 'NONE',  ( -281.8500000000000227, 8.350000000000219913, -9.800000000000014921 ) ) ;
#829 = DIRECTION ( 'NONE',  ( -1.000000000000000000, 0.000000000000000000, -1.770561267648950087E-30 ) ) ;
#830 = EDGE_LOOP ( 'NONE', ( #2323, #2198, #1249, #1325, #2595, #1547, #435, #842 ) ) ;
#831 = CIRCLE ( 'NONE', #327, 2.200000000000000178 ) ;
#832 = DIRECTION ( 'NONE',  ( -1.000000000000000000, 0.000000000000000000, 0.000000000000000000 ) ) ;
#833 = ORIENTED_EDGE ( 'NONE', *, *, #1679, .F. ) ;
#834 = CIRCLE ( 'NONE', #2387, 0.7500000000000015543 ) ;
#835 = DIRECTION ( 'NONE',  ( -0.000000000000000000, 0.000000000000000000, -1.000000000000000000 ) ) ;
#836 = ORIENTED_EDGE ( 'NONE', *, *, #2348, .F. ) ;
#837 = LINE ( 'NONE', #2027, #674 ) ;
#838 = CARTESIAN_POINT ( 'NONE',  ( -0.2000000000000005107, 1.787499999998265254, -3.599999999999879297 ) ) ;
#839 = ORIENTED_EDGE ( 'NONE', *, *, #1650, .T. ) ;
#840 = CARTESIAN_POINT ( 'NONE',  ( -1.099999999999998757, 5.249999999999999112, -2.550000000002827782 ) ) ;
#841 = ORIENTED_EDGE ( 'NONE', *, *, #663, .F. ) ;
#842 = ORIENTED_EDGE ( 'NONE', *, *, #2373, .T. ) ;
#843 = EDGE_CURVE ( 'NONE', #787, #804, #1378, .T. ) ;
#844 = EDGE_LOOP ( 'NONE', ( #1035, #255, #2371, #2145, #64, #2115, #1750 ) ) ;
#845 = STYLED_ITEM ( 'NONE', ( #1347 ), #691 ) ;
#846 = CARTESIAN_POINT ( 'NONE',  ( 4.799999999999999822, 1.787499999998265254, 2.050000000000042455 ) ) ;
#847 = DIRECTION ( 'NONE',  ( 0.000000000000000000, 0.000000000000000000, 1.000000000000000000 ) ) ;
#848 = VECTOR ( 'NONE', #458, 1000.000000000000000 ) ;
#849 = ORIENTED_EDGE ( 'NONE', *, *, #1439, .F. ) ;
#850 = FACE_OUTER_BOUND ( 'NONE', #1471, .T. ) ;
#851 = EDGE_CURVE ( 'NONE', #2264, #2363, #1052, .T. ) ;
#852 = ORIENTED_EDGE ( 'NONE', *, *, #1613, .T. ) ;
#853 = DIRECTION ( 'NONE',  ( -1.000000000000000000, 0.000000000000000000, 0.000000000000000000 ) ) ;
#854 = AXIS2_PLACEMENT_3D ( 'NONE', #1232, #1426, #187 ) ;
#855 = ORIENTED_EDGE ( 'NONE', *, *, #2543, .T. ) ;
#856 = ORIENTED_EDGE ( 'NONE', *, *, #190, .F. ) ;
#857 = CIRCLE ( 'NONE', #1388, 4.500000000000000000 ) ;
#858 = ORIENTED_EDGE ( 'NONE', *, *, #25, .T. ) ;
#859 = ADVANCED_FACE ( 'NONE', ( #580 ), #581, .F. ) ;
#860 = FACE_OUTER_BOUND ( 'NONE', #1218, .T. ) ;
#861 = CARTESIAN_POINT ( 'NONE',  ( -6.550000000000000711, 24.50000000000000711, -6.500000000000005329 ) ) ;
#862 = VERTEX_POINT ( 'NONE', #2202 ) ;
#863 = VERTEX_POINT ( 'NONE', #570 ) ;
#864 = CARTESIAN_POINT ( 'NONE',  ( 8.673617379884229729E-16, 9.750000000000005329, -15.20000000000000284 ) ) ;
#865 = VECTOR ( 'NONE', #171, 1000.000000000000000 ) ;
#866 = FACE_OUTER_BOUND ( 'NONE', #1610, .T. ) ;
#867 = ORIENTED_EDGE ( 'NONE', *, *, #654, .T. ) ;
#868 = ADVANCED_FACE ( 'NONE', ( #1587 ), #2601, .T. ) ;
#869 = ORIENTED_EDGE ( 'NONE', *, *, #391, .T. ) ;
#870 = DIRECTION ( 'NONE',  ( 0.000000000000000000, 0.000000000000000000, -1.000000000000000000 ) ) ;
#871 = DIRECTION ( 'NONE',  ( -0.000000000000000000, 0.000000000000000000, 1.000000000000000000 ) ) ;
#872 = VERTEX_POINT ( 'NONE', #178 ) ;
#873 = EDGE_CURVE ( 'NONE', #2170, #1345, #1225, .T. ) ;
#874 = DIRECTION ( 'NONE',  ( 0.000000000000000000, -0.000000000000000000, -1.000000000000000000 ) ) ;
#875 = AXIS2_PLACEMENT_3D ( 'NONE', #260, #1451, #2060 ) ;
#876 = ORIENTED_EDGE ( 'NONE', *, *, #161, .T. ) ;
#877 = DIRECTION ( 'NONE',  ( 0.000000000000000000, -1.000000000000000000, 0.000000000000000000 ) ) ;
#878 = ADVANCED_FACE ( 'NONE', ( #1704 ), #158, .T. ) ;
#879 = VERTEX_POINT ( 'NONE', #1965 ) ;
#880 = ORIENTED_EDGE ( 'NONE', *, *, #1113, .T. ) ;
#881 = ORIENTED_EDGE ( 'NONE', *, *, #525, .T. ) ;
#882 = DIRECTION ( 'NONE',  ( 1.000000000000000000, 0.000000000000000000, 0.000000000000000000 ) ) ;
#883 = AXIS2_PLACEMENT_3D ( 'NONE', #2350, #1151, #1183 ) ;
#884 = CARTESIAN_POINT ( 'NONE',  ( -281.8500000000000227, 8.350000000000219913, -9.800000000000014921 ) ) ;
#885 = ORIENTED_EDGE ( 'NONE', *, *, #888, .F. ) ;
#886 = CIRCLE ( 'NONE', #2058, 5.750000000000000888 ) ;
#887 = AXIS2_PLACEMENT_3D ( 'NONE', #461, #847, #431 ) ;
#888 = EDGE_CURVE ( 'NONE', #1259, #1562, #707, .T. ) ;
#889 = DIRECTION ( 'NONE',  ( 0.000000000000000000, 0.000000000000000000, 1.000000000000000000 ) ) ;
#890 = ORIENTED_EDGE ( 'NONE', *, *, #1166, .F. ) ;
#891 = LINE ( 'NONE', #558, #2429 ) ;
#892 = DIRECTION ( 'NONE',  ( -0.000000000000000000, -0.000000000000000000, -1.000000000000000000 ) ) ;
#893 = ADVANCED_FACE ( 'NONE', ( #1320 ), #2590, .T. ) ;
#894 = ORIENTED_EDGE ( 'NONE', *, *, #2156, .T. ) ;
#895 = DIRECTION ( 'NONE',  ( 0.000000000000000000, 0.000000000000000000, -1.000000000000000000 ) ) ;
#896 = EDGE_LOOP ( 'NONE', ( #1877, #2314, #2267, #305, #1420, #63, #2459, #553 ) ) ;
#897 = EDGE_CURVE ( 'NONE', #1586, #1606, #1386, .T. ) ;
#898 = DIRECTION ( 'NONE',  ( -0.000000000000000000, 0.7071067811865476838, 0.7071067811865474617 ) ) ;
#899 = CARTESIAN_POINT ( 'NONE',  ( 8.673617379884266214E-16, 5.250000000000006217, -14.00000000000000355 ) ) ;
#900 = ORIENTED_EDGE ( 'NONE', *, *, #1505, .T. ) ;
#901 = CARTESIAN_POINT ( 'NONE',  ( 4.799999999999999822, 1.787499999998265254, 2.050000000000042455 ) ) ;
#902 = ORIENTED_EDGE ( 'NONE', *, *, #951, .F. ) ;
#903 = ADVANCED_FACE ( 'NONE', ( #617 ), #959, .T. ) ;
#904 = DIRECTION ( 'NONE',  ( -1.000000000000000000, 0.000000000000000000, 0.000000000000000000 ) ) ;
#905 = LINE ( 'NONE', #254, #848 ) ;
#906 = VERTEX_POINT ( 'NONE', #136 ) ;
#907 = VECTOR ( 'NONE', #1440, 1000.000000000000000 ) ;
#908 = AXIS2_PLACEMENT_3D ( 'NONE', #684, #1496, #494 ) ;
#909 = LINE ( 'NONE', #246, #82 ) ;
#910 = EDGE_LOOP ( 'NONE', ( #1272, #1396 ) ) ;
#911 = EDGE_LOOP ( 'NONE', ( #1051, #1065, #1624, #2064, #2186, #2165, #1860, #821, #1022, #485 ) ) ;
#912 = VERTEX_POINT ( 'NONE', #753 ) ;
#913 = DIRECTION ( 'NONE',  ( -1.000000000000000000, 0.000000000000000000, 0.000000000000000000 ) ) ;
#914 = CARTESIAN_POINT ( 'NONE',  ( 8.673617379883967433E-16, 5.250000000000008882, 4.117587627015037555 ) ) ;
#915 = DIRECTION ( 'NONE',  ( -1.000000000000000000, 0.000000000000000000, -8.673617379884034239E-17 ) ) ;
#916 = CARTESIAN_POINT ( 'NONE',  ( 0.02842712474619181473, 2.200000000000000622, 2.749999999999999112 ) ) ;
#917 = VECTOR ( 'NONE', #1114, 1000.000000000000000 ) ;
#918 = EDGE_LOOP ( 'NONE', ( #1523, #591, #2069, #54 ) ) ;
#919 = LINE ( 'NONE', #2129, #1991 ) ;
#920 = EDGE_CURVE ( 'NONE', #2447, #454, #42, .T. ) ;
#921 = ORIENTED_EDGE ( 'NONE', *, *, #700, .F. ) ;
#922 = VECTOR ( 'NONE', #1834, 1000.000000000000000 ) ;
#923 = AXIS2_PLACEMENT_3D ( 'NONE', #1898, #1089, #268 ) ;
#924 = DIRECTION ( 'NONE',  ( 0.000000000000000000, 0.000000000000000000, -1.000000000000000000 ) ) ;
#925 = LINE ( 'NONE', #1400, #865 ) ;
#926 = CARTESIAN_POINT ( 'NONE',  ( -7.299999999999998934, 2.200000000000000622, 3.499999999999999112 ) ) ;
#927 = ORIENTED_EDGE ( 'NONE', *, *, #1592, .F. ) ;
#928 = DIRECTION ( 'NONE',  ( 0.000000000000000000, 0.000000000000000000, 1.000000000000000000 ) ) ;
#929 = EDGE_CURVE ( 'NONE', #16, #572, #769, .T. ) ;
#930 = DIRECTION ( 'NONE',  ( -1.000000000000000000, -0.000000000000000000, 0.000000000000000000 ) ) ;
#931 = LINE ( 'NONE', #1468, #2560 ) ;
#932 = ORIENTED_EDGE ( 'NONE', *, *, #815, .T. ) ;
#933 = PRODUCT_RELATED_PRODUCT_CATEGORY ( 'part', '', ( #507 ) ) ;
#934 = EDGE_CURVE ( 'NONE', #2005, #635, #2055, .T. ) ;
#935 = CARTESIAN_POINT ( 'NONE',  ( 0.02842712474619181473, 2.200000000000000178, -2.750000000000000888 ) ) ;
#936 = DIRECTION ( 'NONE',  ( -0.000000000000000000, -1.000000000000000000, -0.000000000000000000 ) ) ;
#937 = CARTESIAN_POINT ( 'NONE',  ( -2.799999999999999378, 2.200000000000000178, -2.750000000000000888 ) ) ;
#938 = EDGE_LOOP ( 'NONE', ( #98, #1072, #715, #1684 ) ) ;
#939 = ORIENTED_EDGE ( 'NONE', *, *, #2426, .T. ) ;
#940 = CIRCLE ( 'NONE', #99, 0.7499999999999997780 ) ;
#941 = EDGE_LOOP ( 'NONE', ( #1681, #797, #2261, #43 ) ) ;
#942 = EDGE_CURVE ( 'NONE', #788, #343, #546, .T. ) ;
#943 = FACE_OUTER_BOUND ( 'NONE', #660, .T. ) ;
#944 = ORIENTED_EDGE ( 'NONE', *, *, #934, .F. ) ;
#945 = DIRECTION ( 'NONE',  ( -1.000000000000000000, 0.000000000000000000, 0.000000000000000000 ) ) ;
#946 = LINE ( 'NONE', #2423, #2424 ) ;
#947 = CARTESIAN_POINT ( 'NONE',  ( 4.800000000000003375, 4.374999999996528999, 0.8749999999993646194 ) ) ;
#948 = DIRECTION ( 'NONE',  ( 1.000000000000000000, 0.000000000000000000, 0.000000000000000000 ) ) ;
#949 = ORIENTED_EDGE ( 'NONE', *, *, #2335, .T. ) ;
#950 = ORIENTED_EDGE ( 'NONE', *, *, #130, .T. ) ;
#951 = EDGE_CURVE ( 'NONE', #2218, #632, #1029, .T. ) ;
#952 = ORIENTED_EDGE ( 'NONE', *, *, #731, .F. ) ;
#953 = DIRECTION ( 'NONE',  ( 1.000000000000000000, 0.000000000000000000, 0.000000000000000000 ) ) ;
#954 = DIRECTION ( 'NONE',  ( 0.000000000000000000, 0.000000000000000000, 1.000000000000000000 ) ) ;
#955 = CARTESIAN_POINT ( 'NONE',  ( -0.2000000000000005107, 1.787499999998265254, -2.849999999999879741 ) ) ;
#956 = DIRECTION ( 'NONE',  ( 0.000000000000000000, 0.000000000000000000, -1.000000000000000000 ) ) ;
#957 = LINE ( 'NONE', #2232, #2553 ) ;
#958 = AXIS2_PLACEMENT_3D ( 'NONE', #1110, #915, #2328 ) ;
#959 = PLANE ( 'NONE',  #488 ) ;
#960 = CARTESIAN_POINT ( 'NONE',  ( -4.349999999999996980, 6.402171862180300543, -9.800000000000014921 ) ) ;
#961 = CARTESIAN_POINT ( 'NONE',  ( -7.299999999999998934, 35.00000000000000000, 6.500000000000004441 ) ) ;
#962 = DIRECTION ( 'NONE',  ( 1.000000000000000000, -9.050731179009426604E-16, 0.000000000000000000 ) ) ;
#963 = EDGE_CURVE ( 'NONE', #454, #2363, #957, .T. ) ;
#964 = CARTESIAN_POINT ( 'NONE',  ( -0.9027795962271631947, 5.993971577492367864, -3.293971577495195646 ) ) ;
#965 = DIRECTION ( 'NONE',  ( 0.000000000000000000, 0.000000000000000000, 1.000000000000000000 ) ) ;
#966 = DIRECTION ( 'NONE',  ( -7.528058673009668969E-16, -1.000000000000000000, 0.000000000000000000 ) ) ;
#967 = LINE ( 'NONE', #1678, #2444 ) ;
#968 = EDGE_CURVE ( 'NONE', #2022, #422, #1492, .T. ) ;
#969 = LINE ( 'NONE', #434, #907 ) ;
#970 = EDGE_CURVE ( 'NONE', #2535, #1742, #1443, .T. ) ;
#971 = DIRECTION ( 'NONE',  ( -0.000000000000000000, -0.000000000000000000, 1.000000000000000000 ) ) ;
#972 = DIRECTION ( 'NONE',  ( -1.000000000000000000, 0.000000000000000000, 0.000000000000000000 ) ) ;
#973 = ORIENTED_EDGE ( 'NONE', *, *, #2244, .T. ) ;
#974 = CARTESIAN_POINT ( 'NONE',  ( 8.673617379884266214E-16, 5.250000000000006217, -14.00000000000000355 ) ) ;
#975 = CARTESIAN_POINT ( 'NONE',  ( 4.700000000000002842, 35.00000000000000000, -6.500000000000005329 ) ) ;
#976 = DIRECTION ( 'NONE',  ( 0.000000000000000000, 0.000000000000000000, 1.000000000000000000 ) ) ;
#977 = LINE ( 'NONE', #984, #2103 ) ;
#978 = CARTESIAN_POINT ( 'NONE',  ( 3.261901286060020499, 2.150000000000005240, -9.800000000000014921 ) ) ;
#979 = ORIENTED_EDGE ( 'NONE', *, *, #823, .T. ) ;
#980 = VECTOR ( 'NONE', #2528, 1000.000000000000000 ) ;
#981 = EDGE_CURVE ( 'NONE', #1259, #653, #2438, .T. ) ;
#982 = CIRCLE ( 'NONE', #2008, 5.750000000000000888 ) ;
#983 = AXIS2_PLACEMENT_3D ( 'NONE', #2222, #1994, #829 ) ;
#984 = CARTESIAN_POINT ( 'NONE',  ( -7.299999999999998934, 35.00000000000000000, -6.500000000000003553 ) ) ;
#985 = DIRECTION ( 'NONE',  ( 1.000000000000000000, 0.000000000000000000, 0.000000000000000000 ) ) ;
#986 = CARTESIAN_POINT ( 'NONE',  ( -4.842778128306099106, 8.350000000000012079, -24.66345596729060219 ) ) ;
#987 = VERTEX_POINT ( 'NONE', #417 ) ;
#989 = LINE ( 'NONE', #1230, #157 ) ;
#988 = DIRECTION ( 'NONE',  ( 0.000000000000000000, 0.000000000000000000, -1.000000000000000000 ) ) ;
#990 = DIRECTION ( 'NONE',  ( 1.000000000000000000, 0.000000000000000000, 0.000000000000000000 ) ) ;
#991 = VERTEX_POINT ( 'NONE', #621 ) ;
#992 = VECTOR ( 'NONE', #1200, 1000.000000000000000 ) ;
#993 = EDGE_CURVE ( 'NONE', #825, #2379, #615, .T. ) ;
#994 = VERTEX_POINT ( 'NONE', #596 ) ;
#995 = CARTESIAN_POINT ( 'NONE',  ( -4.500000000000003553, 27.10000000000000142, 3.499999999999999556 ) ) ;
#996 = VECTOR ( 'NONE', #1984, 1000.000000000000000 ) ;
#997 = CARTESIAN_POINT ( 'NONE',  ( -7.299999999999998934, 24.59999999999995879, -0.3000000000000879741 ) ) ;
#998 = CARTESIAN_POINT ( 'NONE',  ( -0.2000000000000005107, 1.787499999998265254, -3.599999999999879297 ) ) ;
#999 = CARTESIAN_POINT ( 'NONE',  ( -4.500000000000003553, 35.00000000000000000, -4.700000000000002842 ) ) ;
#1000 = DIRECTION ( 'NONE',  ( 0.000000000000000000, -0.7071067811865475727, -0.7071067811865474617 ) ) ;
#1001 = CARTESIAN_POINT ( 'NONE',  ( -7.299999999999998934, 29.10000000000000497, -5.500000000000005329 ) ) ;
#1002 = VECTOR ( 'NONE', #26, 1000.000000000000000 ) ;
#1003 = DIRECTION ( 'NONE',  ( 0.000000000000000000, 0.000000000000000000, 1.000000000000000000 ) ) ;
#1004 = CARTESIAN_POINT ( 'NONE',  ( 1.100000000000000977, 5.249999999999999112, 1.750000000002832623 ) ) ;
#1005 = PLANE ( 'NONE',  #2329 ) ;
#1006 = VECTOR ( 'NONE', #642, 1000.000000000000000 ) ;
#1007 = EDGE_LOOP ( 'NONE', ( #589, #2516, #1074 ) ) ;
#1008 = SURFACE_STYLE_FILL_AREA ( #1895 ) ;
#1009 = EDGE_LOOP ( 'NONE', ( #894, #416, #744, #216 ) ) ;
#1010 = EDGE_CURVE ( 'NONE', #2389, #1013, #837, .T. ) ;
#1011 = ORIENTED_EDGE ( 'NONE', *, *, #2028, .F. ) ;
#1012 = FACE_OUTER_BOUND ( 'NONE', #1294, .T. ) ;
#1013 = VERTEX_POINT ( 'NONE', #806 ) ;
#1014 = DIRECTION ( 'NONE',  ( -1.770561267648950087E-30, 1.238481530905600258E-45, 1.000000000000000000 ) ) ;
#1015 = AXIS2_PLACEMENT_3D ( 'NONE', #1413, #1783, #1235 ) ;
#1016 = CARTESIAN_POINT ( 'NONE',  ( 8.673617379884174509E-16, 5.250000000000007105, -8.400000000000003908 ) ) ;
#1017 = LINE ( 'NONE', #1571, #1242 ) ;
#1018 = ORIENTED_EDGE ( 'NONE', *, *, #1920, .F. ) ;
#1019 = CARTESIAN_POINT ( 'NONE',  ( 4.800000000000000711, -0.8000000000000010436, -4.700000000000001066 ) ) ;
#1020 = DIRECTION ( 'NONE',  ( 0.000000000000000000, 0.000000000000000000, 1.000000000000000000 ) ) ;
#1021 = CARTESIAN_POINT ( 'NONE',  ( 6.200000000000001954, 13.50000000000000888, -6.500000000000005329 ) ) ;
#1022 = ORIENTED_EDGE ( 'NONE', *, *, #2194, .F. ) ;
#1023 = FACE_OUTER_BOUND ( 'NONE', #1620, .T. ) ;
#1024 = ORIENTED_EDGE ( 'NONE', *, *, #116, .F. ) ;
#1025 = VERTEX_POINT ( 'NONE', #1608 ) ;
#1026 = AXIS2_PLACEMENT_3D ( 'NONE', #2386, #2575, #2240 ) ;
#1027 = DIRECTION ( 'NONE',  ( 8.673617379884034239E-17, 0.000000000000000000, -1.000000000000000000 ) ) ;
#1028 = CARTESIAN_POINT ( 'NONE',  ( 1.057284049582416041E-15, 5.249999999999999112, -14.00000000000000533 ) ) ;
#1029 = LINE ( 'NONE', #1599, #490 ) ;
#1030 = EDGE_CURVE ( 'NONE', #1135, #1971, #487, .T. ) ;
#1031 = AXIS2_PLACEMENT_3D ( 'NONE', #901, #80, #895 ) ;
#1032 = ORIENTED_EDGE ( 'NONE', *, *, #270, .T. ) ;
#1033 = DIRECTION ( 'NONE',  ( -0.000000000000000000, -1.000000000000000000, -0.000000000000000000 ) ) ;
#1034 = CARTESIAN_POINT ( 'NONE',  ( -2.799999999999999378, 2.200000000000000622, 3.499999999999999112 ) ) ;
#1035 = ORIENTED_EDGE ( 'NONE', *, *, #124, .T. ) ;
#1036 = FILL_AREA_STYLE_COLOUR ( '', #1064 ) ;
#1037 = EDGE_CURVE ( 'NONE', #698, #623, #2404, .T. ) ;
#1038 = ORIENTED_EDGE ( 'NONE', *, *, #1106, .T. ) ;
#1039 = DIRECTION ( 'NONE',  ( 1.651842175752580018E-30, -1.577021341797100025E-16, -1.000000000000000000 ) ) ;
#1040 = PLANE ( 'NONE',  #1303 ) ;
#1041 = ORIENTED_EDGE ( 'NONE', *, *, #2419, .T. ) ;
#1042 = LINE ( 'NONE', #2015, #1210 ) ;
#1043 = CYLINDRICAL_SURFACE ( 'NONE', #1056, 1.500000000000000444 ) ;
#1044 = EDGE_LOOP ( 'NONE', ( #2052, #1475 ) ) ;
#1045 = AXIS2_PLACEMENT_3D ( 'NONE', #926, #320, #1722 ) ;
#1046 = EDGE_LOOP ( 'NONE', ( #1645, #610 ) ) ;
#1047 = PLANE ( 'NONE',  #624 ) ;
#1048 = ORIENTED_EDGE ( 'NONE', *, *, #963, .T. ) ;
#1049 = ADVANCED_FACE ( 'NONE', ( #1180 ), #1865, .F. ) ;
#1050 = DIRECTION ( 'NONE',  ( -1.000000000000000000, -0.000000000000000000, 0.000000000000000000 ) ) ;
#1051 = ORIENTED_EDGE ( 'NONE', *, *, #2270, .T. ) ;
#1052 = CIRCLE ( 'NONE', #381, 5.750000000000000888 ) ;
#1053 = VECTOR ( 'NONE', #1931, 1000.000000000000000 ) ;
#1054 = EDGE_CURVE ( 'NONE', #653, #252, #427, .T. ) ;
#1055 = ORIENTED_EDGE ( 'NONE', *, *, #1395, .F. ) ;
#1056 = AXIS2_PLACEMENT_3D ( 'NONE', #1764, #540, #2349 ) ;
#1057 = CARTESIAN_POINT ( 'NONE',  ( 3.261901286060020499, 2.150000000000005240, -14.00000000000000533 ) ) ;
#1058 = AXIS2_PLACEMENT_3D ( 'NONE', #1559, #1989, #354 ) ;
#1059 = DIRECTION ( 'NONE',  ( 0.000000000000000000, 0.000000000000000000, -1.000000000000000000 ) ) ;
#1060 = DIRECTION ( 'NONE',  ( -1.000000000000000000, 0.000000000000000000, 0.000000000000000000 ) ) ;
#1061 = ADVANCED_FACE ( 'NONE', ( #545 ), #1923, .F. ) ;
#1062 = EDGE_CURVE ( 'NONE', #252, #2109, #2435, .T. ) ;
#1063 =( BOUNDED_CURVE ( )  B_SPLINE_CURVE ( 3, ( #2319, #1697, #1122, #1518 ),
 .UNSPECIFIED., .F., .F. ) 
 B_SPLINE_CURVE_WITH_KNOTS ( ( 4, 4 ),
 ( 0.6510390574812181530, 1.570796326794896780 ),
 .UNSPECIFIED. ) 
 CURVE ( )  GEOMETRIC_REPRESENTATION_ITEM ( )  RATIONAL_B_SPLINE_CURVE ( ( 1.000000000000000000, 0.9307375805603446128, 0.9307375805603446128, 1.000000000000000000 ) ) 
 REPRESENTATION_ITEM ( '' )  );
#1064 = COLOUR_RGB ( '',1.000000000000000000, 1.000000000000000000, 1.000000000000000000 ) ;
#1065 = ORIENTED_EDGE ( 'NONE', *, *, #1514, .T. ) ;
#1066 = DIRECTION ( 'NONE',  ( 0.000000000000000000, -0.000000000000000000, -1.000000000000000000 ) ) ;
#1067 = CYLINDRICAL_SURFACE ( 'NONE', #699, 0.7500000000000015543 ) ;
#1068 = ORIENTED_EDGE ( 'NONE', *, *, #573, .T. ) ;
#1069 = VECTOR ( 'NONE', #145, 1000.000000000000000 ) ;
#1070 = LINE ( 'NONE', #1121, #1336 ) ;
#1071 = EDGE_CURVE ( 'NONE', #2227, #2479, #1837, .T. ) ;
#1072 = ORIENTED_EDGE ( 'NONE', *, *, #2178, .F. ) ;
#1073 = DIRECTION ( 'NONE',  ( 0.000000000000000000, 0.000000000000000000, -1.000000000000000000 ) ) ;
#1074 = ORIENTED_EDGE ( 'NONE', *, *, #1603, .T. ) ;
#1075 = CYLINDRICAL_SURFACE ( 'NONE', #1988, 0.7500000000000002220 ) ;
#1076 = ORIENTED_EDGE ( 'NONE', *, *, #71, .F. ) ;
#1077 = VECTOR ( 'NONE', #1569, 1000.000000000000000 ) ;
#1078 = VECTOR ( 'NONE', #1003, 1000.000000000000000 ) ;
#1079 = EDGE_CURVE ( 'NONE', #2077, #356, #513, .T. ) ;
#1080 = CIRCLE ( 'NONE', #73, 4.499999999999999112 ) ;
#1081 = CARTESIAN_POINT ( 'NONE',  ( -2.049999999999999822, 24.00000000000000711, -6.500000000000005329 ) ) ;
#1082 = EDGE_LOOP ( 'NONE', ( #1068, #1101, #1801, #117, #661, #259 ) ) ;
#1083 = CARTESIAN_POINT ( 'NONE',  ( 0.000000000000000000, 0.000000000000000000, 0.000000000000000000 ) ) ;
#1084 = DIRECTION ( 'NONE',  ( -1.000000000000000000, 0.000000000000000000, 0.000000000000000000 ) ) ;
#1085 = VERTEX_POINT ( 'NONE', #719 ) ;
#1086 = ADVANCED_FACE ( 'NONE', ( #866 ), #288, .F. ) ;
#1087 = EDGE_CURVE ( 'NONE', #2162, #987, #228, .T. ) ;
#1088 = CARTESIAN_POINT ( 'NONE',  ( -8.355105673028294433, 4.374999999996451727, -1.674999999999287725 ) ) ;
#1089 = DIRECTION ( 'NONE',  ( 0.000000000000000000, -0.000000000000000000, 1.000000000000000000 ) ) ;
#1090 = VERTEX_POINT ( 'NONE', #728 ) ;
#1091 = AXIS2_PLACEMENT_3D ( 'NONE', #2397, #988, #778 ) ;
#1092 = DIRECTION ( 'NONE',  ( 0.000000000000000000, 0.000000000000000000, 1.000000000000000000 ) ) ;
#1093 = ORIENTED_EDGE ( 'NONE', *, *, #1553, .F. ) ;
#1094 = VERTEX_POINT ( 'NONE', #1154 ) ;
#1095 = CARTESIAN_POINT ( 'NONE',  ( -4.349999999999998757, 4.097828137819717220, -9.800000000000014921 ) ) ;
#1096 = DIRECTION ( 'NONE',  ( -0.4226182617407055475, 0.000000000000000000, -0.9063077870366471611 ) ) ;
#1097 = ORIENTED_EDGE ( 'NONE', *, *, #492, .F. ) ;
#1098 = ADVANCED_FACE ( 'NONE', ( #1927 ), #1367, .F. ) ;
#1099 = LINE ( 'NONE', #582, #1069 ) ;
#1100 = VECTOR ( 'NONE', #789, 1000.000000000000000 ) ;
#1101 = ORIENTED_EDGE ( 'NONE', *, *, #981, .F. ) ;
#1102 = EDGE_CURVE ( 'NONE', #2474, #1477, #1762, .T. ) ;
#1103 = SURFACE_STYLE_FILL_AREA ( #2411 ) ;
#1104 = FACE_OUTER_BOUND ( 'NONE', #1981, .T. ) ;
#1105 = AXIS2_PLACEMENT_3D ( 'NONE', #2266, #637, #2256 ) ;
#1106 = EDGE_CURVE ( 'NONE', #321, #1477, #388, .T. ) ;
#1107 = CARTESIAN_POINT ( 'NONE',  ( -4.500000000000003553, 27.10000000000000142, 4.999999999999999112 ) ) ;
#1108 = LINE ( 'NONE', #94, #980 ) ;
#1109 = PLANE ( 'NONE',  #743 ) ;
#1110 = CARTESIAN_POINT ( 'NONE',  ( -2.049999999999999822, 24.00000000000000711, -2.000000000000000000 ) ) ;
#1111 = ORIENTED_EDGE ( 'NONE', *, *, #920, .T. ) ;
#1112 = CIRCLE ( 'NONE', #2084, 4.500000000000000000 ) ;
#1113 = EDGE_CURVE ( 'NONE', #1543, #879, #1417, .T. ) ;
#1114 = DIRECTION ( 'NONE',  ( 0.000000000000000000, -0.000000000000000000, -1.000000000000000000 ) ) ;
#1115 = CARTESIAN_POINT ( 'NONE',  ( -4.349999999999997868, 6.402171862180296102, -15.20000000000000284 ) ) ;
#1116 = CARTESIAN_POINT ( 'NONE',  ( 1.057284049582416041E-15, 5.249999999999999112, -14.00000000000000533 ) ) ;
#1117 = AXIS2_PLACEMENT_3D ( 'NONE', #175, #2177, #1191 ) ;
#1118 = DIRECTION ( 'NONE',  ( -1.000000000000000000, 0.000000000000000000, 0.000000000000000000 ) ) ;
#1119 = EDGE_CURVE ( 'NONE', #2389, #703, #705, .T. ) ;
#1120 = ORIENTED_EDGE ( 'NONE', *, *, #823, .F. ) ;
#1121 = CARTESIAN_POINT ( 'NONE',  ( -4.299999999999999822, -0.8000000000000020428, 3.499999999999999556 ) ) ;
#1122 = CARTESIAN_POINT ( 'NONE',  ( 1.100000000000000977, 4.900296496332752660, 1.400296496335585728 ) ) ;
#1123 = DIRECTION ( 'NONE',  ( 8.673617379884034239E-17, 0.000000000000000000, -1.000000000000000000 ) ) ;
#1124 = LINE ( 'NONE', #77, #1006 ) ;
#1125 = LINE ( 'NONE', #86, #2477 ) ;
#1126 = ORIENTED_EDGE ( 'NONE', *, *, #1387, .F. ) ;
#1127 = DIRECTION ( 'NONE',  ( 1.000000000000000000, 0.000000000000000000, 0.000000000000000000 ) ) ;
#1128 = VERTEX_POINT ( 'NONE', #1352 ) ;
#1129 = EDGE_LOOP ( 'NONE', ( #308, #467 ) ) ;
#1130 = CARTESIAN_POINT ( 'NONE',  ( 2.449999999999999734, 24.00000000000000711, -2.000000000000000000 ) ) ;
#1131 = DIRECTION ( 'NONE',  ( -1.770561267648950087E-30, 1.238481530905600258E-45, 1.000000000000000000 ) ) ;
#1132 = CARTESIAN_POINT ( 'NONE',  ( 1.057284049582416041E-15, 5.249999999999999112, -5.855661067471423564 ) ) ;
#1133 = VECTOR ( 'NONE', #1567, 1000.000000000000000 ) ;
#1134 = LINE ( 'NONE', #935, #2540 ) ;
#1135 = VERTEX_POINT ( 'NONE', #404 ) ;
#1136 = ORIENTED_EDGE ( 'NONE', *, *, #1525, .F. ) ;
#1137 = LINE ( 'NONE', #2502, #1667 ) ;
#1138 = EDGE_CURVE ( 'NONE', #2398, #1094, #734, .T. ) ;
#1139 = ORIENTED_EDGE ( 'NONE', *, *, #1505, .F. ) ;
#1140 = PLANE ( 'NONE',  #576 ) ;
#1142 = FACE_OUTER_BOUND ( 'NONE', #604, .T. ) ;
#1141 = CARTESIAN_POINT ( 'NONE',  ( 4.842778128306106211, 8.350000000000004974, -24.66345596729060219 ) ) ;
#1143 = AXIS2_PLACEMENT_3D ( 'NONE', #1637, #200, #2237 ) ;
#1144 = CARTESIAN_POINT ( 'NONE',  ( 4.700000000000001066, 26.10000000000000142, -5.500000000000005329 ) ) ;
#1145 = ORIENTED_EDGE ( 'NONE', *, *, #1433, .F. ) ;
#1146 = UNCERTAINTY_MEASURE_WITH_UNIT (LENGTH_MEASURE( 1.000000000000000082E-05 ), #2004, 'distance_accuracy_value', 'NONE');
#1147 = VECTOR ( 'NONE', #1000, 1000.000000000000000 ) ;
#1148 = DIRECTION ( 'NONE',  ( -0.000000000000000000, -1.000000000000000000, -0.000000000000000000 ) ) ;
#1149 = CARTESIAN_POINT ( 'NONE',  ( 1.057284049582416041E-15, 5.249999999999999112, -9.800000000000014921 ) ) ;
#1150 = ORIENTED_EDGE ( 'NONE', *, *, #433, .F. ) ;
#1151 = DIRECTION ( 'NONE',  ( 1.770561267648950087E-30, -1.238481530905600258E-45, -1.000000000000000000 ) ) ;
#1152 = CARTESIAN_POINT ( 'NONE',  ( -0.5601362052795946234, 6.196703454908121245, -3.496703454910949915 ) ) ;
#1153 = EDGE_CURVE ( 'NONE', #287, #862, #1288, .T. ) ;
#1154 = CARTESIAN_POINT ( 'NONE',  ( -7.299999999999998934, 2.200000000000000178, -4.250000000000000888 ) ) ;
#1155 = ORIENTED_EDGE ( 'NONE', *, *, #547, .F. ) ;
#1156 = AXIS2_PLACEMENT_3D ( 'NONE', #2096, #898, #2305 ) ;
#1157 = EDGE_CURVE ( 'NONE', #2112, #2447, #2551, .T. ) ;
#1158 = CARTESIAN_POINT ( 'NONE',  ( -14.50000000000000000, 24.59999999999995879, 0.4499999999999135802 ) ) ;
#1159 = ORIENTED_EDGE ( 'NONE', *, *, #2614, .F. ) ;
#1160 = AXIS2_PLACEMENT_3D ( 'NONE', #1028, #611, #2409 ) ;
#1161 = CARTESIAN_POINT ( 'NONE',  ( 1.100000000000000977, 5.648126496833060450, -2.948126496835887345 ) ) ;
#1162 = CARTESIAN_POINT ( 'NONE',  ( 4.350000000000000533, 6.402171862180296991, -15.20000000000000462 ) ) ;
#1163 = DIRECTION ( 'NONE',  ( 1.000000000000000000, 0.000000000000000000, -0.000000000000000000 ) ) ;
#1164 = ORIENTED_EDGE ( 'NONE', *, *, #1957, .F. ) ;
#1165 = ORIENTED_EDGE ( 'NONE', *, *, #124, .F. ) ;
#1166 = EDGE_CURVE ( 'NONE', #1231, #1821, #650, .T. ) ;
#1167 = LINE ( 'NONE', #2556, #2208 ) ;
#1168 = EDGE_LOOP ( 'NONE', ( #939, #1312, #233, #1911, #725, #2157, #1041, #1883, #781, #2083, #2149 ) ) ;
#1169 = CARTESIAN_POINT ( 'NONE',  ( -5.750000000000000000, 5.250000000000000000, -9.800000000000014921 ) ) ;
#1170 = DIRECTION ( 'NONE',  ( 1.651842175752580018E-30, -1.577021341797100025E-16, -1.000000000000000000 ) ) ;
#1171 = LINE ( 'NONE', #2587, #419 ) ;
#1172 = DIRECTION ( 'NONE',  ( 1.000000000000000000, 0.000000000000000000, 0.000000000000000000 ) ) ;
#1173 = DIRECTION ( 'NONE',  ( 0.000000000000000000, -1.000000000000000000, -0.000000000000000000 ) ) ;
#1174 = CARTESIAN_POINT ( 'NONE',  ( 3.078346698278689342, 28.60000000000000497, -4.299999999999999822 ) ) ;
#1175 = DIRECTION ( 'NONE',  ( 0.000000000000000000, 0.000000000000000000, 1.000000000000000000 ) ) ;
#1176 = CIRCLE ( 'NONE', #199, 5.750000000000000888 ) ;
#1177 = VECTOR ( 'NONE', #1934, 1000.000000000000000 ) ;
#1178 = ORIENTED_EDGE ( 'NONE', *, *, #1423, .F. ) ;
#1179 = CARTESIAN_POINT ( 'NONE',  ( -5.799999999999999822, -0.8000000000000020428, -6.500000000000005329 ) ) ;
#1180 = FACE_OUTER_BOUND ( 'NONE', #449, .T. ) ;
#1181 = CARTESIAN_POINT ( 'NONE',  ( -1.999999999999999112, 5.249999999999999112, -1.702438661763949757 ) ) ;
#1182 = ADVANCED_FACE ( 'NONE', ( #1142 ), #380, .F. ) ;
#1183 = DIRECTION ( 'NONE',  ( -1.000000000000000000, 0.000000000000000000, -1.770561267648950087E-30 ) ) ;
#1184 = CARTESIAN_POINT ( 'NONE',  ( 5.799999999999999822, 27.10000000000000142, 3.499999999999999556 ) ) ;
#1185 = EDGE_LOOP ( 'NONE', ( #460, #1541, #517, #1941, #1818, #2533, #1463, #1281, #1480, #950, #2131, #1668 ) ) ;
#1186 = AXIS2_PLACEMENT_3D ( 'NONE', #1507, #107, #2125 ) ;
#1187 = PLANE ( 'NONE',  #1915 ) ;
#1188 = VERTEX_POINT ( 'NONE', #2197 ) ;
#1189 = CARTESIAN_POINT ( 'NONE',  ( -5.799999999999999822, 27.10000000000000142, 4.999999999999999112 ) ) ;
#1190 = CARTESIAN_POINT ( 'NONE',  ( 4.799999999999999822, 1.787499999998265254, -2.099999999999879741 ) ) ;
#1191 = DIRECTION ( 'NONE',  ( -1.000000000000000000, 0.000000000000000000, 0.000000000000000000 ) ) ;
#1192 = DIRECTION ( 'NONE',  ( 0.000000000000000000, 0.000000000000000000, 1.000000000000000000 ) ) ;
#1193 = DIRECTION ( 'NONE',  ( 0.000000000000000000, -0.000000000000000000, -1.000000000000000000 ) ) ;
#1194 = DIRECTION ( 'NONE',  ( 1.000000000000000000, -7.528058673009668969E-16, 0.000000000000000000 ) ) ;
#1195 = SURFACE_SIDE_STYLE ('',( #1103 ) ) ;
#1196 = LINE ( 'NONE', #2461, #1002 ) ;
#1197 = EDGE_CURVE ( 'NONE', #2422, #50, #1490, .T. ) ;
#1198 = AXIS2_PLACEMENT_3D ( 'NONE', #173, #2033, #2011 ) ;
#1199 = ORIENTED_EDGE ( 'NONE', *, *, #2509, .T. ) ;
#1200 = DIRECTION ( 'NONE',  ( 1.000000000000000000, -7.528058673009668969E-16, 1.770561267648950087E-30 ) ) ;
#1201 = VERTEX_POINT ( 'NONE', #2210 ) ;
#1202 = DIRECTION ( 'NONE',  ( 0.000000000000000000, 0.000000000000000000, -1.000000000000000000 ) ) ;
#1203 = CARTESIAN_POINT ( 'NONE',  ( 1.057284049582416041E-15, 5.249999999999999112, -8.400000000000003908 ) ) ;
#1204 = CARTESIAN_POINT ( 'NONE',  ( -5.799999999999999822, 27.10000000000000142, 4.999999999999999112 ) ) ;
#1205 = CARTESIAN_POINT ( 'NONE',  ( 3.078346698278689342, 28.60000000000000497, -0.2999999999999999334 ) ) ;
#1206 = VECTOR ( 'NONE', #1557, 1000.000000000000000 ) ;
#1207 = CARTESIAN_POINT ( 'NONE',  ( -7.299999999999998934, 30.10000000000000497, -0.3000000000000001554 ) ) ;
#1208 = VERTEX_POINT ( 'NONE', #348 ) ;
#1209 = FILL_AREA_STYLE_COLOUR ( '', #1635 ) ;
#1210 = VECTOR ( 'NONE', #2416, 1000.000000000000000 ) ;
#1211 = CYLINDRICAL_SURFACE ( 'NONE', #1186, 2.200000000000000178 ) ;
#1212 = ORIENTED_EDGE ( 'NONE', *, *, #214, .T. ) ;
#1213 = LINE ( 'NONE', #1487, #314 ) ;
#1214 = VECTOR ( 'NONE', #772, 1000.000000000000000 ) ;
#1215 = EDGE_CURVE ( 'NONE', #2379, #371, #613, .T. ) ;
#1216 = ADVANCED_FACE ( 'NONE', ( #1519 ), #509, .T. ) ;
#1217 = CARTESIAN_POINT ( 'NONE',  ( -5.799999999999999822, 27.10000000000000142, -4.299999999999999822 ) ) ;
#1218 = EDGE_LOOP ( 'NONE', ( #245, #1760, #279, #2279 ) ) ;
#1219 = DIRECTION ( 'NONE',  ( 1.000000000000000000, -7.528058673009668969E-16, 1.770561267648950087E-30 ) ) ;
#1220 = PLANE ( 'NONE',  #1647 ) ;
#1221 = ORIENTED_EDGE ( 'NONE', *, *, #375, .T. ) ;
#1222 = STYLED_ITEM ( 'NONE', ( #1812 ), #2437 ) ;
#1223 = EDGE_CURVE ( 'NONE', #1428, #1513, #1112, .T. ) ;
#1224 = CARTESIAN_POINT ( 'NONE',  ( 1.057284049582416041E-15, 5.249999999999999112, -8.400000000000003908 ) ) ;
#1225 = CIRCLE ( 'NONE', #514, 4.499999999999999112 ) ;
#1226 = DIRECTION ( 'NONE',  ( 1.000000000000000000, 0.000000000000000000, 0.000000000000000000 ) ) ;
#1227 = DIRECTION ( 'NONE',  ( -1.000000000000000000, 0.000000000000000000, 0.000000000000000000 ) ) ;
#1228 = ADVANCED_FACE ( 'NONE', ( #1585 ), #1464, .T. ) ;
#1229 = EDGE_CURVE ( 'NONE', #2535, #2336, #925, .T. ) ;
#1230 = CARTESIAN_POINT ( 'NONE',  ( -2.049999999999999822, 35.00000000000000000, -6.500000000000005329 ) ) ;
#1231 = VERTEX_POINT ( 'NONE', #1588 ) ;
#1232 = CARTESIAN_POINT ( 'NONE',  ( 0.000000000000000000, 24.75000000000000000, 6.500000000000005329 ) ) ;
#1233 = CARTESIAN_POINT ( 'NONE',  ( 5.799999999999999822, 35.00000000000000000, -4.700000000000000178 ) ) ;
#1234 = MECHANICAL_DESIGN_GEOMETRIC_PRESENTATION_REPRESENTATION (  '', ( #1222 ), #1371 ) ;
#1235 = DIRECTION ( 'NONE',  ( 0.000000000000000000, 0.000000000000000000, -1.000000000000000000 ) ) ;
#1236 = EDGE_CURVE ( 'NONE', #994, #2236, #1617, .T. ) ;
#1237 = CIRCLE ( 'NONE', #1105, 4.500000000000000000 ) ;
#1238 = ORIENTED_EDGE ( 'NONE', *, *, #1613, .F. ) ;
#1239 = CARTESIAN_POINT ( 'NONE',  ( 4.799999999999999822, 1.787499999998265254, -3.599999999999879297 ) ) ;
#1240 = UNCERTAINTY_MEASURE_WITH_UNIT (LENGTH_MEASURE( 1.000000000000000082E-05 ), #662, 'distance_accuracy_value', 'NONE');
#1241 = CARTESIAN_POINT ( 'NONE',  ( 4.350000000000000533, 4.097828137819713668, -8.400000000000003908 ) ) ;
#1242 = VECTOR ( 'NONE', #373, 1000.000000000000000 ) ;
#1243 = FACE_BOUND ( 'NONE', #2137, .T. ) ;
#1244 = ORIENTED_EDGE ( 'NONE', *, *, #1223, .F. ) ;
#1245 = VECTOR ( 'NONE', #1607, 1000.000000000000000 ) ;
#1246 = DIRECTION ( 'NONE',  ( 1.651842175752580018E-30, -1.577021341797100025E-16, -1.000000000000000000 ) ) ;
#1247 = LINE ( 'NONE', #2512, #150 ) ;
#1248 = EDGE_CURVE ( 'NONE', #1948, #1821, #2114, .T. ) ;
#1249 = ORIENTED_EDGE ( 'NONE', *, *, #934, .T. ) ;
#1250 = CARTESIAN_POINT ( 'NONE',  ( -1.099999999999998757, 5.249999999999999112, 1.750000000002832623 ) ) ;
#1251 = EDGE_LOOP ( 'NONE', ( #1394, #398, #1302, #1011 ) ) ;
#1252 = CARTESIAN_POINT ( 'NONE',  ( 2.450000000000000622, 13.00000000000001066, -2.000000000000000000 ) ) ;
#1253 = EDGE_CURVE ( 'NONE', #788, #1208, #801, .T. ) ;
#1254 = AXIS2_PLACEMENT_3D ( 'NONE', #1857, #39, #1060 ) ;
#1255 = EDGE_CURVE ( 'NONE', #991, #2116, #1925, .T. ) ;
#1256 = ORIENTED_EDGE ( 'NONE', *, *, #2315, .F. ) ;
#1257 = CARTESIAN_POINT ( 'NONE',  ( 1.084202172485504434E-15, 5.249999999999999112, 7.900000000000000355 ) ) ;
#1258 = AXIS2_PLACEMENT_3D ( 'NONE', #379, #971, #1554 ) ;
#1259 = VERTEX_POINT ( 'NONE', #995 ) ;
#1260 = DIRECTION ( 'NONE',  ( 1.651842175752580018E-30, -1.577021341797100025E-16, -1.000000000000000000 ) ) ;
#1261 = ADVANCED_FACE ( 'NONE', ( #2399 ), #1411, .F. ) ;
#1262 = ORIENTED_EDGE ( 'NONE', *, *, #1229, .F. ) ;
#1263 = EDGE_CURVE ( 'NONE', #1971, #37, #1549, .T. ) ;
#1264 = DIRECTION ( 'NONE',  ( 1.000000000000000000, 0.000000000000000000, 0.000000000000000000 ) ) ;
#1265 = EDGE_CURVE ( 'NONE', #37, #405, #1285, .T. ) ;
#1266 = CARTESIAN_POINT ( 'NONE',  ( 2.450000000000000622, 13.00000000000001066, -4.700000000000000178 ) ) ;
#1267 = ORIENTED_EDGE ( 'NONE', *, *, #407, .T. ) ;
#1268 = DIRECTION ( 'NONE',  ( -1.000000000000000000, 0.000000000000000000, 0.000000000000000000 ) ) ;
#1269 = ORIENTED_EDGE ( 'NONE', *, *, #1255, .F. ) ;
#1270 = EDGE_CURVE ( 'NONE', #1013, #1528, #262, .T. ) ;
#1271 = VERTEX_POINT ( 'NONE', #1239 ) ;
#1272 = ORIENTED_EDGE ( 'NONE', *, *, #2178, .T. ) ;
#1273 = DIRECTION ( 'NONE',  ( 0.000000000000000000, 0.000000000000000000, 1.000000000000000000 ) ) ;
#1274 = CYLINDRICAL_SURFACE ( 'NONE', #1117, 0.7500000000000006661 ) ;
#1275 = LINE ( 'NONE', #2358, #186 ) ;
#1276 = CLOSED_SHELL ( 'NONE', ( #1682, #1807, #53, #2470, #399, #2051, #893, #194, #811, #2175, #495, #181, #1228, #1261, #2480, #45, #1851, #1098, #798, #593, #1871, #90, #2099, #266, #878, #164, #1889, #1661, #1049, #2507, #238, #1699, #2458, #1819, #1298, #1216, #1290, #668, #2304, #2024, #679, #2400, #1652, #1462, #868, #75, #66, #1314, #1594, #691, #1473, #903, #2414, #2598, #456, #1182, #1862, #1086, #2289, #2613, #2494, #1978, #1902, #2006, #257, #859, #2278, #656, #289, #275, #2087, #446, #2061, #412, #1061, #205, #2263, #1484 ) ) ;
#1277 = CARTESIAN_POINT ( 'NONE',  ( -0.2000000000000005107, 1.787499999998265254, -2.849999999999879741 ) ) ;
#1278 = DIRECTION ( 'NONE',  ( 0.000000000000000000, 1.000000000000000000, 0.000000000000000000 ) ) ;
#1279 = ORIENTED_EDGE ( 'NONE', *, *, #1153, .F. ) ;
#1280 = LINE ( 'NONE', #2180, #2359 ) ;
#1281 = ORIENTED_EDGE ( 'NONE', *, *, #1493, .F. ) ;
#1282 = VECTOR ( 'NONE', #636, 1000.000000000000000 ) ;
#1283 = CARTESIAN_POINT ( 'NONE',  ( 0.000000000000000000, 24.75000000000000000, 3.499999999999999556 ) ) ;
#1284 = ORIENTED_EDGE ( 'NONE', *, *, #2496, .T. ) ;
#1285 = CIRCLE ( 'NONE', #2565, 2.200000000000000178 ) ;
#1286 = FACE_OUTER_BOUND ( 'NONE', #307, .T. ) ;
#1287 = ORIENTED_EDGE ( 'NONE', *, *, #2324, .T. ) ;
#1288 = LINE ( 'NONE', #1158, #197 ) ;
#1289 = CARTESIAN_POINT ( 'NONE',  ( -7.299999999999998934, 30.10000000000000497, 5.000000000000000000 ) ) ;
#1290 = ADVANCED_FACE ( 'NONE', ( #387, #673 ), #2037, .T. ) ;
#1291 = EDGE_CURVE ( 'NONE', #2218, #16, #989, .T. ) ;
#1292 = ORIENTED_EDGE ( 'NONE', *, *, #68, .F. ) ;
#1293 = DIRECTION ( 'NONE',  ( -1.243516481761735441E-45, 1.000000000000000000, 0.000000000000000000 ) ) ;
#1294 = EDGE_LOOP ( 'NONE', ( #501, #230, #665, #2451 ) ) ;
#1295 = AXIS2_PLACEMENT_3D ( 'NONE', #459, #666, #870 ) ;
#1296 = PLANE ( 'NONE',  #1909 ) ;
#1297 = FACE_OUTER_BOUND ( 'NONE', #382, .T. ) ;
#1298 = ADVANCED_FACE ( 'NONE', ( #38 ), #437, .F. ) ;
#1299 = CYLINDRICAL_SURFACE ( 'NONE', #1254, 2.200000000000000178 ) ;
#1300 = DIRECTION ( 'NONE',  ( 1.243516481761735441E-45, -1.000000000000000000, 1.238481530905600258E-45 ) ) ;
#1301 = CIRCLE ( 'NONE', #2365, 0.7500000000000015543 ) ;
#1302 = ORIENTED_EDGE ( 'NONE', *, *, #2056, .T. ) ;
#1303 = AXIS2_PLACEMENT_3D ( 'NONE', #1252, #2276, #1066 ) ;
#1304 = VECTOR ( 'NONE', #2394, 1000.000000000000000 ) ;
#1305 = EDGE_CURVE ( 'NONE', #740, #422, #93, .T. ) ;
#1306 = VERTEX_POINT ( 'NONE', #2413 ) ;
#1307 = DIRECTION ( 'NONE',  ( 1.000000000000000000, 0.000000000000000000, 0.000000000000000000 ) ) ;
#1308 = DIRECTION ( 'NONE',  ( -1.000000000000000000, 0.000000000000000000, 0.000000000000000000 ) ) ;
#1309 = AXIS2_PLACEMENT_3D ( 'NONE', #575, #2380, #1751 ) ;
#1310 = DIRECTION ( 'NONE',  ( 0.000000000000000000, 0.000000000000000000, 1.000000000000000000 ) ) ;
#1311 = VECTOR ( 'NONE', #2182, 1000.000000000000000 ) ;
#1312 = ORIENTED_EDGE ( 'NONE', *, *, #1741, .T. ) ;
#1313 = LINE ( 'NONE', #1350, #1177 ) ;
#1314 = ADVANCED_FACE ( 'NONE', ( #800 ), #606, .T. ) ;
#1315 = EDGE_CURVE ( 'NONE', #2407, #698, #1409, .T. ) ;
#1316 = ORIENTED_EDGE ( 'NONE', *, *, #1810, .F. ) ;
#1317 = DIRECTION ( 'NONE',  ( 8.673617379884034239E-17, 0.000000000000000000, -1.000000000000000000 ) ) ;
#1318 = SURFACE_SIDE_STYLE ('',( #2160 ) ) ;
#1319 = ORIENTED_EDGE ( 'NONE', *, *, #1955, .T. ) ;
#1320 = FACE_OUTER_BOUND ( 'NONE', #2121, .T. ) ;
#1321 = DIRECTION ( 'NONE',  ( 1.000000000000000000, -7.528058673009668969E-16, 1.770561267648950087E-30 ) ) ;
#1322 = DIRECTION ( 'NONE',  ( 1.651842175752580018E-30, -1.577021341797100025E-16, -1.000000000000000000 ) ) ;
#1323 = VERTEX_POINT ( 'NONE', #838 ) ;
#1324 = AXIS2_PLACEMENT_3D ( 'NONE', #652, #2472, #2455 ) ;
#1325 = ORIENTED_EDGE ( 'NONE', *, *, #1525, .T. ) ;
#1326 = LINE ( 'NONE', #1088, #816 ) ;
#1327 = ORIENTED_EDGE ( 'NONE', *, *, #1253, .F. ) ;
#1328 = VECTOR ( 'NONE', #1799, 1000.000000000000000 ) ;
#1329 = DIRECTION ( 'NONE',  ( 0.000000000000000000, 0.000000000000000000, -1.000000000000000000 ) ) ;
#1330 = EDGE_LOOP ( 'NONE', ( #2041, #768, #28, #1353 ) ) ;
#1331 = EDGE_LOOP ( 'NONE', ( #1768, #1337, #112, #682, #338, #340, #1327 ) ) ;
#1332 = VECTOR ( 'NONE', #1380, 1000.000000000000000 ) ;
#1333 = ORIENTED_EDGE ( 'NONE', *, *, #2207, .F. ) ;
#1334 = EDGE_CURVE ( 'NONE', #672, #2005, #2581, .T. ) ;
#1335 = COLOUR_RGB ( '',0.8431372549019607865, 0.1215686274509803905, 0.000000000000000000 ) ;
#1336 = VECTOR ( 'NONE', #2524, 1000.000000000000000 ) ;
#1337 = ORIENTED_EDGE ( 'NONE', *, *, #1355, .T. ) ;
#1338 = DIRECTION ( 'NONE',  ( 1.000000000000000000, 1.243516481761735441E-45, 1.651842175752580018E-30 ) ) ;
#1339 = VERTEX_POINT ( 'NONE', #1625 ) ;
#1340 = FACE_OUTER_BOUND ( 'NONE', #284, .T. ) ;
#1341 = CARTESIAN_POINT ( 'NONE',  ( 4.350000000000000533, 4.097828137819712779, -15.20000000000000284 ) ) ;
#1342 = DIRECTION ( 'NONE',  ( -1.651842175752580018E-30, 1.577021341797100025E-16, 1.000000000000000000 ) ) ;
#1343 = AXIS2_PLACEMENT_3D ( 'NONE', #1174, #976, #1404 ) ;
#1344 = DIRECTION ( 'NONE',  ( 0.000000000000000000, 0.000000000000000000, -1.000000000000000000 ) ) ;
#1345 = VERTEX_POINT ( 'NONE', #2606 ) ;
#1346 = ORIENTED_EDGE ( 'NONE', *, *, #68, .T. ) ;
#1347 = PRESENTATION_STYLE_ASSIGNMENT (( #2602 ) ) ;
#1348 = VERTEX_POINT ( 'NONE', #2032 ) ;
#1349 = DIRECTION ( 'NONE',  ( 0.000000000000000000, 0.000000000000000000, 1.000000000000000000 ) ) ;
#1350 = CARTESIAN_POINT ( 'NONE',  ( 0.000000000000000000, -0.8000000000000000444, 6.500000000000004441 ) ) ;
#1351 = EDGE_CURVE ( 'NONE', #2479, #2227, #1581, .T. ) ;
#1352 = CARTESIAN_POINT ( 'NONE',  ( 1.100000000000000977, 5.249999999999999112, 7.899999999999990585 ) ) ;
#1353 = ORIENTED_EDGE ( 'NONE', *, *, #1010, .F. ) ;
#1354 = ORIENTED_EDGE ( 'NONE', *, *, #34, .F. ) ;
#1355 = EDGE_CURVE ( 'NONE', #343, #2535, #2053, .T. ) ;
#1356 = EDGE_LOOP ( 'NONE', ( #612, #2521 ) ) ;
#1357 = DIRECTION ( 'NONE',  ( -0.000000000000000000, 0.000000000000000000, 1.000000000000000000 ) ) ;
#1358 = DIRECTION ( 'NONE',  ( 1.770561267648950087E-30, -1.238481530905600258E-45, -1.000000000000000000 ) ) ;
#1359 = CARTESIAN_POINT ( 'NONE',  ( -5.799999999999999822, 17.50000000000000711, -2.000000000000000888 ) ) ;
#1360 = DIRECTION ( 'NONE',  ( -7.528058673009668969E-16, -1.000000000000000000, 0.000000000000000000 ) ) ;
#1361 = ORIENTED_EDGE ( 'NONE', *, *, #10, .T. ) ;
#1362 = EDGE_CURVE ( 'NONE', #1772, #1606, #671, .T. ) ;
#1363 = FACE_BOUND ( 'NONE', #2607, .T. ) ;
#1364 = ORIENTED_EDGE ( 'NONE', *, *, #1485, .T. ) ;
#1365 = CARTESIAN_POINT ( 'NONE',  ( 0.9027795962271651931, 5.993971577492367864, -3.293971577495196090 ) ) ;
#1366 = CARTESIAN_POINT ( 'NONE',  ( 0.7500000000000003331, 24.75000000000000000, 3.499999999999999556 ) ) ;
#1367 = PLANE ( 'NONE',  #313 ) ;
#1368 = CIRCLE ( 'NONE', #436, 0.7500000000000003331 ) ;
#1369 = VECTOR ( 'NONE', #1322, 1000.000000000000000 ) ;
#1370 = ORIENTED_EDGE ( 'NONE', *, *, #843, .F. ) ;
#1371 =( GEOMETRIC_REPRESENTATION_CONTEXT ( 3 ) GLOBAL_UNCERTAINTY_ASSIGNED_CONTEXT ( ( #1499 ) ) GLOBAL_UNIT_ASSIGNED_CONTEXT ( ( #678, #2493, #489 ) ) REPRESENTATION_CONTEXT ( 'NONE', 'WORKASPACE' ) );
#1372 = VECTOR ( 'NONE', #2408, 1000.000000000000000 ) ;
#1373 = EDGE_CURVE ( 'NONE', #863, #1506, #317, .T. ) ;
#1374 = VERTEX_POINT ( 'NONE', #2249 ) ;
#1375 = DIRECTION ( 'NONE',  ( 0.000000000000000000, 0.000000000000000000, 1.000000000000000000 ) ) ;
#1376 = ORIENTED_EDGE ( 'NONE', *, *, #537, .T. ) ;
#1377 = CARTESIAN_POINT ( 'NONE',  ( 1.057284049582416041E-15, 5.249999999999999112, -9.800000000000014921 ) ) ;
#1378 = CIRCLE ( 'NONE', #244, 0.7500000000000006661 ) ;
#1379 = CARTESIAN_POINT ( 'NONE',  ( -281.8500000000000227, 8.350000000000219913, -14.00000000000000533 ) ) ;
#1380 = DIRECTION ( 'NONE',  ( 1.651842175752580018E-30, -1.577021341797100025E-16, -1.000000000000000000 ) ) ;
#1381 = CARTESIAN_POINT ( 'NONE',  ( -3.261901286060020499, 8.350000000000010303, -9.800000000000014921 ) ) ;
#1382 = FILL_AREA_STYLE_COLOUR ( '', #1335 ) ;
#1383 = EDGE_CURVE ( 'NONE', #2379, #2116, #192, .T. ) ;
#1384 = DIRECTION ( 'NONE',  ( -1.000000000000000000, 0.000000000000000000, 0.000000000000000000 ) ) ;
#1385 = CARTESIAN_POINT ( 'NONE',  ( 0.9447878228487079921, 4.586924958791274598, -1.886924958794103491 ) ) ;
#1386 =( BOUNDED_CURVE ( )  B_SPLINE_CURVE ( 3, ( #1996, #766, #1385, #2558 ),
 .UNSPECIFIED., .F., .T. ) 
 B_SPLINE_CURVE_WITH_KNOTS ( ( 4, 4 ),
 ( 1.570796326794896558, 2.490553596108585843 ),
 .UNSPECIFIED. ) 
 CURVE ( )  GEOMETRIC_REPRESENTATION_ITEM ( )  RATIONAL_B_SPLINE_CURVE ( ( 1.000000000000000000, 0.9307375805603430585, 0.9307375805603430585, 1.000000000000000000 ) ) 
 REPRESENTATION_ITEM ( '' )  );
#1387 = EDGE_CURVE ( 'NONE', #1323, #1085, #2219, .T. ) ;
#1388 = AXIS2_PLACEMENT_3D ( 'NONE', #2199, #2406, #2025 ) ;
#1389 = EDGE_CURVE ( 'NONE', #1348, #721, #1833, .T. ) ;
#1390 = CARTESIAN_POINT ( 'NONE',  ( -4.500000000000003553, 6.999999999997162270, 3.500000000000000000 ) ) ;
#1391 = DIRECTION ( 'NONE',  ( -7.528058673009668969E-16, -1.000000000000000000, 0.000000000000000000 ) ) ;
#1392 = EDGE_LOOP ( 'NONE', ( #159, #213, #1139, #1262 ) ) ;
#1393 = DIRECTION ( 'NONE',  ( 0.000000000000000000, 0.7071067811865475727, -0.7071067811865475727 ) ) ;
#1394 = ORIENTED_EDGE ( 'NONE', *, *, #463, .F. ) ;
#1395 = EDGE_CURVE ( 'NONE', #1921, #562, #1643, .T. ) ;
#1396 = ORIENTED_EDGE ( 'NONE', *, *, #2579, .T. ) ;
#1397 = ORIENTED_EDGE ( 'NONE', *, *, #970, .F. ) ;
#1398 = CARTESIAN_POINT ( 'NONE',  ( -4.500000000000003553, 26.10000000000000142, -5.500000000000005329 ) ) ;
#1399 = EDGE_CURVE ( 'NONE', #454, #2498, #384, .T. ) ;
#1400 = CARTESIAN_POINT ( 'NONE',  ( -281.8500000000000227, 2.150000000000219735, -14.00000000000000533 ) ) ;
#1401 = CARTESIAN_POINT ( 'NONE',  ( 4.785786437626905254, 13.00000000000001066, -4.699999999999999289 ) ) ;
#1402 = DIRECTION ( 'NONE',  ( -1.000000000000000000, 0.000000000000000000, -0.000000000000000000 ) ) ;
#1403 = DIRECTION ( 'NONE',  ( 0.000000000000000000, 1.000000000000000000, 0.000000000000000000 ) ) ;
#1404 = DIRECTION ( 'NONE',  ( 1.000000000000000000, 0.000000000000000000, -0.000000000000000000 ) ) ;
#1405 = PLANE ( 'NONE',  #1776 ) ;
#1406 = ORIENTED_EDGE ( 'NONE', *, *, #1197, .F. ) ;
#1407 = EDGE_CURVE ( 'NONE', #1085, #1323, #285, .T. ) ;
#1408 = VERTEX_POINT ( 'NONE', #1460 ) ;
#1409 = LINE ( 'NONE', #2, #2431 ) ;
#1410 = ORIENTED_EDGE ( 'NONE', *, *, #1880, .T. ) ;
#1411 = CYLINDRICAL_SURFACE ( 'NONE', #1545, 1.099999999999999867 ) ;
#1412 = CARTESIAN_POINT ( 'NONE',  ( 4.785786437626905254, 13.00000000000001066, -0.4573593128807129649 ) ) ;
#1413 = CARTESIAN_POINT ( 'NONE',  ( -0.2000000000000005107, 1.787499999998265254, 2.050000000000042455 ) ) ;
#1414 = CARTESIAN_POINT ( 'NONE',  ( -7.299999999999998934, 2.200000000000000622, 4.249999999999999112 ) ) ;
#1415 = CARTESIAN_POINT ( 'NONE',  ( 0.6666145812941085547, 4.374999999996521893, -1.674999999999353673 ) ) ;
#1416 = VECTOR ( 'NONE', #2583, 1000.000000000000000 ) ;
#1417 = LINE ( 'NONE', #515, #805 ) ;
#1418 = CARTESIAN_POINT ( 'NONE',  ( 5.799999999999999822, 12.05431677051991457, -6.500000000000005329 ) ) ;
#1419 = PLANE ( 'NONE',  #1863 ) ;
#1420 = ORIENTED_EDGE ( 'NONE', *, *, #1957, .T. ) ;
#1421 = DIRECTION ( 'NONE',  ( -1.000000000000000000, 0.000000000000000000, 0.000000000000000000 ) ) ;
#1422 = CARTESIAN_POINT ( 'NONE',  ( -4.842778128306099106, 8.350000000000012079, -14.00000000000000533 ) ) ;
#1423 = EDGE_CURVE ( 'NONE', #1821, #1025, #226, .T. ) ;
#1424 = DIRECTION ( 'NONE',  ( 0.000000000000000000, -0.000000000000000000, -1.000000000000000000 ) ) ;
#1425 = CARTESIAN_POINT ( 'NONE',  ( -281.8500000000000227, 2.150000000000219735, -9.800000000000014921 ) ) ;
#1426 = DIRECTION ( 'NONE',  ( 0.000000000000000000, 0.000000000000000000, 1.000000000000000000 ) ) ;
#1427 = DIRECTION ( 'NONE',  ( 0.000000000000000000, 0.000000000000000000, 1.000000000000000000 ) ) ;
#1428 = VERTEX_POINT ( 'NONE', #864 ) ;
#1429 = ORIENTED_EDGE ( 'NONE', *, *, #2252, .T. ) ;
#1430 = CIRCLE ( 'NONE', #2420, 4.500000000000000888 ) ;
#1431 = ORIENTED_EDGE ( 'NONE', *, *, #1102, .T. ) ;
#1432 = LINE ( 'NONE', #1207, #567 ) ;
#1433 = EDGE_CURVE ( 'NONE', #994, #1543, #765, .T. ) ;
#1434 = CARTESIAN_POINT ( 'NONE',  ( -0.6666145812940695858, 4.374999999996528999, 0.8749999999993625099 ) ) ;
#1435 = VERTEX_POINT ( 'NONE', #657 ) ;
#1436 = ORIENTED_EDGE ( 'NONE', *, *, #1423, .T. ) ;
#1437 = VECTOR ( 'NONE', #1752, 1000.000000000000000 ) ;
#1438 = AXIS2_PLACEMENT_3D ( 'NONE', #2452, #835, #1264 ) ;
#1439 = EDGE_CURVE ( 'NONE', #2116, #632, #2309, .T. ) ;
#1440 = DIRECTION ( 'NONE',  ( 0.000000000000000000, 0.000000000000000000, 1.000000000000000000 ) ) ;
#1441 = AXIS2_PLACEMENT_3D ( 'NONE', #1203, #2586, #1402 ) ;
#1442 = DIRECTION ( 'NONE',  ( 1.000000000000000000, -0.000000000000000000, 0.000000000000000000 ) ) ;
#1443 = LINE ( 'NONE', #2609, #353 ) ;
#1444 = ORIENTED_EDGE ( 'NONE', *, *, #2481, .T. ) ;
#1445 = CARTESIAN_POINT ( 'NONE',  ( -2.799999999999999378, 2.200000000000000178, -3.500000000000000888 ) ) ;
#1446 = EDGE_CURVE ( 'NONE', #1135, #405, #919, .T. ) ;
#1447 = VERTEX_POINT ( 'NONE', #1689 ) ;
#1448 = EDGE_LOOP ( 'NONE', ( #1642, #1455, #1691, #817 ) ) ;
#1449 = DIRECTION ( 'NONE',  ( -1.000000000000000000, 0.000000000000000000, 0.000000000000000000 ) ) ;
#1450 = EDGE_LOOP ( 'NONE', ( #1853, #2284, #677, #1891 ) ) ;
#1451 = DIRECTION ( 'NONE',  ( -0.000000000000000000, -0.000000000000000000, -1.000000000000000000 ) ) ;
#1452 = AXIS2_PLACEMENT_3D ( 'NONE', #358, #1786, #585 ) ;
#1453 = CARTESIAN_POINT ( 'NONE',  ( -4.500000000000003553, 27.10000000000000142, 4.999999999999999112 ) ) ;
#1454 = LINE ( 'NONE', #1217, #1100 ) ;
#1455 = ORIENTED_EDGE ( 'NONE', *, *, #2373, .F. ) ;
#1456 = LINE ( 'NONE', #986, #1372 ) ;
#1457 = LINE ( 'NONE', #716, #2073 ) ;
#1458 = ORIENTED_EDGE ( 'NONE', *, *, #785, .T. ) ;
#1459 = ORIENTED_EDGE ( 'NONE', *, *, #421, .T. ) ;
#1460 = CARTESIAN_POINT ( 'NONE',  ( 4.349999999999999645, 6.402171862180298767, -8.400000000000003908 ) ) ;
#1461 = CARTESIAN_POINT ( 'NONE',  ( -2.049999999999999822, 13.00000000000001066, -6.500000000000005329 ) ) ;
#1462 = ADVANCED_FACE ( 'NONE', ( #423 ), #378, .T. ) ;
#1463 = ORIENTED_EDGE ( 'NONE', *, *, #207, .T. ) ;
#1464 = TOROIDAL_SURFACE ( 'NONE', #1945, 1.500000000000000000, 0.5000000000000003331 ) ;
#1465 = EDGE_CURVE ( 'NONE', #506, #862, #834, .T. ) ;
#1466 = AXIS2_PLACEMENT_3D ( 'NONE', #2118, #2326, #2536 ) ;
#1467 = EDGE_LOOP ( 'NONE', ( #198, #1319 ) ) ;
#1468 = CARTESIAN_POINT ( 'NONE',  ( -5.049999999999998934, 24.50000000000000711, -2.000000000000000888 ) ) ;
#1469 = AXIS2_PLACEMENT_3D ( 'NONE', #1205, #2591, #1193 ) ;
#1470 = DIRECTION ( 'NONE',  ( 0.000000000000000000, 0.000000000000000000, -1.000000000000000000 ) ) ;
#1471 = EDGE_LOOP ( 'NONE', ( #729, #2132, #140, #833, #172, #2173, #1845, #473, #146, #1076, #1397, #1924 ) ) ;
#1472 = CARTESIAN_POINT ( 'NONE',  ( 1.057284049582416041E-15, 5.249999999999999112, -8.400000000000003908 ) ) ;
#1473 = ADVANCED_FACE ( 'NONE', ( #1761 ), #2127, .T. ) ;
#1474 = AXIS2_PLACEMENT_3D ( 'NONE', #955, #948, #2548 ) ;
#1475 = ORIENTED_EDGE ( 'NONE', *, *, #1822, .F. ) ;
#1476 = DIRECTION ( 'NONE',  ( -0.000000000000000000, -0.000000000000000000, 1.000000000000000000 ) ) ;
#1477 = VERTEX_POINT ( 'NONE', #1963 ) ;
#1478 = EDGE_CURVE ( 'NONE', #2489, #1513, #315, .T. ) ;
#1479 = ORIENTED_EDGE ( 'NONE', *, *, #484, .T. ) ;
#1480 = ORIENTED_EDGE ( 'NONE', *, *, #2270, .F. ) ;
#1481 = FILL_AREA_STYLE_COLOUR ( '', #2120 ) ;
#1482 = ORIENTED_EDGE ( 'NONE', *, *, #625, .T. ) ;
#1483 = CARTESIAN_POINT ( 'NONE',  ( 4.700000000000002842, 13.50000000000000888, 8.944412775931397164 ) ) ;
#1484 = ADVANCED_FACE ( 'NONE', ( #151 ), #2080, .F. ) ;
#1485 = EDGE_CURVE ( 'NONE', #2269, #104, #1951, .T. ) ;
#1486 = ORIENTED_EDGE ( 'NONE', *, *, #2499, .T. ) ;
#1487 = CARTESIAN_POINT ( 'NONE',  ( 4.350000000000000533, 4.097828137819716332, 4.117587627015037555 ) ) ;
#1488 =( NAMED_UNIT ( * ) PLANE_ANGLE_UNIT ( ) SI_UNIT ( $, .RADIAN. ) );
#1489 = ORIENTED_EDGE ( 'NONE', *, *, #2102, .T. ) ;
#1490 = LINE ( 'NONE', #960, #319 ) ;
#1491 = CARTESIAN_POINT ( 'NONE',  ( 5.799999999999999822, 35.00000000000000000, 5.000000000000000000 ) ) ;
#1492 = LINE ( 'NONE', #6, #2153 ) ;
#1493 = EDGE_CURVE ( 'NONE', #2339, #1201, #891, .T. ) ;
#1494 = ORIENTED_EDGE ( 'NONE', *, *, #700, .T. ) ;
#1495 = PLANE ( 'NONE',  #1156 ) ;
#1496 = DIRECTION ( 'NONE',  ( -1.000000000000000000, -0.000000000000000000, -0.000000000000000000 ) ) ;
#1497 = AXIS2_PLACEMENT_3D ( 'NONE', #511, #1338, #1500 ) ;
#1498 = DIRECTION ( 'NONE',  ( 1.000000000000000000, 0.000000000000000000, 0.000000000000000000 ) ) ;
#1499 = UNCERTAINTY_MEASURE_WITH_UNIT (LENGTH_MEASURE( 1.000000000000000082E-05 ), #678, 'distance_accuracy_value', 'NONE');
#1500 = DIRECTION ( 'NONE',  ( 1.651842175752580018E-30, 0.000000000000000000, -1.000000000000000000 ) ) ;
#1501 = ORIENTED_EDGE ( 'NONE', *, *, #2315, .T. ) ;
#1502 = VERTEX_POINT ( 'NONE', #1366 ) ;
#1503 = EDGE_CURVE ( 'NONE', #703, #1528, #223, .T. ) ;
#1504 = LINE ( 'NONE', #2410, #500 ) ;
#1505 = EDGE_CURVE ( 'NONE', #2336, #527, #539, .T. ) ;
#1506 = VERTEX_POINT ( 'NONE', #2360 ) ;
#1507 = CARTESIAN_POINT ( 'NONE',  ( 1.057284049582416041E-15, 5.249999999999999112, -4.900000000000004796 ) ) ;
#1508 = CARTESIAN_POINT ( 'NONE',  ( 1.057284049582416041E-15, 5.249999999999999112, 7.899999999999990585 ) ) ;
#1509 = DIRECTION ( 'NONE',  ( 1.000000000000000000, 0.000000000000000000, 0.000000000000000000 ) ) ;
#1510 = CIRCLE ( 'NONE', #616, 2.000000000000000000 ) ;
#1511 = CIRCLE ( 'NONE', #177, 0.7500000000000002220 ) ;
#1512 = CIRCLE ( 'NONE', #1520, 1.099999999999999867 ) ;
#1513 = VERTEX_POINT ( 'NONE', #1162 ) ;
#1514 = EDGE_CURVE ( 'NONE', #2339, #1306, #1769, .T. ) ;
#1515 = DIRECTION ( 'NONE',  ( 1.000000000000000000, 0.000000000000000000, 0.000000000000000000 ) ) ;
#1516 = CARTESIAN_POINT ( 'NONE',  ( -4.349999999999996980, 6.402171862180297879, -9.800000000000014921 ) ) ;
#1517 = ORIENTED_EDGE ( 'NONE', *, *, #1873, .F. ) ;
#1519 = FACE_OUTER_BOUND ( 'NONE', #1950, .T. ) ;
#1518 = CARTESIAN_POINT ( 'NONE',  ( 1.100000000000000977, 5.249999999999999112, 1.750000000002832623 ) ) ;
#1520 = AXIS2_PLACEMENT_3D ( 'NONE', #1508, #505, #2520 ) ;
#1521 = CARTESIAN_POINT ( 'NONE',  ( 1.057284049582416041E-15, 5.249999999999999112, -5.855661067471423564 ) ) ;
#1522 = ORIENTED_EDGE ( 'NONE', *, *, #981, .T. ) ;
#1523 = ORIENTED_EDGE ( 'NONE', *, *, #1503, .F. ) ;
#1524 = LINE ( 'NONE', #1179, #1416 ) ;
#1525 = EDGE_CURVE ( 'NONE', #635, #1772, #5, .T. ) ;
#1526 = CARTESIAN_POINT ( 'NONE',  ( -5.799999999999999822, 35.00000000000000000, -6.500000000000005329 ) ) ;
#1527 = ORIENTED_EDGE ( 'NONE', *, *, #1119, .T. ) ;
#1528 = VERTEX_POINT ( 'NONE', #1720 ) ;
#1529 = CARTESIAN_POINT ( 'NONE',  ( 1.057284049582416041E-15, 5.249999999999999112, -6.500000000000005329 ) ) ;
#1530 = ORIENTED_EDGE ( 'NONE', *, *, #2401, .F. ) ;
#1531 = CARTESIAN_POINT ( 'NONE',  ( -7.299999999999998934, 2.200000000000000622, 3.499999999999999112 ) ) ;
#1532 = DIRECTION ( 'NONE',  ( -1.000000000000000000, 0.000000000000000000, 0.000000000000000000 ) ) ;
#1533 = CARTESIAN_POINT ( 'NONE',  ( 1.057284049582416041E-15, 5.249999999999999112, -3.815476347651864053 ) ) ;
#1534 = DIRECTION ( 'NONE',  ( 0.000000000000000000, 0.000000000000000000, -1.000000000000000000 ) ) ;
#1535 = ORIENTED_EDGE ( 'NONE', *, *, #253, .T. ) ;
#1536 = EDGE_LOOP ( 'NONE', ( #849, #1269, #1459, #1740 ) ) ;
#1537 = LINE ( 'NONE', #802, #243 ) ;
#1538 = EDGE_LOOP ( 'NONE', ( #121, #1700, #693, #1839 ) ) ;
#1539 = EDGE_CURVE ( 'NONE', #1971, #1135, #831, .T. ) ;
#1540 = CIRCLE ( 'NONE', #209, 2.000000000000000000 ) ;
#1541 = ORIENTED_EDGE ( 'NONE', *, *, #2526, .T. ) ;
#1542 = DIRECTION ( 'NONE',  ( -1.770561267648950087E-30, 1.238481530905600258E-45, 1.000000000000000000 ) ) ;
#1543 = VERTEX_POINT ( 'NONE', #142 ) ;
#1544 = DIRECTION ( 'NONE',  ( 0.000000000000000000, -1.000000000000000000, 0.000000000000000000 ) ) ;
#1545 = AXIS2_PLACEMENT_3D ( 'NONE', #392, #153, #972 ) ;
#1546 = CARTESIAN_POINT ( 'NONE',  ( -14.50000000000000000, 24.59999999999995879, -0.3000000000000879741 ) ) ;
#1547 = ORIENTED_EDGE ( 'NONE', *, *, #1079, .T. ) ;
#1548 = VERTEX_POINT ( 'NONE', #2370 ) ;
#1549 = LINE ( 'NONE', #1563, #2280 ) ;
#1550 = EDGE_CURVE ( 'NONE', #623, #442, #1313, .T. ) ;
#1551 = DIRECTION ( 'NONE',  ( 1.000000000000000000, 0.000000000000000000, 0.000000000000000000 ) ) ;
#1552 = AXIS2_PLACEMENT_3D ( 'NONE', #2075, #877, #675 ) ;
#1553 = EDGE_CURVE ( 'NONE', #1586, #1188, #2307, .T. ) ;
#1554 = DIRECTION ( 'NONE',  ( -1.000000000000000000, 0.000000000000000000, 0.000000000000000000 ) ) ;
#1555 = DIRECTION ( 'NONE',  ( 0.000000000000000000, 1.000000000000000000, 0.000000000000000000 ) ) ;
#1556 = AXIS2_PLACEMENT_3D ( 'NONE', #1001, #1127, #622 ) ;
#1557 = DIRECTION ( 'NONE',  ( 0.000000000000000000, -1.000000000000000000, -0.000000000000000000 ) ) ;
#1558 = DIRECTION ( 'NONE',  ( -1.000000000000000000, 0.000000000000000000, 0.000000000000000000 ) ) ;
#1559 = CARTESIAN_POINT ( 'NONE',  ( 4.350000000000000533, 6.402171862180300543, 4.117587627015035778 ) ) ;
#1560 = ORIENTED_EDGE ( 'NONE', *, *, #1955, .F. ) ;
#1561 = EDGE_CURVE ( 'NONE', #2474, #2228, #2174, .T. ) ;
#1562 = VERTEX_POINT ( 'NONE', #1184 ) ;
#1563 = CARTESIAN_POINT ( 'NONE',  ( -2.199999999999999289, 5.249999999999999112, -4.900000000000004796 ) ) ;
#1564 = LINE ( 'NONE', #1453, #2568 ) ;
#1565 = ORIENTED_EDGE ( 'NONE', *, *, #1399, .T. ) ;
#1566 = DIRECTION ( 'NONE',  ( 0.000000000000000000, 0.000000000000000000, 1.000000000000000000 ) ) ;
#1567 = DIRECTION ( 'NONE',  ( 0.000000000000000000, 0.000000000000000000, 1.000000000000000000 ) ) ;
#1568 =( NAMED_UNIT ( * ) PLANE_ANGLE_UNIT ( ) SI_UNIT ( $, .RADIAN. ) );
#1569 = DIRECTION ( 'NONE',  ( -1.651842175752580018E-30, 1.577021341797100025E-16, 1.000000000000000000 ) ) ;
#1570 = CARTESIAN_POINT ( 'NONE',  ( 8.673617379884197189E-16, 5.250000000000006217, -9.800000000000014921 ) ) ;
#1571 = CARTESIAN_POINT ( 'NONE',  ( -8.355105673028294433, 4.374999999996514788, -1.674999999999350120 ) ) ;
#1572 = ORIENTED_EDGE ( 'NONE', *, *, #1715, .F. ) ;
#1573 = CYLINDRICAL_SURFACE ( 'NONE', #1474, 0.7499999999999997780 ) ;
#1574 = FACE_OUTER_BOUND ( 'NONE', #941, .T. ) ;
#1575 = FACE_BOUND ( 'NONE', #910, .T. ) ;
#1576 = DIRECTION ( 'NONE',  ( 7.528058673009668969E-16, 1.000000000000000000, 9.440737979636703199E-47 ) ) ;
#1577 = CARTESIAN_POINT ( 'NONE',  ( -2.799999999999999378, 2.200000000000000178, -3.500000000000000888 ) ) ;
#1578 = DIRECTION ( 'NONE',  ( 0.000000000000000000, -0.000000000000000000, 1.000000000000000000 ) ) ;
#1579 = ORIENTED_EDGE ( 'NONE', *, *, #1383, .F. ) ;
#1581 = CIRCLE ( 'NONE', #2259, 0.7500000000000006661 ) ;
#1580 = DIRECTION ( 'NONE',  ( 0.000000000000000000, 0.000000000000000000, 1.000000000000000000 ) ) ;
#1582 = AXIS2_PLACEMENT_3D ( 'NONE', #395, #1767, #569 ) ;
#1583 = CARTESIAN_POINT ( 'NONE',  ( 3.078346698278689342, 28.60000000000000497, -4.299999999999999822 ) ) ;
#1584 = ORIENTED_EDGE ( 'NONE', *, *, #1399, .F. ) ;
#1585 = FACE_OUTER_BOUND ( 'NONE', #1980, .T. ) ;
#1586 = VERTEX_POINT ( 'NONE', #176 ) ;
#1587 = FACE_OUTER_BOUND ( 'NONE', #1251, .T. ) ;
#1588 = CARTESIAN_POINT ( 'NONE',  ( -1.999999999999999112, 5.249999999999999112, 6.500000000000002665 ) ) ;
#1589 = LINE ( 'NONE', #2123, #1053 ) ;
#1590 = PLANE ( 'NONE',  #18 ) ;
#1591 = DIRECTION ( 'NONE',  ( 7.528058673009668969E-16, 1.000000000000000000, 0.000000000000000000 ) ) ;
#1592 = EDGE_CURVE ( 'NONE', #1085, #2010, #1892, .T. ) ;
#1593 = ORIENTED_EDGE ( 'NONE', *, *, #322, .F. ) ;
#1594 = ADVANCED_FACE ( 'NONE', ( #645 ), #793, .T. ) ;
#1595 = AXIS2_PLACEMENT_3D ( 'NONE', #174, #985, #1993 ) ;
#1596 = CARTESIAN_POINT ( 'NONE',  ( -1.099999999999998757, 5.249999999999999112, 215.5000000000000000 ) ) ;
#1597 = DIRECTION ( 'NONE',  ( -1.000000000000000000, 0.000000000000000000, 0.000000000000000000 ) ) ;
#1598 = VECTOR ( 'NONE', #2436, 1000.000000000000000 ) ;
#1599 = CARTESIAN_POINT ( 'NONE',  ( -2.049999999999999822, 13.00000000000001066, -2.000000000000000000 ) ) ;
#1600 = ORIENTED_EDGE ( 'NONE', *, *, #1153, .T. ) ;
#1601 = VECTOR ( 'NONE', #1148, 1000.000000000000000 ) ;
#1602 = ORIENTED_EDGE ( 'NONE', *, *, #1157, .F. ) ;
#1603 = EDGE_CURVE ( 'NONE', #1201, #1306, #2334, .T. ) ;
#1604 = CARTESIAN_POINT ( 'NONE',  ( -4.500000000000003553, 35.00000000000000000, 3.499999999999999556 ) ) ;
#1605 = FACE_OUTER_BOUND ( 'NONE', #2532, .T. ) ;
#1606 = VERTEX_POINT ( 'NONE', #1415 ) ;
#1607 = DIRECTION ( 'NONE',  ( -1.243516481761735441E-45, 1.000000000000000000, -1.238481530905600258E-45 ) ) ;
#1608 = CARTESIAN_POINT ( 'NONE',  ( -1.499999999999998890, 5.249999999999999112, 7.900000000000000355 ) ) ;
#1609 = CARTESIAN_POINT ( 'NONE',  ( -4.500000000000002665, 24.59999999999995879, -1.050000000000089528 ) ) ;
#1610 = EDGE_LOOP ( 'NONE', ( #927, #1126, #867, #1664 ) ) ;
#1611 = LINE ( 'NONE', #2492, #476 ) ;
#1612 = PRESENTATION_LAYER_ASSIGNMENT (  '', '', ( #2184 ) ) ;
#1613 = EDGE_CURVE ( 'NONE', #527, #2422, #2248, .T. ) ;
#1614 = ORIENTED_EDGE ( 'NONE', *, *, #1968, .F. ) ;
#1615 = VECTOR ( 'NONE', #550, 1000.000000000000000 ) ;
#1616 = EDGE_LOOP ( 'NONE', ( #1705, #1906 ) ) ;
#1617 = LINE ( 'NONE', #761, #2523 ) ;
#1618 = DIRECTION ( 'NONE',  ( 0.000000000000000000, -1.000000000000000000, 0.000000000000000000 ) ) ;
#1619 = CYLINDRICAL_SURFACE ( 'NONE', #341, 0.7500000000000003331 ) ;
#1620 = EDGE_LOOP ( 'NONE', ( #450, #2203, #1671, #1038 ) ) ;
#1621 = VECTOR ( 'NONE', #14, 1000.000000000000000 ) ;
#1622 = CARTESIAN_POINT ( 'NONE',  ( 4.842778128306135521, 2.150000000000003908, -14.00000000000000533 ) ) ;
#1623 = EDGE_CURVE ( 'NONE', #1562, #346, #2542, .T. ) ;
#1624 = ORIENTED_EDGE ( 'NONE', *, *, #809, .T. ) ;
#1625 = CARTESIAN_POINT ( 'NONE',  ( -7.299999999999998046, -0.8000000000000020428, -6.500000000000003553 ) ) ;
#1626 = DIRECTION ( 'NONE',  ( 0.000000000000000000, 0.000000000000000000, 1.000000000000000000 ) ) ;
#1627 = CARTESIAN_POINT ( 'NONE',  ( 3.078346698278689342, 30.10000000000000497, -0.2999999999999999334 ) ) ;
#1628 = CARTESIAN_POINT ( 'NONE',  ( -3.261901286060020499, 2.150000000000010125, -14.00000000000000533 ) ) ;
#1629 = ORIENTED_EDGE ( 'NONE', *, *, #1623, .F. ) ;
#1630 = VECTOR ( 'NONE', #1470, 1000.000000000000000 ) ;
#1631 = CARTESIAN_POINT ( 'NONE',  ( 2.449999999999999734, 24.00000000000000711, -4.700000000000000178 ) ) ;
#1632 = EDGE_LOOP ( 'NONE', ( #2478, #2372, #2421, #1711 ) ) ;
#1633 = ORIENTED_EDGE ( 'NONE', *, *, #2021, .T. ) ;
#1634 = CARTESIAN_POINT ( 'NONE',  ( 1.057284049582416041E-15, 5.249999999999999112, -24.66345596729060219 ) ) ;
#1635 = COLOUR_RGB ( '',0.8431372549019607865, 0.1215686274509803905, 0.000000000000000000 ) ;
#1636 = CIRCLE ( 'NONE', #908, 0.7500000000000015543 ) ;
#1637 = CARTESIAN_POINT ( 'NONE',  ( 5.799999999999999822, 35.00000000000000000, 5.000000000000000000 ) ) ;
#1638 = CARTESIAN_POINT ( 'NONE',  ( -7.299999999999998934, 30.10000000000000497, -5.500000000000005329 ) ) ;
#1639 = LINE ( 'NONE', #512, #503 ) ;
#1640 =( NAMED_UNIT ( * ) PLANE_ANGLE_UNIT ( ) SI_UNIT ( $, .RADIAN. ) );
#1641 = EDGE_CURVE ( 'NONE', #2100, #721, #2425, .T. ) ;
#1642 = ORIENTED_EDGE ( 'NONE', *, *, #1062, .F. ) ;
#1643 = LINE ( 'NONE', #2265, #451 ) ;
#1644 = CARTESIAN_POINT ( 'NONE',  ( 1.057284049582416041E-15, 5.249999999999999112, 215.5000000000000000 ) ) ;
#1645 = ORIENTED_EDGE ( 'NONE', *, *, #1685, .F. ) ;
#1646 = VECTOR ( 'NONE', #2572, 1000.000000000000000 ) ;
#1647 = AXIS2_PLACEMENT_3D ( 'NONE', #168, #1591, #2577 ) ;
#1648 = CARTESIAN_POINT ( 'NONE',  ( 5.750000000000001776, 5.249999999999999112, -9.800000000000014921 ) ) ;
#1649 = ORIENTED_EDGE ( 'NONE', *, *, #345, .F. ) ;
#1650 = EDGE_CURVE ( 'NONE', #1724, #438, #1280, .T. ) ;
#1651 = DIRECTION ( 'NONE',  ( 0.000000000000000000, 0.000000000000000000, 1.000000000000000000 ) ) ;
#1652 = ADVANCED_FACE ( 'NONE', ( #2172 ), #2217, .F. ) ;
#1653 = EDGE_CURVE ( 'NONE', #2498, #309, #1726, .T. ) ;
#1654 = CARTESIAN_POINT ( 'NONE',  ( -2.049999999999999378, 24.00000000000000711, -4.700000000000000178 ) ) ;
#1655 = VECTOR ( 'NONE', #57, 1000.000000000000000 ) ;
#1656 = EDGE_CURVE ( 'NONE', #863, #2403, #1888, .T. ) ;
#1657 = CARTESIAN_POINT ( 'NONE',  ( -0.7500000000000003331, 24.75000000000000000, 6.500000000000005329 ) ) ;
#1658 = EDGE_LOOP ( 'NONE', ( #1916, #129, #1602, #2343 ) ) ;
#1659 = CARTESIAN_POINT ( 'NONE',  ( -0.6666145812940201809, 4.374999999996490807, -1.674999999999322364 ) ) ;
#1660 = ORIENTED_EDGE ( 'NONE', *, *, #55, .T. ) ;
#1661 = ADVANCED_FACE ( 'NONE', ( #1023 ), #1075, .F. ) ;
#1662 = VECTOR ( 'NONE', #936, 1000.000000000000000 ) ;
#1663 = FACE_OUTER_BOUND ( 'NONE', #918, .T. ) ;
#1664 = ORIENTED_EDGE ( 'NONE', *, *, #1685, .T. ) ;
#1665 = APPLICATION_CONTEXT ( 'automotive_design' ) ;
#1666 = VECTOR ( 'NONE', #1293, 1000.000000000000000 ) ;
#1667 = VECTOR ( 'NONE', #2313, 1000.000000000000000 ) ;
#1668 = ORIENTED_EDGE ( 'NONE', *, *, #2122, .F. ) ;
#1669 = VECTOR ( 'NONE', #1050, 1000.000000000000000 ) ;
#1670 = EDGE_CURVE ( 'NONE', #2301, #1094, #256, .T. ) ;
#1671 = ORIENTED_EDGE ( 'NONE', *, *, #2348, .T. ) ;
#1672 = AXIS2_PLACEMENT_3D ( 'NONE', #1788, #2376, #1995 ) ;
#1673 = PLANE ( 'NONE',  #1960 ) ;
#1674 = DIRECTION ( 'NONE',  ( -1.000000000000000000, -0.000000000000000000, -0.000000000000000000 ) ) ;
#1675 = EDGE_LOOP ( 'NONE', ( #1178, #597, #600, #1444 ) ) ;
#1676 = SURFACE_STYLE_USAGE ( .BOTH. , #212 ) ;
#1677 = CARTESIAN_POINT ( 'NONE',  ( 4.350000000000000533, 6.402171862180300543, -8.400000000000003908 ) ) ;
#1678 = CARTESIAN_POINT ( 'NONE',  ( 4.842778128306112428, 2.150000000000004352, -24.66345596729060219 ) ) ;
#1679 = EDGE_CURVE ( 'NONE', #469, #1506, #89, .T. ) ;
#1680 = CARTESIAN_POINT ( 'NONE',  ( 5.799999999999999822, -0.8000000000000013767, -4.700000000000000178 ) ) ;
#1681 = ORIENTED_EDGE ( 'NONE', *, *, #1539, .T. ) ;
#1682 = ADVANCED_FACE ( 'NONE', ( #1104 ), #2392, .F. ) ;
#1683 = AXIS2_PLACEMENT_3D ( 'NONE', #1257, #35, #235 ) ;
#1684 = ORIENTED_EDGE ( 'NONE', *, *, #492, .T. ) ;
#1685 = EDGE_CURVE ( 'NONE', #1271, #2010, #2138, .T. ) ;
#1686 = CARTESIAN_POINT ( 'NONE',  ( -5.799999999999999822, 24.50000000000000711, -2.000000000000000888 ) ) ;
#1687 = DIRECTION ( 'NONE',  ( -1.000000000000000000, 0.000000000000000000, 0.000000000000000000 ) ) ;
#1688 = ORIENTED_EDGE ( 'NONE', *, *, #1968, .T. ) ;
#1689 = CARTESIAN_POINT ( 'NONE',  ( 8.673617379884229729E-16, 9.750000000000005329, -8.400000000000003908 ) ) ;
#1690 = VECTOR ( 'NONE', #2139, 1000.000000000000000 ) ;
#1691 = ORIENTED_EDGE ( 'NONE', *, *, #130, .F. ) ;
#1692 = CYLINDRICAL_SURFACE ( 'NONE', #2255, 0.7500000000000006661 ) ;
#1693 = EDGE_CURVE ( 'NONE', #1772, #2077, #1063, .T. ) ;
#1694 = DIRECTION ( 'NONE',  ( 0.000000000000000000, 1.000000000000000000, 0.000000000000000000 ) ) ;
#1695 = CYLINDRICAL_SURFACE ( 'NONE', #162, 4.500000000000000000 ) ;
#1696 = DIRECTION ( 'NONE',  ( 1.651842175752580018E-30, -1.577021341797100025E-16, -1.000000000000000000 ) ) ;
#1697 = CARTESIAN_POINT ( 'NONE',  ( 0.9447878228487119889, 4.586924958791283480, 1.086924958794116547 ) ) ;
#1698 = DIRECTION ( 'NONE',  ( 1.000000000000000000, 0.000000000000000000, 0.000000000000000000 ) ) ;
#1699 = ADVANCED_FACE ( 'NONE', ( #1340 ), #2106, .F. ) ;
#1700 = ORIENTED_EDGE ( 'NONE', *, *, #1592, .T. ) ;
#1701 = VECTOR ( 'NONE', #46, 1000.000000000000000 ) ;
#1702 = DIRECTION ( 'NONE',  ( 0.000000000000000000, 0.000000000000000000, -1.000000000000000000 ) ) ;
#1703 = EDGE_LOOP ( 'NONE', ( #1727, #2179, #2347, #1244, #9 ) ) ;
#1704 = FACE_OUTER_BOUND ( 'NONE', #318, .T. ) ;
#1705 = ORIENTED_EDGE ( 'NONE', *, *, #339, .F. ) ;
#1706 = DIRECTION ( 'NONE',  ( 0.000000000000000000, -0.000000000000000000, -1.000000000000000000 ) ) ;
#1707 = CARTESIAN_POINT ( 'NONE',  ( 1.057284049582416041E-15, 5.249999999999999112, -15.20000000000000462 ) ) ;
#1708 = AXIS2_PLACEMENT_3D ( 'NONE', #1604, #626, #411 ) ;
#1709 = PLANE ( 'NONE',  #563 ) ;
#1710 = CARTESIAN_POINT ( 'NONE',  ( 1.057284049582416041E-15, 5.249999999999999112, -3.815476347651864053 ) ) ;
#1711 = ORIENTED_EDGE ( 'NONE', *, *, #1999, .T. ) ;
#1712 = FACE_OUTER_BOUND ( 'NONE', #2491, .T. ) ;
#1713 = VECTOR ( 'NONE', #1476, 1000.000000000000000 ) ;
#1714 = ORIENTED_EDGE ( 'NONE', *, *, #1561, .T. ) ;
#1715 = EDGE_CURVE ( 'NONE', #287, #912, #1636, .T. ) ;
#1716 = AXIS2_PLACEMENT_3D ( 'NONE', #481, #1674, #2283 ) ;
#1717 = ORIENTED_EDGE ( 'NONE', *, *, #747, .T. ) ;
#1718 = PLANE ( 'NONE',  #47 ) ;
#1719 = DIRECTION ( 'NONE',  ( -1.000000000000000000, 0.000000000000000000, 0.000000000000000000 ) ) ;
#1720 = CARTESIAN_POINT ( 'NONE',  ( 4.799999999999999822, 1.787499999998265254, 2.800000000000042455 ) ) ;
#1721 = AXIS2_PLACEMENT_3D ( 'NONE', #1491, #1084, #1092 ) ;
#1722 = DIRECTION ( 'NONE',  ( 0.000000000000000000, 0.000000000000000000, 1.000000000000000000 ) ) ;
#1723 = CYLINDRICAL_SURFACE ( 'NONE', #2188, 0.7499999999999997780 ) ;
#1724 = VERTEX_POINT ( 'NONE', #1896 ) ;
#1725 = VERTEX_POINT ( 'NONE', #87 ) ;
#1726 = CIRCLE ( 'NONE', #2441, 4.500000000000000888 ) ;
#1727 = ORIENTED_EDGE ( 'NONE', *, *, #1999, .F. ) ;
#1728 = CARTESIAN_POINT ( 'NONE',  ( 8.673617379883967433E-16, 9.750000000000008882, 4.117587627015036666 ) ) ;
#1729 = CARTESIAN_POINT ( 'NONE',  ( 1.057284049582416041E-15, 5.249999999999999112, -9.800000000000014921 ) ) ;
#1730 = ORIENTED_EDGE ( 'NONE', *, *, #267, .F. ) ;
#1731 = AXIS2_PLACEMENT_3D ( 'NONE', #361, #1173, #2563 ) ;
#1732 = CARTESIAN_POINT ( 'NONE',  ( 1.100000000000000977, 5.249999999999999112, 1.750000000002832623 ) ) ;
#1733 = AXIS2_PLACEMENT_3D ( 'NONE', #974, #1542, #777 ) ;
#1734 = EDGE_CURVE ( 'NONE', #2325, #2170, #33, .T. ) ;
#1735 = ORIENTED_EDGE ( 'NONE', *, *, #2226, .F. ) ;
#1736 = AXIS2_PLACEMENT_3D ( 'NONE', #2192, #1756, #990 ) ;
#1737 = CARTESIAN_POINT ( 'NONE',  ( -7.299999999999998934, 35.00000000000000000, 5.000000000000000000 ) ) ;
#1738 = SURFACE_STYLE_USAGE ( .BOTH. , #155 ) ;
#1739 = CARTESIAN_POINT ( 'NONE',  ( -4.500000000000003553, 6.999999999997157829, 3.499999999999998224 ) ) ;
#1740 = ORIENTED_EDGE ( 'NONE', *, *, #951, .T. ) ;
#1741 = EDGE_CURVE ( 'NONE', #424, #1348, #1137, .T. ) ;
#1742 = VERTEX_POINT ( 'NONE', #486 ) ;
#1743 = DIRECTION ( 'NONE',  ( 7.528058673009668969E-16, 1.000000000000000000, -7.528058673009668969E-16 ) ) ;
#1744 = CARTESIAN_POINT ( 'NONE',  ( -5.750000000000000000, 5.250000000000000000, -24.66345596729060219 ) ) ;
#1745 = DIRECTION ( 'NONE',  ( -1.000000000000000000, -0.000000000000000000, -0.000000000000000000 ) ) ;
#1746 = VECTOR ( 'NONE', #1278, 1000.000000000000000 ) ;
#1747 = EDGE_LOOP ( 'NONE', ( #1145, #2097, #2117, #2428, #36, #973, #1522, #2569, #377, #67, #605, #1841, #1893, #979 ) ) ;
#1748 = LINE ( 'NONE', #884, #692 ) ;
#1749 = FACE_OUTER_BOUND ( 'NONE', #2030, .T. ) ;
#1750 = ORIENTED_EDGE ( 'NONE', *, *, #669, .T. ) ;
#1751 = DIRECTION ( 'NONE',  ( 0.000000000000000000, 0.000000000000000000, 1.000000000000000000 ) ) ;
#1752 = DIRECTION ( 'NONE',  ( -0.000000000000000000, -0.000000000000000000, -1.000000000000000000 ) ) ;
#1753 = DIRECTION ( 'NONE',  ( 1.000000000000000000, 0.000000000000000000, -0.000000000000000000 ) ) ;
#1754 = LINE ( 'NONE', #2002, #1245 ) ;
#1755 = AXIS2_PLACEMENT_3D ( 'NONE', #2136, #1515, #701 ) ;
#1756 = DIRECTION ( 'NONE',  ( 0.000000000000000000, 0.000000000000000000, 1.000000000000000000 ) ) ;
#1757 = CARTESIAN_POINT ( 'NONE',  ( -7.299999999999998046, -0.8000000000000013767, 6.500000000000003553 ) ) ;
#1758 = FACE_OUTER_BOUND ( 'NONE', #1082, .T. ) ;
#1759 = VECTOR ( 'NONE', #383, 1000.000000000000000 ) ;
#1760 = ORIENTED_EDGE ( 'NONE', *, *, #2335, .F. ) ;
#1761 = FACE_OUTER_BOUND ( 'NONE', #2439, .T. ) ;
#1762 = LINE ( 'NONE', #916, #2254 ) ;
#1763 = DIRECTION ( 'NONE',  ( 1.000000000000000000, 0.000000000000000000, 0.000000000000000000 ) ) ;
#1764 = CARTESIAN_POINT ( 'NONE',  ( 6.200000000000001954, 13.50000000000000888, -0.4573593128807129649 ) ) ;
#1765 = DIRECTION ( 'NONE',  ( 0.000000000000000000, 0.000000000000000000, -1.000000000000000000 ) ) ;
#1766 =( NAMED_UNIT ( * ) SI_UNIT ( $, .STERADIAN. ) SOLID_ANGLE_UNIT ( ) );
#1767 = DIRECTION ( 'NONE',  ( 1.770561267648950087E-30, -1.238481530905600258E-45, -1.000000000000000000 ) ) ;
#1768 = ORIENTED_EDGE ( 'NONE', *, *, #942, .T. ) ;
#1769 =( BOUNDED_CURVE ( )  B_SPLINE_CURVE ( 3, ( #2152, #2351, #964, #1152 ),
 .UNSPECIFIED., .F., .F. ) 
 B_SPLINE_CURVE_WITH_KNOTS ( ( 4, 4 ),
 ( 4.712388980384689674, 5.748913187205725528 ),
 .UNSPECIFIED. ) 
 CURVE ( )  GEOMETRIC_REPRESENTATION_ITEM ( )  RATIONAL_B_SPLINE_CURVE ( ( 1.000000000000000000, 0.9124542633398695646, 0.9124542633398695646, 1.000000000000000000 ) ) 
 REPRESENTATION_ITEM ( '' )  );
#1770 = DIRECTION ( 'NONE',  ( 8.673617379884034239E-17, 0.000000000000000000, -1.000000000000000000 ) ) ;
#1771 = EDGE_CURVE ( 'NONE', #1201, #1971, #1611, .T. ) ;
#1772 = VERTEX_POINT ( 'NONE', #2513 ) ;
#1773 = AXIS2_PLACEMENT_3D ( 'NONE', #1985, #331, #369 ) ;
#1774 = ORIENTED_EDGE ( 'NONE', *, *, #463, .T. ) ;
#1775 = CARTESIAN_POINT ( 'NONE',  ( 4.350000000000000533, 4.097828137819716332, 4.117587627015037555 ) ) ;
#1776 = AXIS2_PLACEMENT_3D ( 'NONE', #2169, #966, #1194 ) ;
#1777 = CARTESIAN_POINT ( 'NONE',  ( -4.349999999999998757, 4.097828137819716332, -15.20000000000000284 ) ) ;
#1778 = CARTESIAN_POINT ( 'NONE',  ( -4.500000000000003553, 4.374999999996528111, 0.8749999999993627320 ) ) ;
#1779 = DIRECTION ( 'NONE',  ( 1.000000000000000000, 0.000000000000000000, 0.000000000000000000 ) ) ;
#1780 = DIRECTION ( 'NONE',  ( 1.770561267648950087E-30, -1.238481530905600258E-45, -1.000000000000000000 ) ) ;
#1781 = CARTESIAN_POINT ( 'NONE',  ( -4.349999999999998757, 4.097828137819717220, -8.400000000000003908 ) ) ;
#1782 = ORIENTED_EDGE ( 'NONE', *, *, #2594, .T. ) ;
#1783 = DIRECTION ( 'NONE',  ( 1.000000000000000000, 0.000000000000000000, 0.000000000000000000 ) ) ;
#1784 = EDGE_CURVE ( 'NONE', #804, #2479, #219, .T. ) ;
#1785 = PRESENTATION_LAYER_ASSIGNMENT (  '', '', ( #2412 ) ) ;
#1786 = DIRECTION ( 'NONE',  ( -0.000000000000000000, -0.000000000000000000, -1.000000000000000000 ) ) ;
#1787 = ORIENTED_EDGE ( 'NONE', *, *, #97, .F. ) ;
#1788 = CARTESIAN_POINT ( 'NONE',  ( -2.799999999999999378, 2.200000000000000622, 3.499999999999999112 ) ) ;
#1789 = CARTESIAN_POINT ( 'NONE',  ( -4.299999999999999822, 35.00000000000000000, -4.700000000000000178 ) ) ;
#1790 = ORIENTED_EDGE ( 'NONE', *, *, #1670, .T. ) ;
#1791 = FACE_OUTER_BOUND ( 'NONE', #1356, .T. ) ;
#1792 = VERTEX_POINT ( 'NONE', #282 ) ;
#1793 = CARTESIAN_POINT ( 'NONE',  ( 1.500000000000001110, 5.249999999999999112, 7.900000000000000355 ) ) ;
#1794 = CIRCLE ( 'NONE', #2142, 4.499999999999999112 ) ;
#1795 = EDGE_CURVE ( 'NONE', #872, #825, #415, .T. ) ;
#1796 = EDGE_LOOP ( 'NONE', ( #1501, #2101, #1633, #2155 ) ) ;
#1797 = ORIENTED_EDGE ( 'NONE', *, *, #207, .F. ) ;
#1798 = VECTOR ( 'NONE', #2576, 1000.000000000000000 ) ;
#1799 = DIRECTION ( 'NONE',  ( -0.000000000000000000, -0.000000000000000000, -1.000000000000000000 ) ) ;
#1800 = DIRECTION ( 'NONE',  ( 0.000000000000000000, 0.000000000000000000, 1.000000000000000000 ) ) ;
#1801 = ORIENTED_EDGE ( 'NONE', *, *, #888, .T. ) ;
#1802 = CARTESIAN_POINT ( 'NONE',  ( 5.799999999999999822, 35.00000000000000000, 3.499999999999999556 ) ) ;
#1803 = CARTESIAN_POINT ( 'NONE',  ( -4.500000000000003553, 35.00000000000000000, 3.499999999999999556 ) ) ;
#1804 = DIRECTION ( 'NONE',  ( 0.000000000000000000, -1.000000000000000000, 1.445602896647338177E-16 ) ) ;
#1805 = DIRECTION ( 'NONE',  ( -1.651842175752580018E-30, 1.577021341797100025E-16, 1.000000000000000000 ) ) ;
#1806 = CARTESIAN_POINT ( 'NONE',  ( 4.799999999999999822, 0.000000000000000000, 3.499999999999999556 ) ) ;
#1807 = ADVANCED_FACE ( 'NONE', ( #1574 ), #1211, .F. ) ;
#1808 = ORIENTED_EDGE ( 'NONE', *, *, #758, .T. ) ;
#1809 = VERTEX_POINT ( 'NONE', #2317 ) ;
#1810 = EDGE_CURVE ( 'NONE', #1562, #698, #790, .T. ) ;
#1811 = ORIENTED_EDGE ( 'NONE', *, *, #2156, .F. ) ;
#1812 = PRESENTATION_STYLE_ASSIGNMENT (( #1876 ) ) ;
#1813 = DIRECTION ( 'NONE',  ( -0.000000000000000000, 1.000000000000000000, 0.000000000000000000 ) ) ;
#1814 = AXIS2_PLACEMENT_3D ( 'NONE', #362, #1597, #1192 ) ;
#1815 = PLANE ( 'NONE',  #2285 ) ;
#1816 = VECTOR ( 'NONE', #1246, 1000.000000000000000 ) ;
#1817 = DIRECTION ( 'NONE',  ( -0.000000000000000000, -1.000000000000000000, -0.000000000000000000 ) ) ;
#1818 = ORIENTED_EDGE ( 'NONE', *, *, #897, .F. ) ;
#1819 = ADVANCED_FACE ( 'NONE', ( #115 ), #1718, .F. ) ;
#1820 = LINE ( 'NONE', #2067, #783 ) ;
#1821 = VERTEX_POINT ( 'NONE', #2527 ) ;
#1822 = EDGE_CURVE ( 'NONE', #1477, #321, #1511, .T. ) ;
#1823 = CARTESIAN_POINT ( 'NONE',  ( 4.799999999999999822, 0.000000000000000000, -4.700000000000001954 ) ) ;
#1824 = LINE ( 'NONE', #2546, #2045 ) ;
#1825 = EDGE_LOOP ( 'NONE', ( #1093, #160, #1361 ) ) ;
#1826 = DIRECTION ( 'NONE',  ( 1.000000000000000000, 0.000000000000000000, -0.000000000000000000 ) ) ;
#1827 = AXIS2_PLACEMENT_3D ( 'NONE', #2253, #853, #1651 ) ;
#1828 = EDGE_CURVE ( 'NONE', #346, #672, #1070, .T. ) ;
#1829 = CARTESIAN_POINT ( 'NONE',  ( 4.349999999999999645, 6.402171862180297879, -14.00000000000000355 ) ) ;
#1830 = ORIENTED_EDGE ( 'NONE', *, *, #1653, .T. ) ;
#1831 = VECTOR ( 'NONE', #2550, 1000.000000000000000 ) ;
#1832 = VERTEX_POINT ( 'NONE', #294 ) ;
#1833 = LINE ( 'NONE', #1846, #1669 ) ;
#1834 = DIRECTION ( 'NONE',  ( 0.000000000000000000, 1.000000000000000000, -0.000000000000000000 ) ) ;
#1835 = DIRECTION ( 'NONE',  ( 0.000000000000000000, 0.7071067811865475727, -0.7071067811865474617 ) ) ;
#1836 = ORIENTED_EDGE ( 'NONE', *, *, #240, .T. ) ;
#1837 = CIRCLE ( 'NONE', #2503, 0.7500000000000006661 ) ;
#1838 = DIRECTION ( 'NONE',  ( 1.000000000000000000, 0.000000000000000000, -0.000000000000000000 ) ) ;
#1839 = ORIENTED_EDGE ( 'NONE', *, *, #654, .F. ) ;
#1840 = EDGE_CURVE ( 'NONE', #721, #1904, #2518, .T. ) ;
#1841 = ORIENTED_EDGE ( 'NONE', *, *, #1840, .T. ) ;
#1842 = PRODUCT_DEFINITION ( '未知', '', #2467, #532 ) ;
#1843 = CARTESIAN_POINT ( 'NONE',  ( 1.057284049582416041E-15, 5.249999999999999112, -15.20000000000000462 ) ) ;
#1844 = EDGE_LOOP ( 'NONE', ( #508, #291, #30, #1790 ) ) ;
#1845 = ORIENTED_EDGE ( 'NONE', *, *, #267, .T. ) ;
#1846 = CARTESIAN_POINT ( 'NONE',  ( -4.299999999999999822, 27.10000000000000142, -4.700000000000000178 ) ) ;
#1847 = VECTOR ( 'NONE', #1838, 1000.000000000000000 ) ;
#1848 = AXIS2_PLACEMENT_3D ( 'NONE', #2588, #1580, #1779 ) ;
#1849 = ORIENTED_EDGE ( 'NONE', *, *, #1265, .T. ) ;
#1850 = CARTESIAN_POINT ( 'NONE',  ( 3.078346698278689342, 28.60000000000000497, -0.2999999999999999334 ) ) ;
#1851 = ADVANCED_FACE ( 'NONE', ( #2134 ), #1903, .F. ) ;
#1852 = ORIENTED_EDGE ( 'NONE', *, *, #669, .F. ) ;
#1853 = ORIENTED_EDGE ( 'NONE', *, *, #293, .F. ) ;
#1854 = CARTESIAN_POINT ( 'NONE',  ( -2.049999999999999822, 24.00000000000000711, -4.700000000000000178 ) ) ;
#1855 = FACE_OUTER_BOUND ( 'NONE', #1907, .T. ) ;
#1856 = LINE ( 'NONE', #2497, #2250 ) ;
#1857 = CARTESIAN_POINT ( 'NONE',  ( 1.057284049582416041E-15, 5.249999999999999112, -4.900000000000004796 ) ) ;
#1858 = ORIENTED_EDGE ( 'NONE', *, *, #2614, .T. ) ;
#1859 = EDGE_CURVE ( 'NONE', #85, #2301, #1134, .T. ) ;
#1860 = ORIENTED_EDGE ( 'NONE', *, *, #2183, .T. ) ;
#1861 = CARTESIAN_POINT ( 'NONE',  ( -4.842778128306114205, 2.150000000000011458, -14.00000000000000533 ) ) ;
#1862 = ADVANCED_FACE ( 'NONE', ( #1663 ), #2020, .F. ) ;
#1863 = AXIS2_PLACEMENT_3D ( 'NONE', #8, #1805, #386 ) ;
#1864 = CARTESIAN_POINT ( 'NONE',  ( 3.261901286060016059, 2.150000000000005240, 4.117587627015037555 ) ) ;
#1865 = CYLINDRICAL_SURFACE ( 'NONE', #27, 0.7500000000000015543 ) ;
#1866 = CARTESIAN_POINT ( 'NONE',  ( 0.000000000000000000, 24.75000000000000000, 3.499999999999999556 ) ) ;
#1867 = ORIENTED_EDGE ( 'NONE', *, *, #10, .F. ) ;
#1868 = AXIS2_PLACEMENT_3D ( 'NONE', #474, #2081, #2287 ) ;
#1869 = ORIENTED_EDGE ( 'NONE', *, *, #1071, .F. ) ;
#1870 = CARTESIAN_POINT ( 'NONE',  ( -7.299999999999998934, 2.200000000000000178, -2.750000000000000888 ) ) ;
#1871 = ADVANCED_FACE ( 'NONE', ( #534, #251, #2483 ), #724, .F. ) ;
#1872 = AXIS2_PLACEMENT_3D ( 'NONE', #1577, #945, #1375 ) ;
#1873 = EDGE_CURVE ( 'NONE', #1447, #1428, #2616, .T. ) ;
#1874 = ORIENTED_EDGE ( 'NONE', *, *, #1362, .F. ) ;
#1875 = AXIS2_PLACEMENT_3D ( 'NONE', #143, #2225, #1226 ) ;
#1876 = SURFACE_STYLE_USAGE ( .BOTH. , #1318 ) ;
#1877 = ORIENTED_EDGE ( 'NONE', *, *, #2147, .T. ) ;
#1878 = DIRECTION ( 'NONE',  ( -1.000000000000000000, -1.275531967630005739E-16, 0.000000000000000000 ) ) ;
#1879 = VERTEX_POINT ( 'NONE', #300 ) ;
#1880 = EDGE_CURVE ( 'NONE', #424, #572, #1457, .T. ) ;
#1881 = LINE ( 'NONE', #1583, #2044 ) ;
#1882 = VECTOR ( 'NONE', #2311, 1000.000000000000000 ) ;
#1883 = ORIENTED_EDGE ( 'NONE', *, *, #993, .T. ) ;
#1884 = DIRECTION ( 'NONE',  ( -1.000000000000000000, -0.000000000000000000, -0.000000000000000000 ) ) ;
#1885 = DIRECTION ( 'NONE',  ( 0.000000000000000000, 0.000000000000000000, 1.000000000000000000 ) ) ;
#1886 = DIRECTION ( 'NONE',  ( -0.000000000000000000, -0.000000000000000000, -1.000000000000000000 ) ) ;
#1887 = LINE ( 'NONE', #1627, #697 ) ;
#1888 = CIRCLE ( 'NONE', #2353, 5.750000000000000888 ) ;
#1889 = ADVANCED_FACE ( 'NONE', ( #603 ), #2331, .F. ) ;
#1890 = DIRECTION ( 'NONE',  ( 0.000000000000000000, 0.000000000000000000, 1.000000000000000000 ) ) ;
#1891 = ORIENTED_EDGE ( 'NONE', *, *, #1305, .F. ) ;
#1892 = LINE ( 'NONE', #2340, #504 ) ;
#1893 = ORIENTED_EDGE ( 'NONE', *, *, #731, .T. ) ;
#1894 = VECTOR ( 'NONE', #1260, 1000.000000000000000 ) ;
#1895 = FILL_AREA_STYLE ('',( #1036 ) ) ;
#1897 = VECTOR ( 'NONE', #2381, 1000.000000000000000 ) ;
#1896 = CARTESIAN_POINT ( 'NONE',  ( -4.349999999999997868, 6.402171862180297879, -8.400000000000003908 ) ) ;
#1898 = CARTESIAN_POINT ( 'NONE',  ( 1.084202172485504434E-15, 5.249999999999999112, 7.400000000000000355 ) ) ;
#1899 = ORIENTED_EDGE ( 'NONE', *, *, #1315, .T. ) ;
#1900 = AXIS2_PLACEMENT_3D ( 'NONE', #1929, #2531, #1344 ) ;
#1901 = VERTEX_POINT ( 'NONE', #2337 ) ;
#1902 = ADVANCED_FACE ( 'NONE', ( #278 ), #1709, .F. ) ;
#1903 = PLANE ( 'NONE',  #1497 ) ;
#1904 = VERTEX_POINT ( 'NONE', #1912 ) ;
#1905 = DIRECTION ( 'NONE',  ( -1.000000000000000000, 0.000000000000000000, 0.000000000000000000 ) ) ;
#1906 = ORIENTED_EDGE ( 'NONE', *, *, #785, .F. ) ;
#1907 = EDGE_LOOP ( 'NONE', ( #1370, #855, #799, #2322 ) ) ;
#1908 = EDGE_CURVE ( 'NONE', #2100, #906, #1275, .T. ) ;
#1909 = AXIS2_PLACEMENT_3D ( 'NONE', #1483, #1878, #62 ) ;
#1910 = LINE ( 'NONE', #2262, #779 ) ;
#1911 = ORIENTED_EDGE ( 'NONE', *, *, #1641, .F. ) ;
#1912 = CARTESIAN_POINT ( 'NONE',  ( -4.500000000000003553, 27.10000000000000142, -5.500000000000004441 ) ) ;
#1913 = PLANE ( 'NONE',  #2361 ) ;
#1914 = DIRECTION ( 'NONE',  ( 1.000000000000000000, 0.000000000000000000, 0.000000000000000000 ) ) ;
#1915 = AXIS2_PLACEMENT_3D ( 'NONE', #2204, #1393, #782 ) ;
#1916 = ORIENTED_EDGE ( 'NONE', *, *, #76, .T. ) ;
#1917 = FACE_OUTER_BOUND ( 'NONE', #554, .T. ) ;
#1918 = ORIENTED_EDGE ( 'NONE', *, *, #843, .T. ) ;
#1919 = CIRCLE ( 'NONE', #1922, 1.099999999999999867 ) ;
#1920 = EDGE_CURVE ( 'NONE', #2325, #2269, #1167, .T. ) ;
#1921 = VERTEX_POINT ( 'NONE', #2562 ) ;
#1922 = AXIS2_PLACEMENT_3D ( 'NONE', #752, #370, #133 ) ;
#1923 = PLANE ( 'NONE',  #154 ) ;
#1924 = ORIENTED_EDGE ( 'NONE', *, *, #1355, .F. ) ;
#1925 = LINE ( 'NONE', #1412, #1078 ) ;
#1926 = EDGE_CURVE ( 'NONE', #1090, #1992, #598, .T. ) ;
#1927 = FACE_OUTER_BOUND ( 'NONE', #1937, .T. ) ;
#1928 = CARTESIAN_POINT ( 'NONE',  ( 5.799999999999999822, -0.8000000000000000444, 0.000000000000000000 ) ) ;
#1929 = CARTESIAN_POINT ( 'NONE',  ( -0.2000000000000005107, 1.787499999998265254, -2.849999999999879741 ) ) ;
#1930 = ORIENTED_EDGE ( 'NONE', *, *, #1603, .F. ) ;
#1931 = DIRECTION ( 'NONE',  ( -0.000000000000000000, 1.000000000000000000, 0.000000000000000000 ) ) ;
#1932 = DIRECTION ( 'NONE',  ( 0.000000000000000000, -0.000000000000000000, 1.000000000000000000 ) ) ;
#1933 = CARTESIAN_POINT ( 'NONE',  ( 0.000000000000000000, -0.8000000000000000444, 0.000000000000000000 ) ) ;
#1934 = DIRECTION ( 'NONE',  ( -1.000000000000000000, -0.000000000000000000, -0.000000000000000000 ) ) ;
#1935 = CARTESIAN_POINT ( 'NONE',  ( -1.099999999999998535, 7.449999999999998401, 3.950000000002832135 ) ) ;
#1936 = FACE_OUTER_BOUND ( 'NONE', #911, .T. ) ;
#1937 = EDGE_LOOP ( 'NONE', ( #316, #763, #106, #839 ) ) ;
#1938 = ORIENTED_EDGE ( 'NONE', *, *, #2122, .T. ) ;
#1939 = EDGE_CURVE ( 'NONE', #1879, #445, #372, .T. ) ;
#1940 = FACE_BOUND ( 'NONE', #2557, .T. ) ;
#1941 = ORIENTED_EDGE ( 'NONE', *, *, #1362, .T. ) ;
#1942 = PLANE ( 'NONE',  #1773 ) ;
#1943 = CARTESIAN_POINT ( 'NONE',  ( 1.057284049582416041E-15, 5.249999999999999112, 7.400000000000000355 ) ) ;
#1944 = DIRECTION ( 'NONE',  ( 0.000000000000000000, 0.000000000000000000, 1.000000000000000000 ) ) ;
#1945 = AXIS2_PLACEMENT_3D ( 'NONE', #2584, #2187, #1970 ) ;
#1946 = DIRECTION ( 'NONE',  ( -1.000000000000000000, -0.000000000000000000, -0.000000000000000000 ) ) ;
#1947 = FACE_OUTER_BOUND ( 'NONE', #830, .T. ) ;
#1948 = VERTEX_POINT ( 'NONE', #165 ) ;
#1949 = FACE_OUTER_BOUND ( 'NONE', #1331, .T. ) ;
#1950 = EDGE_LOOP ( 'NONE', ( #932, #2216, #2434, #880 ) ) ;
#1951 = LINE ( 'NONE', #1141, #480 ) ;
#1952 = DIRECTION ( 'NONE',  ( -0.000000000000000000, 1.000000000000000000, 0.000000000000000000 ) ) ;
#1953 = PLANE ( 'NONE',  #883 ) ;
#1954 = DIRECTION ( 'NONE',  ( 1.000000000000000000, 0.000000000000000000, 0.000000000000000000 ) ) ;
#1955 = EDGE_CURVE ( 'NONE', #2398, #85, #248, .T. ) ;
#1956 = AXIS2_PLACEMENT_3D ( 'NONE', #452, #49, #15 ) ;
#1957 = EDGE_CURVE ( 'NONE', #2489, #2325, #528, .T. ) ;
#1958 = EDGE_LOOP ( 'NONE', ( #784, #627, #944, #2104, #822, #2355 ) ) ;
#1959 = DIRECTION ( 'NONE',  ( 0.000000000000000000, 0.000000000000000000, -1.000000000000000000 ) ) ;
#1960 = AXIS2_PLACEMENT_3D ( 'NONE', #496, #2092, #478 ) ;
#1961 = DIRECTION ( 'NONE',  ( 0.000000000000000000, 1.000000000000000000, 0.000000000000000000 ) ) ;
#1962 = CARTESIAN_POINT ( 'NONE',  ( 3.078346698278689342, 30.10000000000000497, -6.500000000000005329 ) ) ;
#1963 = CARTESIAN_POINT ( 'NONE',  ( -7.299999999999998934, 2.200000000000000622, 2.749999999999999112 ) ) ;
#1964 =( BOUNDED_CURVE ( )  B_SPLINE_CURVE ( 3, ( #2417, #17, #429, #2036 ),
 .UNSPECIFIED., .F., .F. ) 
 B_SPLINE_CURVE_WITH_KNOTS ( ( 4, 4 ),
 ( 5.431441276611925772, 7.134929337747246691 ),
 .UNSPECIFIED. ) 
 CURVE ( )  GEOMETRIC_REPRESENTATION_ITEM ( )  RATIONAL_B_SPLINE_CURVE ( ( 1.000000000000000000, 0.7724479245610509359, 0.7724479245610509359, 1.000000000000000000 ) ) 
 REPRESENTATION_ITEM ( '' )  );
#1965 = CARTESIAN_POINT ( 'NONE',  ( -7.299999999999998934, 29.10000000000000497, -6.500000000000004441 ) ) ;
#1966 = DIRECTION ( 'NONE',  ( -0.000000000000000000, 1.000000000000000000, 0.000000000000000000 ) ) ;
#1967 = ORIENTED_EDGE ( 'NONE', *, *, #1037, .T. ) ;
#1968 = EDGE_CURVE ( 'NONE', #1339, #879, #977, .T. ) ;
#1969 = CARTESIAN_POINT ( 'NONE',  ( -4.349999999999996980, 6.402171862180300543, -14.00000000000000533 ) ) ;
#1970 = DIRECTION ( 'NONE',  ( 1.000000000000000000, 0.000000000000000000, 0.000000000000000000 ) ) ;
#1971 = VERTEX_POINT ( 'NONE', #131 ) ;
#1972 = CARTESIAN_POINT ( 'NONE',  ( -4.349999999999998757, 4.097828137819719885, 4.117587627015037555 ) ) ;
#1973 = CARTESIAN_POINT ( 'NONE',  ( -3.261901286060020499, 2.150000000000010125, -9.800000000000014921 ) ) ;
#1974 = DIRECTION ( 'NONE',  ( -1.770561267648950087E-30, 1.238481530905600258E-45, 1.000000000000000000 ) ) ;
#1975 = LINE ( 'NONE', #2292, #1598 ) ;
#1976 = CARTESIAN_POINT ( 'NONE',  ( -5.799999999999999822, 24.50000000000000711, -2.000000000000000888 ) ) ;
#1977 = CARTESIAN_POINT ( 'NONE',  ( -281.8500000000000227, 2.150000000000219735, -14.00000000000000533 ) ) ;
#1978 = ADVANCED_FACE ( 'NONE', ( #2070 ), #1942, .T. ) ;
#1979 = CYLINDRICAL_SURFACE ( 'NONE', #887, 2.000000000000000000 ) ;
#1980 = EDGE_LOOP ( 'NONE', ( #410, #1436, #529, #856 ) ) ;
#1981 = EDGE_LOOP ( 'NONE', ( #1797, #2135, #2430, #771 ) ) ;
#1982 = LINE ( 'NONE', #577, #2268 ) ;
#1983 = ORIENTED_EDGE ( 'NONE', *, *, #1561, .F. ) ;
#1984 = DIRECTION ( 'NONE',  ( -7.528058673009668969E-16, -1.000000000000000000, -9.440737979636703199E-47 ) ) ;
#1985 = CARTESIAN_POINT ( 'NONE',  ( -0.2000000000000005107, 1.787499999998265254, 1.550000000000041345 ) ) ;
#1986 = CIRCLE ( 'NONE', #1731, 0.5000000000000004441 ) ;
#1987 = DIRECTION ( 'NONE',  ( -1.000000000000000000, 0.000000000000000000, 0.000000000000000000 ) ) ;
#1988 = AXIS2_PLACEMENT_3D ( 'NONE', #718, #1687, #302 ) ;
#1989 = DIRECTION ( 'NONE',  ( 1.000000000000000000, 1.243516481761735441E-45, 1.651842175752580018E-30 ) ) ;
#1990 = FACE_OUTER_BOUND ( 'NONE', #1450, .T. ) ;
#1991 = VECTOR ( 'NONE', #2065, 1000.000000000000000 ) ;
#1992 = VERTEX_POINT ( 'NONE', #1777 ) ;
#1993 = DIRECTION ( 'NONE',  ( 0.000000000000000000, 0.000000000000000000, -1.000000000000000000 ) ) ;
#1994 = DIRECTION ( 'NONE',  ( 1.770561267648950087E-30, -1.238481530905600258E-45, -1.000000000000000000 ) ) ;
#1995 = DIRECTION ( 'NONE',  ( 0.000000000000000000, 0.000000000000000000, 1.000000000000000000 ) ) ;
#1996 = CARTESIAN_POINT ( 'NONE',  ( 1.100000000000000977, 5.249999999999999112, -2.550000000002827782 ) ) ;
#1997 = CARTESIAN_POINT ( 'NONE',  ( -5.799999999999999822, 13.00000000000001066, -6.500000000000005329 ) ) ;
#1998 = ORIENTED_EDGE ( 'NONE', *, *, #1248, .T. ) ;
#1999 = EDGE_CURVE ( 'NONE', #1992, #96, #1982, .T. ) ;
#2000 = ORIENTED_EDGE ( 'NONE', *, *, #2291, .T. ) ;
#2001 = AXIS2_PLACEMENT_3D ( 'NONE', #1529, #2124, #526 ) ;
#2002 = CARTESIAN_POINT ( 'NONE',  ( 4.350000000000000533, 6.402171862180300543, -14.00000000000000533 ) ) ;
#2003 = DIRECTION ( 'NONE',  ( -8.673617379884034239E-17, 0.000000000000000000, 1.000000000000000000 ) ) ;
#2004 =( LENGTH_UNIT ( ) NAMED_UNIT ( * ) SI_UNIT ( .MILLI., .METRE. ) );
#2005 = VERTEX_POINT ( 'NONE', #2384 ) ;
#2006 = ADVANCED_FACE ( 'NONE', ( #1243, #1791 ), #125, .T. ) ;
#2007 = ORIENTED_EDGE ( 'NONE', *, *, #1478, .T. ) ;
#2008 = AXIS2_PLACEMENT_3D ( 'NONE', #2538, #1131, #1532 ) ;
#2009 = CARTESIAN_POINT ( 'NONE',  ( 0.6666145812941164372, 4.374999999996528999, -0.4000000000001355249 ) ) ;
#2010 = VERTEX_POINT ( 'NONE', #1190 ) ;
#2011 = DIRECTION ( 'NONE',  ( -1.000000000000000000, 0.000000000000000000, -0.000000000000000000 ) ) ;
#2012 = DIRECTION ( 'NONE',  ( 0.000000000000000000, 0.000000000000000000, 1.000000000000000000 ) ) ;
#2013 = VERTEX_POINT ( 'NONE', #741 ) ;
#2014 = CIRCLE ( 'NONE', #206, 0.7500000000000003331 ) ;
#2015 = CARTESIAN_POINT ( 'NONE',  ( 4.350000000000000533, 6.402171862180296991, -15.20000000000000462 ) ) ;
#2016 = EDGE_LOOP ( 'NONE', ( #1136, #1212, #1150, #1874 ) ) ;
#2017 =( NAMED_UNIT ( * ) SI_UNIT ( $, .STERADIAN. ) SOLID_ANGLE_UNIT ( ) );
#2018 = AXIS2_PLACEMENT_3D ( 'NONE', #349, #1566, #762 ) ;
#2019 = FACE_BOUND ( 'NONE', #1703, .T. ) ;
#2020 = CYLINDRICAL_SURFACE ( 'NONE', #1755, 0.7499999999999997780 ) ;
#2021 = EDGE_CURVE ( 'NONE', #740, #994, #1824, .T. ) ;
#2022 = VERTEX_POINT ( 'NONE', #2150 ) ;
#2023 = FACE_OUTER_BOUND ( 'NONE', #1538, .T. ) ;
#2024 = ADVANCED_FACE ( 'NONE', ( #2300 ), #1043, .F. ) ;
#2025 = DIRECTION ( 'NONE',  ( 0.000000000000000000, 1.000000000000000000, 0.000000000000000000 ) ) ;
#2026 = ORIENTED_EDGE ( 'NONE', *, *, #1795, .T. ) ;
#2027 = CARTESIAN_POINT ( 'NONE',  ( -0.2000000000000005107, 1.787499999998265254, 1.300000000000042899 ) ) ;
#2028 = EDGE_CURVE ( 'NONE', #2022, #1792, #639, .T. ) ;
#2029 = DIRECTION ( 'NONE',  ( -0.000000000000000000, 0.000000000000000000, 1.000000000000000000 ) ) ;
#2030 = EDGE_LOOP ( 'NONE', ( #1535, #2163, #2549, #1055 ) ) ;
#2031 = VECTOR ( 'NONE', #1534, 1000.000000000000000 ) ;
#2032 = CARTESIAN_POINT ( 'NONE',  ( 4.700000000000001066, 27.10000000000000142, -4.699999999999999289 ) ) ;
#2033 = DIRECTION ( 'NONE',  ( 0.000000000000000000, 0.000000000000000000, -1.000000000000000000 ) ) ;
#2034 = EDGE_LOOP ( 'NONE', ( #261, #566 ) ) ;
#2035 = DIRECTION ( 'NONE',  ( -1.000000000000000000, 0.000000000000000000, 0.000000000000000000 ) ) ;
#2036 = CARTESIAN_POINT ( 'NONE',  ( 0.5601362052795968438, 6.196703454908121245, -3.496703454910949915 ) ) ;
#2037 = PLANE ( 'NONE',  #1708 ) ;
#2038 = CARTESIAN_POINT ( 'NONE',  ( -0.9447878228486790153, 4.586924958791220419, -1.886924958794048202 ) ) ;
#2039 = ORIENTED_EDGE ( 'NONE', *, *, #929, .F. ) ;
#2040 = CARTESIAN_POINT ( 'NONE',  ( -5.750000000000000000, 5.250000000000000000, -15.20000000000000462 ) ) ;
#2041 = ORIENTED_EDGE ( 'NONE', *, *, #2095, .F. ) ;
#2042 = ORIENTED_EDGE ( 'NONE', *, *, #2095, .T. ) ;
#2043 = DIRECTION ( 'NONE',  ( 1.000000000000000000, 0.000000000000000000, 0.000000000000000000 ) ) ;
#2044 = VECTOR ( 'NONE', #2193, 1000.000000000000000 ) ;
#2045 = VECTOR ( 'NONE', #2166, 1000.000000000000000 ) ;
#2046 = ORIENTED_EDGE ( 'NONE', *, *, #25, .F. ) ;
#2047 =( NAMED_UNIT ( * ) SI_UNIT ( $, .STERADIAN. ) SOLID_ANGLE_UNIT ( ) );
#2048 = EDGE_CURVE ( 'NONE', #1725, #1586, #680, .T. ) ;
#2049 = FACE_OUTER_BOUND ( 'NONE', #1796, .T. ) ;
#2050 = LINE ( 'NONE', #702, #571 ) ;
#2051 = ADVANCED_FACE ( 'NONE', ( #84 ), #1067, .F. ) ;
#2052 = ORIENTED_EDGE ( 'NONE', *, *, #1106, .F. ) ;
#2053 = CIRCLE ( 'NONE', #773, 5.750000000000000888 ) ;
#2054 = CARTESIAN_POINT ( 'NONE',  ( -0.9447878228486986663, 4.586924958791258611, 1.086924958794093010 ) ) ;
#2055 = LINE ( 'NONE', #2181, #1147 ) ;
#2056 = EDGE_CURVE ( 'NONE', #445, #1792, #1454, .T. ) ;
#2057 = CARTESIAN_POINT ( 'NONE',  ( -3.261901286060014282, 8.350000000000010303, 4.117587627015037555 ) ) ;
#2058 = AXIS2_PLACEMENT_3D ( 'NONE', #609, #641, #2076 ) ;
#2059 = ORIENTED_EDGE ( 'NONE', *, *, #1138, .T. ) ;
#2060 = DIRECTION ( 'NONE',  ( -1.000000000000000000, 0.000000000000000000, 0.000000000000000000 ) ) ;
#2061 = ADVANCED_FACE ( 'NONE', ( #2388 ), #413, .F. ) ;
#2062 = EDGE_CURVE ( 'NONE', #96, #1428, #857, .T. ) ;
#2063 = CYLINDRICAL_SURFACE ( 'NONE', #2449, 5.750000000000000888 ) ;
#2064 = ORIENTED_EDGE ( 'NONE', *, *, #2048, .T. ) ;
#2065 = DIRECTION ( 'NONE',  ( -0.000000000000000000, -0.000000000000000000, -1.000000000000000000 ) ) ;
#2066 = FACE_OUTER_BOUND ( 'NONE', #1825, .T. ) ;
#2067 = CARTESIAN_POINT ( 'NONE',  ( -4.500000000000003553, 4.374999999996450839, -1.674999999999288169 ) ) ;
#2068 = VERTEX_POINT ( 'NONE', #402 ) ;
#2069 = ORIENTED_EDGE ( 'NONE', *, *, #1010, .T. ) ;
#2070 = FACE_OUTER_BOUND ( 'NONE', #2332, .T. ) ;
#2071 = ORIENTED_EDGE ( 'NONE', *, *, #1389, .F. ) ;
#2072 = CIRCLE ( 'NONE', #2320, 5.750000000000000888 ) ;
#2073 = VECTOR ( 'NONE', #2511, 1000.000000000000000 ) ;
#2074 = ORIENTED_EDGE ( 'NONE', *, *, #1734, .F. ) ;
#2075 = CARTESIAN_POINT ( 'NONE',  ( -8.565172198073181420, 4.374999999996528999, -0.4000000000001355249 ) ) ;
#2076 = DIRECTION ( 'NONE',  ( 1.000000000000000000, 0.000000000000000000, 0.000000000000000000 ) ) ;
#2077 = VERTEX_POINT ( 'NONE', #1004 ) ;
#2078 = EDGE_CURVE ( 'NONE', #2228, #2474, #2570, .T. ) ;
#2079 = ORIENTED_EDGE ( 'NONE', *, *, #747, .F. ) ;
#2080 = CONICAL_SURFACE ( 'NONE', #2168, 1.248646241097312704, 0.4363323129985890447 ) ;
#2081 = DIRECTION ( 'NONE',  ( 0.000000000000000000, 0.000000000000000000, -1.000000000000000000 ) ) ;
#2082 =( NAMED_UNIT ( * ) SI_UNIT ( $, .STERADIAN. ) SOLID_ANGLE_UNIT ( ) );
#2083 = ORIENTED_EDGE ( 'NONE', *, *, #1439, .T. ) ;
#2084 = AXIS2_PLACEMENT_3D ( 'NONE', #139, #2561, #1555 ) ;
#2085 = CARTESIAN_POINT ( 'NONE',  ( 4.800000000000000711, -0.8000000000000017097, 3.499999999999999556 ) ) ;
#2086 = CARTESIAN_POINT ( 'NONE',  ( 5.799999999999999822, -0.8000000000000013767, 3.499999999999999556 ) ) ;
#2087 = ADVANCED_FACE ( 'NONE', ( #1749 ), #1815, .F. ) ;
#2088 = CARTESIAN_POINT ( 'NONE',  ( 4.799999999999999822, 0.000000000000000000, 0.000000000000000000 ) ) ;
#2089 = DIRECTION ( 'NONE',  ( -1.000000000000000000, 0.000000000000000000, 0.000000000000000000 ) ) ;
#2090 = DIRECTION ( 'NONE',  ( 1.000000000000000000, 0.000000000000000000, 0.000000000000000000 ) ) ;
#2091 = EDGE_CURVE ( 'NONE', #906, #274, #470, .T. ) ;
#2092 = DIRECTION ( 'NONE',  ( -1.000000000000000000, 7.528058673009668969E-16, -1.770561267648950087E-30 ) ) ;
#2093 = EDGE_LOOP ( 'NONE', ( #890, #1836, #1284, #1998 ) ) ;
#2094 = AXIS2_PLACEMENT_3D ( 'NONE', #1283, #696, #1698 ) ;
#2095 = EDGE_CURVE ( 'NONE', #703, #2389, #940, .T. ) ;
#2096 = CARTESIAN_POINT ( 'NONE',  ( -8.355105673028294433, 5.099999999996329691, -2.399999999999165912 ) ) ;
#2097 = ORIENTED_EDGE ( 'NONE', *, *, #2021, .F. ) ;
#2098 = MECHANICAL_DESIGN_GEOMETRIC_PRESENTATION_REPRESENTATION (  '', ( #845 ), #2545 ) ;
#2099 = ADVANCED_FACE ( 'NONE', ( #1917, #1363, #1940 ), #425, .F. ) ;
#2100 = VERTEX_POINT ( 'NONE', #2599 ) ;
#2101 = ORIENTED_EDGE ( 'NONE', *, *, #293, .T. ) ;
#2102 = EDGE_CURVE ( 'NONE', #912, #287, #1301, .T. ) ;
#2103 = VECTOR ( 'NONE', #1961, 1000.000000000000000 ) ;
#2104 = ORIENTED_EDGE ( 'NONE', *, *, #1334, .F. ) ;
#2105 = CARTESIAN_POINT ( 'NONE',  ( -0.6666145812940245108, 4.374999999996528999, -0.4000000000001355249 ) ) ;
#2106 = PLANE ( 'NONE',  #958 ) ;
#2107 = SURFACE_STYLE_FILL_AREA ( #568 ) ;
#2108 = ORIENTED_EDGE ( 'NONE', *, *, #2056, .F. ) ;
#2109 = VERTEX_POINT ( 'NONE', #393 ) ;
#2110 = VECTOR ( 'NONE', #1033, 1000.000000000000000 ) ;
#2111 = CARTESIAN_POINT ( 'NONE',  ( -2.199999999999999289, 5.249999999999999112, -8.400000000000003908 ) ) ;
#2112 = VERTEX_POINT ( 'NONE', #1241 ) ;
#2114 = CIRCLE ( 'NONE', #1452, 2.000000000000000000 ) ;
#2113 = DIRECTION ( 'NONE',  ( -1.000000000000000000, 0.000000000000000000, 0.000000000000000000 ) ) ;
#2115 = ORIENTED_EDGE ( 'NONE', *, *, #873, .F. ) ;
#2116 = VERTEX_POINT ( 'NONE', #1401 ) ;
#2117 = ORIENTED_EDGE ( 'NONE', *, *, #1305, .T. ) ;
#2118 = CARTESIAN_POINT ( 'NONE',  ( 0.02842712474619181473, 2.200000000000000178, -3.500000000000000888 ) ) ;
#2119 = ORIENTED_EDGE ( 'NONE', *, *, #1465, .F. ) ;
#2120 = COLOUR_RGB ( '',1.000000000000000000, 1.000000000000000000, 1.000000000000000000 ) ;
#2121 = EDGE_LOOP ( 'NONE', ( #2367, #543, #2603, #681, #2541, #1376, #1458, #1730, #1165, #733, #1292, #357 ) ) ;
#2122 = EDGE_CURVE ( 'NONE', #2457, #356, #2382, .T. ) ;
#2123 = CARTESIAN_POINT ( 'NONE',  ( -4.500000000000003553, 35.00000000000000000, -6.500000000000005329 ) ) ;
#2124 = DIRECTION ( 'NONE',  ( -0.000000000000000000, -0.000000000000000000, -1.000000000000000000 ) ) ;
#2125 = DIRECTION ( 'NONE',  ( -1.000000000000000000, 0.000000000000000000, 0.000000000000000000 ) ) ;
#2126 = DIRECTION ( 'NONE',  ( 0.4226182617407055475, 5.175581015019733966E-17, -0.9063077870366471611 ) ) ;
#2127 = PLANE ( 'NONE',  #607 ) ;
#2128 = CIRCLE ( 'NONE', #1716, 0.7500000000000015543 ) ;
#2129 = CARTESIAN_POINT ( 'NONE',  ( 2.200000000000001066, 5.249999999999999112, -4.900000000000004796 ) ) ;
#2130 = ORIENTED_EDGE ( 'NONE', *, *, #1113, .F. ) ;
#2131 = ORIENTED_EDGE ( 'NONE', *, *, #2286, .F. ) ;
#2132 = ORIENTED_EDGE ( 'NONE', *, *, #2366, .T. ) ;
#2133 = FACE_OUTER_BOUND ( 'NONE', #2273, .T. ) ;
#2134 = FACE_OUTER_BOUND ( 'NONE', #1658, .T. ) ;
#2135 = ORIENTED_EDGE ( 'NONE', *, *, #97, .T. ) ;
#2136 = CARTESIAN_POINT ( 'NONE',  ( -0.2000000000000005107, 1.787499999998265254, 2.050000000000042455 ) ) ;
#2137 = EDGE_LOOP ( 'NONE', ( #2396, #1782 ) ) ;
#2138 = CIRCLE ( 'NONE', #648, 0.7499999999999997780 ) ;
#2139 = DIRECTION ( 'NONE',  ( 0.000000000000000000, 0.000000000000000000, 1.000000000000000000 ) ) ;
#2140 = DIRECTION ( 'NONE',  ( -0.000000000000000000, -0.000000000000000000, -1.000000000000000000 ) ) ;
#2141 = DIRECTION ( 'NONE',  ( 0.000000000000000000, 0.000000000000000000, -1.000000000000000000 ) ) ;
#2142 = AXIS2_PLACEMENT_3D ( 'NONE', #557, #1974, #351 ) ;
#2143 = DIRECTION ( 'NONE',  ( -1.000000000000000000, 0.000000000000000000, 0.000000000000000000 ) ) ;
#2144 = ORIENTED_EDGE ( 'NONE', *, *, #510, .T. ) ;
#2145 = ORIENTED_EDGE ( 'NONE', *, *, #920, .F. ) ;
#2146 = AXIS2_PLACEMENT_3D ( 'NONE', #1843, #889, #1307 ) ;
#2147 = EDGE_CURVE ( 'NONE', #1408, #1447, #2514, .T. ) ;
#2148 = LINE ( 'NONE', #1969, #996 ) ;
#2149 = ORIENTED_EDGE ( 'NONE', *, *, #2226, .T. ) ;
#2150 = CARTESIAN_POINT ( 'NONE',  ( -4.500000000000003553, 28.60000000000000497, -4.299999999999999822 ) ) ;
#2151 = DIRECTION ( 'NONE',  ( -0.000000000000000000, -0.000000000000000000, -1.000000000000000000 ) ) ;
#2152 = CARTESIAN_POINT ( 'NONE',  ( -1.099999999999998757, 5.249999999999999112, -2.550000000002827782 ) ) ;
#2153 = VECTOR ( 'NONE', #188, 1000.000000000000000 ) ;
#2154 = DIRECTION ( 'NONE',  ( -1.000000000000000000, 0.000000000000000000, 0.000000000000000000 ) ) ;
#2155 = ORIENTED_EDGE ( 'NONE', *, *, #1236, .T. ) ;
#2156 = EDGE_CURVE ( 'NONE', #2515, #16, #1537, .T. ) ;
#2157 = ORIENTED_EDGE ( 'NONE', *, *, #2091, .T. ) ;
#2158 = CARTESIAN_POINT ( 'NONE',  ( -14.50000000000000000, 24.59999999999995879, -0.3000000000000879741 ) ) ;
#2159 = DIRECTION ( 'NONE',  ( 1.000000000000000000, 0.000000000000000000, 0.000000000000000000 ) ) ;
#2160 = SURFACE_STYLE_FILL_AREA ( #475 ) ;
#2161 = CARTESIAN_POINT ( 'NONE',  ( -4.500000000000002665, 24.59999999999995879, -0.3000000000000879741 ) ) ;
#2162 = VERTEX_POINT ( 'NONE', #2277 ) ;
#2163 = ORIENTED_EDGE ( 'NONE', *, *, #1253, .T. ) ;
#2164 = DIRECTION ( 'NONE',  ( -1.000000000000000000, -0.000000000000000000, 0.000000000000000000 ) ) ;
#2165 = ORIENTED_EDGE ( 'NONE', *, *, #433, .T. ) ;
#2166 = DIRECTION ( 'NONE',  ( -0.000000000000000000, 0.000000000000000000, -1.000000000000000000 ) ) ;
#2167 = CARTESIAN_POINT ( 'NONE',  ( 4.350000000000000533, 6.402171862180300543, 4.117587627015035778 ) ) ;
#2168 = AXIS2_PLACEMENT_3D ( 'NONE', #1533, #2141, #1384 ) ;
#2169 = CARTESIAN_POINT ( 'NONE',  ( -281.8500000000000227, 2.150000000000219735, -9.800000000000014921 ) ) ;
#2170 = VERTEX_POINT ( 'NONE', #196 ) ;
#2171 = CIRCLE ( 'NONE', #2374, 0.7500000000000002220 ) ;
#2172 = FACE_OUTER_BOUND ( 'NONE', #938, .T. ) ;
#2173 = ORIENTED_EDGE ( 'NONE', *, *, #851, .F. ) ;
#2174 = CIRCLE ( 'NONE', #1672, 0.7500000000000002220 ) ;
#2175 = ADVANCED_FACE ( 'NONE', ( #1012 ), #1979, .T. ) ;
#2176 = CARTESIAN_POINT ( 'NONE',  ( -7.299999999999998934, 28.60000000000000497, -4.299999999999999822 ) ) ;
#2177 = DIRECTION ( 'NONE',  ( 8.673617379884034239E-17, 0.000000000000000000, -1.000000000000000000 ) ) ;
#2178 = EDGE_CURVE ( 'NONE', #1502, #2013, #2014, .T. ) ;
#2179 = ORIENTED_EDGE ( 'NONE', *, *, #2252, .F. ) ;
#2180 = CARTESIAN_POINT ( 'NONE',  ( -4.349999999999996980, 6.402171862180300543, -8.400000000000003908 ) ) ;
#2181 = CARTESIAN_POINT ( 'NONE',  ( 4.799999999999999822, 6.999999999997164934, 3.499999999999999556 ) ) ;
#2182 = DIRECTION ( 'NONE',  ( 1.651842175752580018E-30, -1.577021341797100025E-16, -1.000000000000000000 ) ) ;
#2183 = EDGE_CURVE ( 'NONE', #281, #906, #337, .T. ) ;
#2184 = STYLED_ITEM ( 'NONE', ( #523 ), #2352 ) ;
#2185 = ORIENTED_EDGE ( 'NONE', *, *, #1157, .T. ) ;
#2186 = ORIENTED_EDGE ( 'NONE', *, *, #897, .T. ) ;
#2187 = DIRECTION ( 'NONE',  ( 0.000000000000000000, -0.000000000000000000, 1.000000000000000000 ) ) ;
#2188 = AXIS2_PLACEMENT_3D ( 'NONE', #203, #814, #2611 ) ;
#2189 = DIRECTION ( 'NONE',  ( 1.000000000000000000, -7.528058673009668969E-16, 1.770561267648950087E-30 ) ) ;
#2190 = ORIENTED_EDGE ( 'NONE', *, *, #565, .T. ) ;
#2191 = CARTESIAN_POINT ( 'NONE',  ( -6.550000000000000711, 24.50000000000000711, -2.000000000000000888 ) ) ;
#2192 = CARTESIAN_POINT ( 'NONE',  ( 1.057284049582416041E-15, 5.249999999999999112, -24.66345596729060219 ) ) ;
#2193 = DIRECTION ( 'NONE',  ( 1.000000000000000000, 0.000000000000000000, 0.000000000000000000 ) ) ;
#2194 = EDGE_CURVE ( 'NONE', #2109, #2100, #1820, .T. ) ;
#2195 = LINE ( 'NONE', #2258, #301 ) ;
#2196 = EDGE_CURVE ( 'NONE', #2403, #343, #909, .T. ) ;
#2197 = CARTESIAN_POINT ( 'NONE',  ( 1.100000000000000977, 5.249999999999999112, -3.496703454910949915 ) ) ;
#2198 = ORIENTED_EDGE ( 'NONE', *, *, #573, .F. ) ;
#2199 = CARTESIAN_POINT ( 'NONE',  ( 8.673617379884285935E-16, 5.250000000000005329, -15.20000000000000284 ) ) ;
#2200 = CARTESIAN_POINT ( 'NONE',  ( 8.673617379884266214E-16, 5.250000000000006217, -14.00000000000000355 ) ) ;
#2201 = DIRECTION ( 'NONE',  ( 0.000000000000000000, -0.000000000000000000, -1.000000000000000000 ) ) ;
#2202 = CARTESIAN_POINT ( 'NONE',  ( -4.500000000000002665, 24.59999999999995879, 0.4499999999999135802 ) ) ;
#2203 = ORIENTED_EDGE ( 'NONE', *, *, #2078, .F. ) ;
#2204 = CARTESIAN_POINT ( 'NONE',  ( -8.355105673028294433, 6.899999999996336619, 3.399999999999172129 ) ) ;
#2205 = FACE_OUTER_BOUND ( 'NONE', #685, .T. ) ;
#2206 = ORIENTED_EDGE ( 'NONE', *, *, #2102, .F. ) ;
#2207 = EDGE_CURVE ( 'NONE', #442, #1339, #748, .T. ) ;
#2208 = VECTOR ( 'NONE', #2189, 1000.000000000000000 ) ;
#2209 = ORIENTED_EDGE ( 'NONE', *, *, #525, .F. ) ;
#2210 = CARTESIAN_POINT ( 'NONE',  ( -1.099999999999998757, 5.249999999999999112, -3.496703454910949915 ) ) ;
#2211 = DIRECTION ( 'NONE',  ( -1.000000000000000000, 7.528058673009668969E-16, 0.000000000000000000 ) ) ;
#2212 = LINE ( 'NONE', #1744, #1690 ) ;
#2213 = ORIENTED_EDGE ( 'NONE', *, *, #443, .F. ) ;
#2214 = DIRECTION ( 'NONE',  ( -0.000000000000000000, -1.000000000000000000, -0.000000000000000000 ) ) ;
#2215 = CARTESIAN_POINT ( 'NONE',  ( -4.349999999999997868, 6.402171862180299655, 4.117587627015037555 ) ) ;
#2216 = ORIENTED_EDGE ( 'NONE', *, *, #1236, .F. ) ;
#2217 = CYLINDRICAL_SURFACE ( 'NONE', #1848, 0.7500000000000003331 ) ;
#2218 = VERTEX_POINT ( 'NONE', #1461 ) ;
#2219 = CIRCLE ( 'NONE', #2230, 0.7499999999999997780 ) ;
#2220 = EDGE_LOOP ( 'NONE', ( #1489, #1600, #2119, #184 ) ) ;
#2221 = DIRECTION ( 'NONE',  ( 8.673617379884034239E-17, -0.000000000000000000, -1.000000000000000000 ) ) ;
#2222 = CARTESIAN_POINT ( 'NONE',  ( -281.8500000000000227, 8.350000000000219913, -14.00000000000000533 ) ) ;
#2223 = ORIENTED_EDGE ( 'NONE', *, *, #601, .T. ) ;
#2224 = VECTOR ( 'NONE', #2214, 1000.000000000000000 ) ;
#2225 = DIRECTION ( 'NONE',  ( 1.770561267648950087E-30, -1.238481530905600258E-45, -1.000000000000000000 ) ) ;
#2226 = EDGE_CURVE ( 'NONE', #632, #2515, #2354, .T. ) ;
#2227 = VERTEX_POINT ( 'NONE', #2473 ) ;
#2228 = VERTEX_POINT ( 'NONE', #2260 ) ;
#2229 = CARTESIAN_POINT ( 'NONE',  ( 1.057284049582416041E-15, 5.249999999999999112, -14.00000000000000533 ) ) ;
#2230 = AXIS2_PLACEMENT_3D ( 'NONE', #1277, #51, #1059 ) ;
#2231 = CARTESIAN_POINT ( 'NONE',  ( -5.750000000000000000, 5.250000000000000000, -14.00000000000000533 ) ) ;
#2232 = CARTESIAN_POINT ( 'NONE',  ( -281.8500000000000227, 2.150000000000219735, -9.800000000000014921 ) ) ;
#2233 = ORIENTED_EDGE ( 'NONE', *, *, #2579, .F. ) ;
#2234 = DIRECTION ( 'NONE',  ( 8.673617379884034239E-17, 0.000000000000000000, -1.000000000000000000 ) ) ;
#2235 = FACE_OUTER_BOUND ( 'NONE', #1675, .T. ) ;
#2236 = VERTEX_POINT ( 'NONE', #1638 ) ;
#2237 = DIRECTION ( 'NONE',  ( 0.000000000000000000, 0.000000000000000000, 1.000000000000000000 ) ) ;
#2238 = LINE ( 'NONE', #1850, #111 ) ;
#2239 = DIRECTION ( 'NONE',  ( 0.000000000000000000, 0.000000000000000000, -1.000000000000000000 ) ) ;
#2240 = DIRECTION ( 'NONE',  ( 0.000000000000000000, 1.000000000000000000, -1.927470528863119049E-16 ) ) ;
#2241 = ORIENTED_EDGE ( 'NONE', *, *, #1465, .T. ) ;
#2242 = AXIS2_PLACEMENT_3D ( 'NONE', #1686, #234, #2500 ) ;
#2243 = CYLINDRICAL_SURFACE ( 'NONE', #2288, 0.7500000000000002220 ) ;
#2244 = EDGE_CURVE ( 'NONE', #1792, #1259, #1564, .T. ) ;
#2245 = EDGE_LOOP ( 'NONE', ( #2271, #2544 ) ) ;
#2246 = DIRECTION ( 'NONE',  ( 1.000000000000000000, -7.528058673009668969E-16, 1.770561267648950087E-30 ) ) ;
#2247 = AXIS2_PLACEMENT_3D ( 'NONE', #1521, #120, #2143 ) ;
#2248 = CIRCLE ( 'NONE', #1582, 4.500000000000000888 ) ;
#2249 = CARTESIAN_POINT ( 'NONE',  ( -4.500000000000003553, 26.10000000000000142, -6.500000000000005329 ) ) ;
#2250 = VECTOR ( 'NONE', #1300, 1000.000000000000000 ) ;
#2251 = ORIENTED_EDGE ( 'NONE', *, *, #1715, .T. ) ;
#2252 = EDGE_CURVE ( 'NONE', #123, #1992, #1237, .T. ) ;
#2253 = CARTESIAN_POINT ( 'NONE',  ( 0.02842712474619181473, 2.200000000000000178, -3.500000000000000888 ) ) ;
#2254 = VECTOR ( 'NONE', #1118, 1000.000000000000000 ) ;
#2255 = AXIS2_PLACEMENT_3D ( 'NONE', #141, #742, #1558 ) ;
#2256 = DIRECTION ( 'NONE',  ( 0.000000000000000000, 1.000000000000000000, 0.000000000000000000 ) ) ;
#2257 = CARTESIAN_POINT ( 'NONE',  ( -0.2000000000000005107, 1.787499999998265254, 1.300000000000042899 ) ) ;
#2258 = CARTESIAN_POINT ( 'NONE',  ( -281.8500000000000227, 2.150000000000219735, -9.800000000000014921 ) ) ;
#2259 = AXIS2_PLACEMENT_3D ( 'NONE', #229, #1027, #11 ) ;
#2260 = CARTESIAN_POINT ( 'NONE',  ( -2.799999999999999378, 2.200000000000000622, 4.249999999999999112 ) ) ;
#2261 = ORIENTED_EDGE ( 'NONE', *, *, #2596, .T. ) ;
#2262 = CARTESIAN_POINT ( 'NONE',  ( -0.7500000000000003331, 24.75000000000000000, 0.6715728752538073776 ) ) ;
#2263 = ADVANCED_FACE ( 'NONE', ( #273 ), #1299, .F. ) ;
#2264 = VERTEX_POINT ( 'NONE', #1648 ) ;
#2265 = CARTESIAN_POINT ( 'NONE',  ( -281.8500000000000227, 8.350000000000219913, -9.800000000000014921 ) ) ;
#2266 = CARTESIAN_POINT ( 'NONE',  ( 8.673617379884285935E-16, 5.250000000000005329, -15.20000000000000284 ) ) ;
#2267 = ORIENTED_EDGE ( 'NONE', *, *, #1223, .T. ) ;
#2268 = VECTOR ( 'NONE', #1743, 1000.000000000000000 ) ;
#2269 = VERTEX_POINT ( 'NONE', #52 ) ;
#2270 = EDGE_CURVE ( 'NONE', #584, #2339, #286, .T. ) ;
#2271 = ORIENTED_EDGE ( 'NONE', *, *, #1387, .T. ) ;
#2272 = CARTESIAN_POINT ( 'NONE',  ( 1.057284049582416041E-15, 5.249999999999999112, 7.899999999999990585 ) ) ;
#2273 = EDGE_LOOP ( 'NONE', ( #952, #2571, #169, #536 ) ) ;
#2274 = VECTOR ( 'NONE', #1342, 1000.000000000000000 ) ;
#2275 = EDGE_LOOP ( 'NONE', ( #1983, #1431, #750, #836 ) ) ;
#2276 = DIRECTION ( 'NONE',  ( 0.000000000000000000, -1.000000000000000000, 0.000000000000000000 ) ) ;
#2277 = CARTESIAN_POINT ( 'NONE',  ( 4.700000000000001066, 27.10000000000000142, -5.500000000000005329 ) ) ;
#2278 = ADVANCED_FACE ( 'NONE', ( #2294 ), #559, .F. ) ;
#2279 = ORIENTED_EDGE ( 'NONE', *, *, #1351, .T. ) ;
#2280 = VECTOR ( 'NONE', #2375, 1000.000000000000000 ) ;
#2281 = AXIS2_PLACEMENT_3D ( 'NONE', #325, #2140, #1719 ) ;
#2282 = ORIENTED_EDGE ( 'NONE', *, *, #1650, .F. ) ;
#2283 = DIRECTION ( 'NONE',  ( 0.000000000000000000, 0.000000000000000000, -1.000000000000000000 ) ) ;
#2284 = ORIENTED_EDGE ( 'NONE', *, *, #400, .T. ) ;
#2285 = AXIS2_PLACEMENT_3D ( 'NONE', #828, #618, #2211 ) ;
#2286 = EDGE_CURVE ( 'NONE', #356, #344, #440, .T. ) ;
#2287 = DIRECTION ( 'NONE',  ( -1.000000000000000000, 0.000000000000000000, 0.000000000000000000 ) ) ;
#2288 = AXIS2_PLACEMENT_3D ( 'NONE', #795, #397, #1175 ) ;
#2289 = ADVANCED_FACE ( 'NONE', ( #689 ), #468, .F. ) ;
#2290 = PLANE ( 'NONE',  #1721 ) ;
#2291 = EDGE_CURVE ( 'NONE', #862, #506, #2128, .T. ) ;
#2292 = CARTESIAN_POINT ( 'NONE',  ( -4.299999999999999822, -0.8000000000000020428, -4.700000000000000178 ) ) ;
#2293 = DIRECTION ( 'NONE',  ( 0.000000000000000000, 0.000000000000000000, -1.000000000000000000 ) ) ;
#2294 = FACE_OUTER_BOUND ( 'NONE', #208, .T. ) ;
#2295 = ORIENTED_EDGE ( 'NONE', *, *, #240, .F. ) ;
#2296 = DIRECTION ( 'NONE',  ( 0.000000000000000000, -1.000000000000000000, 0.000000000000000000 ) ) ;
#2297 = DIRECTION ( 'NONE',  ( 1.770561267648950087E-30, -1.238481530905600258E-45, -1.000000000000000000 ) ) ;
#2298 = CARTESIAN_POINT ( 'NONE',  ( -5.799999999999999822, 26.10000000000000142, -5.500000000000005329 ) ) ;
#2299 = FACE_OUTER_BOUND ( 'NONE', #1632, .T. ) ;
#2300 = FACE_OUTER_BOUND ( 'NONE', #2610, .T. ) ;
#2301 = VERTEX_POINT ( 'NONE', #1870 ) ;
#2302 = PLANE ( 'NONE',  #1441 ) ;
#2303 = LINE ( 'NONE', #2105, #2517 ) ;
#2304 = ADVANCED_FACE ( 'NONE', ( #2205 ), #1296, .F. ) ;
#2305 = DIRECTION ( 'NONE',  ( 0.000000000000000000, -0.7071067811865474617, 0.7071067811865476838 ) ) ;
#2306 = FACE_OUTER_BOUND ( 'NONE', #896, .T. ) ;
#2307 = LINE ( 'NONE', #119, #1759 ) ;
#2308 = PRODUCT_CONTEXT ( 'NONE', #1665, 'mechanical' ) ;
#2309 = LINE ( 'NONE', #1266, #1701 ) ;
#2310 = AXIS2_PLACEMENT_3D ( 'NONE', #846, #2043, #220 ) ;
#2311 = DIRECTION ( 'NONE',  ( -0.000000000000000000, 0.000000000000000000, 1.000000000000000000 ) ) ;
#2312 = CARTESIAN_POINT ( 'NONE',  ( 4.842778128306079566, 8.350000000000004974, -9.800000000000014921 ) ) ;
#2313 = DIRECTION ( 'NONE',  ( -1.275531967630005739E-16, 1.000000000000000000, -0.000000000000000000 ) ) ;
#2314 = ORIENTED_EDGE ( 'NONE', *, *, #1873, .T. ) ;
#2315 = EDGE_CURVE ( 'NONE', #2236, #1435, #688, .T. ) ;
#2316 = MECHANICAL_DESIGN_GEOMETRIC_PRESENTATION_REPRESENTATION (  '', ( #2184 ), #483 ) ;
#2317 = CARTESIAN_POINT ( 'NONE',  ( 5.750000000000001776, 5.249999999999999112, -6.500000000000005329 ) ) ;
#2318 = DIRECTION ( 'NONE',  ( -0.000000000000000000, 1.445602896647338177E-16, 1.000000000000000000 ) ) ;
#2319 = CARTESIAN_POINT ( 'NONE',  ( 0.6666145812941181026, 4.374999999996528999, 0.8749999999993632871 ) ) ;
#2320 = AXIS2_PLACEMENT_3D ( 'NONE', #1149, #132, #2159 ) ;
#2321 = DIRECTION ( 'NONE',  ( -1.770561267648950087E-30, 1.238481530905600258E-45, 1.000000000000000000 ) ) ;
#2322 = ORIENTED_EDGE ( 'NONE', *, *, #1784, .F. ) ;
#2323 = ORIENTED_EDGE ( 'NONE', *, *, #1054, .F. ) ;
#2324 = EDGE_CURVE ( 'NONE', #422, #1548, #2238, .T. ) ;
#2325 = VERTEX_POINT ( 'NONE', #2485 ) ;
#2326 = DIRECTION ( 'NONE',  ( -1.000000000000000000, 0.000000000000000000, 0.000000000000000000 ) ) ;
#2327 = DIRECTION ( 'NONE',  ( 1.651842175752580018E-30, -1.577021341797100025E-16, -1.000000000000000000 ) ) ;
#2328 = DIRECTION ( 'NONE',  ( -8.673617379884034239E-17, 0.000000000000000000, 1.000000000000000000 ) ) ;
#2329 = AXIS2_PLACEMENT_3D ( 'NONE', #1204, #1618, #2201 ) ;
#2330 = CIRCLE ( 'NONE', #854, 0.7500000000000003331 ) ;
#2331 = CYLINDRICAL_SURFACE ( 'NONE', #1466, 0.7500000000000002220 ) ;
#2332 = EDGE_LOOP ( 'NONE', ( #1527, #2042 ) ) ;
#2333 = ORIENTED_EDGE ( 'NONE', *, *, #1079, .F. ) ;
#2334 = CIRCLE ( 'NONE', #1091, 1.099999999999999867 ) ;
#2335 = EDGE_CURVE ( 'NONE', #804, #787, #630, .T. ) ;
#2336 = VERTEX_POINT ( 'NONE', #1628 ) ;
#2337 = CARTESIAN_POINT ( 'NONE',  ( 2.000000000000000888, 5.249999999999999112, 6.500000000000002665 ) ) ;
#2338 = CARTESIAN_POINT ( 'NONE',  ( -4.299999999999999822, 35.00000000000000000, 3.499999999999999556 ) ) ;
#2339 = VERTEX_POINT ( 'NONE', #493 ) ;
#2340 = CARTESIAN_POINT ( 'NONE',  ( -0.2000000000000005107, 1.787499999998265254, -2.099999999999879741 ) ) ;
#2341 = CIRCLE ( 'NONE', #2001, 5.750000000000000888 ) ;
#2342 = DIRECTION ( 'NONE',  ( -1.000000000000000000, 0.000000000000000000, -0.000000000000000000 ) ) ;
#2343 = ORIENTED_EDGE ( 'NONE', *, *, #34, .T. ) ;
#2344 = CARTESIAN_POINT ( 'NONE',  ( 3.078346698278689342, 30.10000000000000497, -0.3000000000000001554 ) ) ;
#2345 = DIRECTION ( 'NONE',  ( 1.000000000000000000, 0.000000000000000000, 0.000000000000000000 ) ) ;
#2346 = CARTESIAN_POINT ( 'NONE',  ( -4.349999999999996980, 6.402171862180300543, 4.117587627015035778 ) ) ;
#2347 = ORIENTED_EDGE ( 'NONE', *, *, #484, .F. ) ;
#2348 = EDGE_CURVE ( 'NONE', #2228, #321, #1125, .T. ) ;
#2349 = DIRECTION ( 'NONE',  ( -1.000000000000000000, 0.000000000000000000, 0.000000000000000000 ) ) ;
#2350 = CARTESIAN_POINT ( 'NONE',  ( -281.8500000000000227, 8.350000000000219913, -14.00000000000000533 ) ) ;
#2351 = CARTESIAN_POINT ( 'NONE',  ( -1.099999999999998757, 5.648126496833060450, -2.948126496835887345 ) ) ;
#2352 = MANIFOLD_SOLID_BREP ( '组合1', #1276 ) ;
#2353 = AXIS2_PLACEMENT_3D ( 'NONE', #1707, #704, #1509 ) ;
#2354 = LINE ( 'NONE', #1654, #1746 ) ;
#2355 = ORIENTED_EDGE ( 'NONE', *, *, #2091, .F. ) ;
#2356 = CIRCLE ( 'NONE', #1595, 0.7499999999999997780 ) ;
#2357 = EDGE_LOOP ( 'NONE', ( #2206, #1572 ) ) ;
#2358 = CARTESIAN_POINT ( 'NONE',  ( -4.299999999999999822, 7.399999999997166178, -4.700000000000000178 ) ) ;
#2359 = VECTOR ( 'NONE', #1391, 1000.000000000000000 ) ;
#2360 = CARTESIAN_POINT ( 'NONE',  ( 5.750000000000001776, 5.249999999999999112, -14.00000000000000533 ) ) ;
#2361 = AXIS2_PLACEMENT_3D ( 'NONE', #2338, #709, #726 ) ;
#2362 = CARTESIAN_POINT ( 'NONE',  ( -5.799999999999999822, 24.00000000000000711, -6.500000000000005329 ) ) ;
#2363 = VERTEX_POINT ( 'NONE', #224 ) ;
#2364 = VERTEX_POINT ( 'NONE', #441 ) ;
#2365 = AXIS2_PLACEMENT_3D ( 'NONE', #997, #812, #2393 ) ;
#2366 = EDGE_CURVE ( 'NONE', #2403, #863, #334, .T. ) ;
#2367 = ORIENTED_EDGE ( 'NONE', *, *, #1656, .T. ) ;
#2368 = AXIS2_PLACEMENT_3D ( 'NONE', #1021, #180, #1227 ) ;
#2369 = DIRECTION ( 'NONE',  ( 1.000000000000000000, 0.000000000000000000, 0.000000000000000000 ) ) ;
#2370 = CARTESIAN_POINT ( 'NONE',  ( -7.299999999999998046, 28.60000000000000497, -0.2999999999999999334 ) ) ;
#2371 = ORIENTED_EDGE ( 'NONE', *, *, #963, .F. ) ;
#2372 = ORIENTED_EDGE ( 'NONE', *, *, #708, .T. ) ;
#2373 = EDGE_CURVE ( 'NONE', #344, #252, #594, .T. ) ;
#2374 = AXIS2_PLACEMENT_3D ( 'NONE', #1445, #2035, #2012 ) ;
#2375 = DIRECTION ( 'NONE',  ( -0.000000000000000000, -0.000000000000000000, -1.000000000000000000 ) ) ;
#2376 = DIRECTION ( 'NONE',  ( -1.000000000000000000, 0.000000000000000000, 0.000000000000000000 ) ) ;
#2377 = ORIENTED_EDGE ( 'NONE', *, *, #116, .T. ) ;
#2378 = LINE ( 'NONE', #65, #1655 ) ;
#2379 = VERTEX_POINT ( 'NONE', #651 ) ;
#2380 = DIRECTION ( 'NONE',  ( -1.000000000000000000, 0.000000000000000000, 0.000000000000000000 ) ) ;
#2381 = DIRECTION ( 'NONE',  ( -1.000000000000000000, 0.000000000000000000, 0.000000000000000000 ) ) ;
#2382 = LINE ( 'NONE', #1596, #1328 ) ;
#2383 = EDGE_LOOP ( 'NONE', ( #249, #841 ) ) ;
#2384 = CARTESIAN_POINT ( 'NONE',  ( 4.800000000000000711, 6.999999999997164934, 3.499999999999999556 ) ) ;
#2385 = DIRECTION ( 'NONE',  ( -1.770561267648950087E-30, 1.238481530905600258E-45, 1.000000000000000000 ) ) ;
#2386 = CARTESIAN_POINT ( 'NONE',  ( 8.673617379883967433E-16, 5.250000000000008882, 4.117587627015037555 ) ) ;
#2387 = AXIS2_PLACEMENT_3D ( 'NONE', #2161, #1745, #956 ) ;
#2388 = FACE_OUTER_BOUND ( 'NONE', #374, .T. ) ;
#2389 = VERTEX_POINT ( 'NONE', #2257 ) ;
#2390 = LINE ( 'NONE', #803, #2454 ) ;
#2391 = EDGE_LOOP ( 'NONE', ( #1333, #2593, #723, #92, #409, #22, #1256, #491, #1614 ) ) ;
#2392 = CONICAL_SURFACE ( 'NONE', #363, 1.248646241097312704, 0.4363323129985890447 ) ;
#2393 = DIRECTION ( 'NONE',  ( 0.000000000000000000, 0.000000000000000000, -1.000000000000000000 ) ) ;
#2394 = DIRECTION ( 'NONE',  ( 1.000000000000000000, 0.000000000000000000, 0.000000000000000000 ) ) ;
#2395 = CARTESIAN_POINT ( 'NONE',  ( -281.8500000000000227, 8.350000000000219913, -9.800000000000014921 ) ) ;
#2396 = ORIENTED_EDGE ( 'NONE', *, *, #105, .T. ) ;
#2397 = CARTESIAN_POINT ( 'NONE',  ( 1.057284049582416041E-15, 5.249999999999999112, -3.496703454910949915 ) ) ;
#2398 = VERTEX_POINT ( 'NONE', #271 ) ;
#2399 = FACE_OUTER_BOUND ( 'NONE', #1185, .T. ) ;
#2400 = ADVANCED_FACE ( 'NONE', ( #2508, #590, #521 ), #1047, .F. ) ;
#2401 = EDGE_CURVE ( 'NONE', #1904, #2162, #1124, .T. ) ;
#2402 = CIRCLE ( 'NONE', #1556, 1.000000000000000000 ) ;
#2403 = VERTEX_POINT ( 'NONE', #2040 ) ;
#2404 = LINE ( 'NONE', #396, #2224 ) ;
#2405 = DIRECTION ( 'NONE',  ( 0.000000000000000000, 0.000000000000000000, -1.000000000000000000 ) ) ;
#2406 = DIRECTION ( 'NONE',  ( 1.651842175752580018E-30, -1.577021341797100025E-16, -1.000000000000000000 ) ) ;
#2407 = VERTEX_POINT ( 'NONE', #23 ) ;
#2408 = DIRECTION ( 'NONE',  ( -0.000000000000000000, -0.000000000000000000, -1.000000000000000000 ) ) ;
#2409 = DIRECTION ( 'NONE',  ( -1.000000000000000000, -2.715219353702827981E-15, 0.000000000000000000 ) ) ;
#2410 = CARTESIAN_POINT ( 'NONE',  ( 5.799999999999999822, 35.00000000000000000, -6.500000000000005329 ) ) ;
#2411 = FILL_AREA_STYLE ('',( #1209 ) ) ;
#2412 = STYLED_ITEM ( 'NONE', ( #312 ), #205 ) ;
#2413 = CARTESIAN_POINT ( 'NONE',  ( -0.5601362052795946234, 6.196703454908121245, -3.496703454910949915 ) ) ;
#2414 = ADVANCED_FACE ( 'NONE', ( #1936 ), #1495, .T. ) ;
#2415 = LINE ( 'NONE', #1631, #1847 ) ;
#2416 = DIRECTION ( 'NONE',  ( 0.000000000000000000, -1.000000000000000000, 7.528058673009658122E-16 ) ) ;
#2417 = CARTESIAN_POINT ( 'NONE',  ( -0.5601362052795946234, 6.196703454908121245, -3.496703454910949915 ) ) ;
#2418 = AXIS2_PLACEMENT_3D ( 'NONE', #2466, #1039, #659 ) ;
#2419 = EDGE_CURVE ( 'NONE', #274, #825, #1975, .T. ) ;
#2420 = AXIS2_PLACEMENT_3D ( 'NONE', #2200, #2385, #2600 ) ;
#2421 = ORIENTED_EDGE ( 'NONE', *, *, #1926, .T. ) ;
#2422 = VERTEX_POINT ( 'NONE', #1095 ) ;
#2423 = CARTESIAN_POINT ( 'NONE',  ( -5.799999999999999822, 26.10000000000000142, -6.500000000000005329 ) ) ;
#2424 = VECTOR ( 'NONE', #201, 1000.000000000000000 ) ;
#2425 = LINE ( 'NONE', #999, #1798 ) ;
#2426 = EDGE_CURVE ( 'NONE', #2515, #424, #2415, .T. ) ;
#2427 = CARTESIAN_POINT ( 'NONE',  ( -2.799999999999999378, 2.200000000000000622, 2.749999999999999112 ) ) ;
#2428 = ORIENTED_EDGE ( 'NONE', *, *, #968, .F. ) ;
#2429 = VECTOR ( 'NONE', #2564, 1000.000000000000000 ) ;
#2430 = ORIENTED_EDGE ( 'NONE', *, *, #1539, .F. ) ;
#2431 = VECTOR ( 'NONE', #1442, 1000.000000000000000 ) ;
#2432 = CARTESIAN_POINT ( 'NONE',  ( -2.799999999999999378, 2.200000000000000178, -3.000000000000000888 ) ) ;
#2433 = DIRECTION ( 'NONE',  ( 1.000000000000000000, 0.000000000000000000, 0.000000000000000000 ) ) ;
#2434 = ORIENTED_EDGE ( 'NONE', *, *, #1433, .T. ) ;
#2435 = LINE ( 'NONE', #304, #2031 ) ;
#2436 = DIRECTION ( 'NONE',  ( 1.000000000000000000, 0.000000000000000000, -0.000000000000000000 ) ) ;
#2437 = ADVANCED_BREP_SHAPE_REPRESENTATION ( '断料后', ( #2352, #306 ), #655 ) ;
#2438 = LINE ( 'NONE', #1803, #292 ) ;
#2439 = EDGE_LOOP ( 'NONE', ( #949, #1918 ) ) ;
#2440 = EDGE_LOOP ( 'NONE', ( #2046, #56, #2007, #1479 ) ) ;
#2441 = AXIS2_PLACEMENT_3D ( 'NONE', #899, #109, #1905 ) ;
#2442 = CARTESIAN_POINT ( 'NONE',  ( -1.099999999999998757, 4.900296496332716245, -2.200296496335544916 ) ) ;
#2443 = DIRECTION ( 'NONE',  ( 1.000000000000000000, 0.000000000000000000, 0.000000000000000000 ) ) ;
#2444 = VECTOR ( 'NONE', #892, 1000.000000000000000 ) ;
#2445 = CYLINDRICAL_SURFACE ( 'NONE', #290, 1.099999999999999867 ) ;
#2446 = CARTESIAN_POINT ( 'NONE',  ( -0.6666145812940695858, 4.374999999996528999, 0.8749999999993625099 ) ) ;
#2447 = VERTEX_POINT ( 'NONE', #629 ) ;
#2448 = EDGE_CURVE ( 'NONE', #2109, #584, #1326, .T. ) ;
#2449 = AXIS2_PLACEMENT_3D ( 'NONE', #1634, #428, #633 ) ;
#2450 = ORIENTED_EDGE ( 'NONE', *, *, #389, .T. ) ;
#2451 = ORIENTED_EDGE ( 'NONE', *, *, #2496, .F. ) ;
#2452 = CARTESIAN_POINT ( 'NONE',  ( 1.084202172485504434E-15, 5.249999999999999112, 7.900000000000000355 ) ) ;
#2453 = AXIS2_PLACEMENT_3D ( 'NONE', #1737, #541, #1765 ) ;
#2454 = VECTOR ( 'NONE', #1800, 1000.000000000000000 ) ;
#2455 = DIRECTION ( 'NONE',  ( -1.000000000000000000, 0.000000000000000000, 0.000000000000000000 ) ) ;
#2456 = DIRECTION ( 'NONE',  ( 1.000000000000000000, 0.000000000000000000, 0.000000000000000000 ) ) ;
#2457 = VERTEX_POINT ( 'NONE', #31 ) ;
#2458 = ADVANCED_FACE ( 'NONE', ( #2605 ), #1040, .F. ) ;
#2459 = ORIENTED_EDGE ( 'NONE', *, *, #873, .T. ) ;
#2460 = EDGE_CURVE ( 'NONE', #274, #672, #269, .T. ) ;
#2461 = CARTESIAN_POINT ( 'NONE',  ( -7.299999999999998934, 27.10000000000000142, 5.000000000000000000 ) ) ;
#2462 = VERTEX_POINT ( 'NONE', #1657 ) ;
#2464 = FACE_BOUND ( 'NONE', #1129, .T. ) ;
#2463 = DIRECTION ( 'NONE',  ( 1.000000000000000000, -7.528058673009668969E-16, 1.770561267648950087E-30 ) ) ;
#2465 = EDGE_LOOP ( 'NONE', ( #2530, #2282, #921, #471, #1354 ) ) ;
#2466 = CARTESIAN_POINT ( 'NONE',  ( 8.673617379883967433E-16, 5.250000000000008882, 4.117587627015037555 ) ) ;
#2467 = PRODUCT_DEFINITION_FORMATION_WITH_SPECIFIED_SOURCE ( '任何', '', #507, .NOT_KNOWN. ) ;
#2468 = UNCERTAINTY_MEASURE_WITH_UNIT (LENGTH_MEASURE( 1.000000000000000082E-05 ), #72, 'distance_accuracy_value', 'NONE');
#2469 = EDGE_CURVE ( 'NONE', #562, #1208, #2476, .T. ) ;
#2470 = ADVANCED_FACE ( 'NONE', ( #1297 ), #464, .F. ) ;
#2471 = PRODUCT_DEFINITION_SHAPE ( 'NONE', 'NONE',  #1842 ) ;
#2472 = DIRECTION ( 'NONE',  ( 1.224646799147353207E-16, 1.000000000000000000, 0.000000000000000000 ) ) ;
#2473 = CARTESIAN_POINT ( 'NONE',  ( -5.049999999999998934, 24.50000000000000711, -6.500000000000005329 ) ) ;
#2474 = VERTEX_POINT ( 'NONE', #2427 ) ;
#2475 = EDGE_CURVE ( 'NONE', #1025, #810, #745, .T. ) ;
#2476 = LINE ( 'NONE', #2057, #1816 ) ;
#2477 = VECTOR ( 'NONE', #832, 1000.000000000000000 ) ;
#2478 = ORIENTED_EDGE ( 'NONE', *, *, #389, .F. ) ;
#2479 = VERTEX_POINT ( 'NONE', #861 ) ;
#2480 = ADVANCED_FACE ( 'NONE', ( #1712 ), #242, .F. ) ;
#2481 = EDGE_CURVE ( 'NONE', #810, #1025, #329, .T. ) ;
#2482 = FACE_BOUND ( 'NONE', #2034, .T. ) ;
#2483 = FACE_OUTER_BOUND ( 'NONE', #690, .T. ) ;
#2484 = ORIENTED_EDGE ( 'NONE', *, *, #71, .T. ) ;
#2485 = CARTESIAN_POINT ( 'NONE',  ( 3.261901286060018279, 8.350000000000006750, -14.00000000000000355 ) ) ;
#2486 = FACE_OUTER_BOUND ( 'NONE', #247, .T. ) ;
#2487 = AXIS2_PLACEMENT_3D ( 'NONE', #101, #1308, #1885 ) ;
#2488 = DIRECTION ( 'NONE',  ( 0.000000000000000000, 0.000000000000000000, -1.000000000000000000 ) ) ;
#2489 = VERTEX_POINT ( 'NONE', #1829 ) ;
#2490 = VECTOR ( 'NONE', #333, 1000.000000000000000 ) ;
#2491 = EDGE_LOOP ( 'NONE', ( #272, #113, #1938, #2333 ) ) ;
#2492 = CARTESIAN_POINT ( 'NONE',  ( -1.248646241097311593, 5.249999999999999112, -3.815476347651864053 ) ) ;
#2493 =( NAMED_UNIT ( * ) PLANE_ANGLE_UNIT ( ) SI_UNIT ( $, .RADIAN. ) );
#2494 = ADVANCED_FACE ( 'NONE', ( #2066 ), #2445, .F. ) ;
#2495 = DIRECTION ( 'NONE',  ( 1.000000000000000000, 0.000000000000000000, 0.000000000000000000 ) ) ;
#2496 = EDGE_CURVE ( 'NONE', #1901, #1948, #969, .T. ) ;
#2497 = CARTESIAN_POINT ( 'NONE',  ( 4.350000000000000533, 6.402171862180300543, -9.800000000000014921 ) ) ;
#2498 = VERTEX_POINT ( 'NONE', #1057 ) ;
#2499 = EDGE_CURVE ( 'NONE', #2013, #2462, #1910, .T. ) ;
#2500 = DIRECTION ( 'NONE',  ( -1.000000000000000000, 0.000000000000000000, 0.000000000000000000 ) ) ;
#2501 = ORIENTED_EDGE ( 'NONE', *, *, #1446, .F. ) ;
#2502 = CARTESIAN_POINT ( 'NONE',  ( 4.700000000000002842, 13.50000000000000888, -4.699999999999999289 ) ) ;
#2503 = AXIS2_PLACEMENT_3D ( 'NONE', #328, #1123, #2154 ) ;
#2504 = PLANE ( 'NONE',  #786 ) ;
#2505 = CIRCLE ( 'NONE', #2582, 2.200000000000000178 ) ;
#2506 = ORIENTED_EDGE ( 'NONE', *, *, #809, .F. ) ;
#2507 = ADVANCED_FACE ( 'NONE', ( #850 ), #2063, .T. ) ;
#2508 = FACE_BOUND ( 'NONE', #2383, .T. ) ;
#2509 = EDGE_CURVE ( 'NONE', #445, #2407, #1196, .T. ) ;
#2510 = ORIENTED_EDGE ( 'NONE', *, *, #1291, .T. ) ;
#2511 = DIRECTION ( 'NONE',  ( 0.000000000000000000, 0.000000000000000000, -1.000000000000000000 ) ) ;
#2512 = CARTESIAN_POINT ( 'NONE',  ( -7.299999999999998934, 28.60000000000000497, 5.000000000000000000 ) ) ;
#2513 = CARTESIAN_POINT ( 'NONE',  ( 0.6666145812941181026, 4.374999999996528999, 0.8749999999993632871 ) ) ;
#2514 = CIRCLE ( 'NONE', #241, 4.499999999999999112 ) ;
#2515 = VERTEX_POINT ( 'NONE', #1854 ) ;
#2516 = ORIENTED_EDGE ( 'NONE', *, *, #1493, .T. ) ;
#2517 = VECTOR ( 'NONE', #100, 1000.000000000000000 ) ;
#2518 = LINE ( 'NONE', #1107, #917 ) ;
#2519 = CIRCLE ( 'NONE', #1868, 1.099999999999999867 ) ;
#2520 = DIRECTION ( 'NONE',  ( -1.000000000000000000, 0.000000000000000000, 0.000000000000000000 ) ) ;
#2521 = ORIENTED_EDGE ( 'NONE', *, *, #2475, .F. ) ;
#2522 = ORIENTED_EDGE ( 'NONE', *, *, #1840, .F. ) ;
#2523 = VECTOR ( 'NONE', #2164, 1000.000000000000000 ) ;
#2524 = DIRECTION ( 'NONE',  ( -1.000000000000000000, 0.000000000000000000, -0.000000000000000000 ) ) ;
#2525 = CIRCLE ( 'NONE', #1309, 0.7500000000000002220 ) ;
#2526 = EDGE_CURVE ( 'NONE', #1128, #2077, #905, .T. ) ;
#2527 = CARTESIAN_POINT ( 'NONE',  ( -1.999999999999999112, 5.249999999999999112, 7.400000000000000355 ) ) ;
#2528 = DIRECTION ( 'NONE',  ( -0.000000000000000000, -0.000000000000000000, -1.000000000000000000 ) ) ;
#2529 = DIRECTION ( 'NONE',  ( -0.000000000000000000, -0.000000000000000000, 1.000000000000000000 ) ) ;
#2530 = ORIENTED_EDGE ( 'NONE', *, *, #510, .F. ) ;
#2531 = DIRECTION ( 'NONE',  ( 1.000000000000000000, 0.000000000000000000, 0.000000000000000000 ) ) ;
#2532 = EDGE_LOOP ( 'NONE', ( #1159, #1629, #323, #1967 ) ) ;
#2533 = ORIENTED_EDGE ( 'NONE', *, *, #1553, .T. ) ;
#2534 = ORIENTED_EDGE ( 'NONE', *, *, #1679, .T. ) ;
#2535 = VERTEX_POINT ( 'NONE', #1861 ) ;
#2536 = DIRECTION ( 'NONE',  ( 0.000000000000000000, 0.000000000000000000, 1.000000000000000000 ) ) ;
#2537 = CARTESIAN_POINT ( 'NONE',  ( -0.6666145812940201809, 4.374999999996490807, -1.674999999999322364 ) ) ;
#2538 = CARTESIAN_POINT ( 'NONE',  ( 1.057284049582416041E-15, 5.249999999999999112, -14.00000000000000533 ) ) ;
#2539 = MECHANICAL_DESIGN_GEOMETRIC_PRESENTATION_REPRESENTATION (  '', ( #2412 ), #477 ) ;
#2540 = VECTOR ( 'NONE', #324, 1000.000000000000000 ) ;
#2541 = ORIENTED_EDGE ( 'NONE', *, *, #601, .F. ) ;
#2542 = LINE ( 'NONE', #1802, #1214 ) ;
#2543 = EDGE_CURVE ( 'NONE', #787, #2227, #931, .T. ) ;
#2544 = ORIENTED_EDGE ( 'NONE', *, *, #1407, .T. ) ;
#2545 =( GEOMETRIC_REPRESENTATION_CONTEXT ( 3 ) GLOBAL_UNCERTAINTY_ASSIGNED_CONTEXT ( ( #1146 ) ) GLOBAL_UNIT_ASSIGNED_CONTEXT ( ( #2004, #808, #2017 ) ) REPRESENTATION_CONTEXT ( 'NONE', 'WORKASPACE' ) );
#2546 = CARTESIAN_POINT ( 'NONE',  ( -4.500000000000003553, 30.10000000000000497, -6.500000000000005329 ) ) ;
#2547 = CARTESIAN_POINT ( 'NONE',  ( 4.700000000000002842, 24.00000000000000711, -6.500000000000005329 ) ) ;
#2548 = DIRECTION ( 'NONE',  ( 0.000000000000000000, 0.000000000000000000, -1.000000000000000000 ) ) ;
#2549 = ORIENTED_EDGE ( 'NONE', *, *, #2469, .F. ) ;
#2551 = LINE ( 'NONE', #1775, #41 ) ;
#2550 = DIRECTION ( 'NONE',  ( -1.000000000000000000, 0.000000000000000000, -0.000000000000000000 ) ) ;
#2552 = DIRECTION ( 'NONE',  ( 1.000000000000000000, 0.000000000000000000, 0.000000000000000000 ) ) ;
#2553 = VECTOR ( 'NONE', #1219, 1000.000000000000000 ) ;
#2554 = EDGE_CURVE ( 'NONE', #1742, #527, #2195, .T. ) ;
#2555 = ORIENTED_EDGE ( 'NONE', *, *, #1030, .F. ) ;
#2556 = CARTESIAN_POINT ( 'NONE',  ( -281.8500000000000227, 8.350000000000219913, -14.00000000000000533 ) ) ;
#2557 = EDGE_LOOP ( 'NONE', ( #222, #2295 ) ) ;
#2558 = CARTESIAN_POINT ( 'NONE',  ( 0.6666145812941085547, 4.374999999996521893, -1.674999999999353673 ) ) ;
#2559 = ORIENTED_EDGE ( 'NONE', *, *, #1550, .T. ) ;
#2560 = VECTOR ( 'NONE', #2234, 1000.000000000000000 ) ;
#2561 = DIRECTION ( 'NONE',  ( 1.651842175752580018E-30, -1.577021341797100025E-16, -1.000000000000000000 ) ) ;
#2562 = CARTESIAN_POINT ( 'NONE',  ( -4.842778128306079566, 8.350000000000012079, -9.800000000000014921 ) ) ;
#2563 = DIRECTION ( 'NONE',  ( 0.000000000000000000, 0.000000000000000000, -1.000000000000000000 ) ) ;
#2564 = DIRECTION ( 'NONE',  ( -0.000000000000000000, -0.000000000000000000, -1.000000000000000000 ) ) ;
#2565 = AXIS2_PLACEMENT_3D ( 'NONE', #1224, #2405, #1421 ) ;
#2566 = ORIENTED_EDGE ( 'NONE', *, *, #1215, .T. ) ;
#2567 = CARTESIAN_POINT ( 'NONE',  ( 4.700000000000001066, 24.00000000000000711, -4.699999999999999289 ) ) ;
#2568 = VECTOR ( 'NONE', #871, 1000.000000000000000 ) ;
#2569 = ORIENTED_EDGE ( 'NONE', *, *, #1054, .T. ) ;
#2570 = CIRCLE ( 'NONE', #24, 0.7500000000000002220 ) ;
#2571 = ORIENTED_EDGE ( 'NONE', *, *, #2401, .T. ) ;
#2572 = DIRECTION ( 'NONE',  ( 0.000000000000000000, 0.000000000000000000, 1.000000000000000000 ) ) ;
#2573 = DIRECTION ( 'NONE',  ( 0.000000000000000000, 0.000000000000000000, 1.000000000000000000 ) ) ;
#2574 = FACE_OUTER_BOUND ( 'NONE', #330, .T. ) ;
#2575 = DIRECTION ( 'NONE',  ( 1.651842175752580018E-30, -1.577021341797100025E-16, -1.000000000000000000 ) ) ;
#2576 = DIRECTION ( 'NONE',  ( 0.000000000000000000, 1.000000000000000000, 0.000000000000000000 ) ) ;
#2577 = DIRECTION ( 'NONE',  ( -1.000000000000000000, 7.528058673009668969E-16, 0.000000000000000000 ) ) ;
#2578 = FACE_OUTER_BOUND ( 'NONE', #2580, .T. ) ;
#2579 = EDGE_CURVE ( 'NONE', #2013, #1502, #713, .T. ) ;
#2580 = EDGE_LOOP ( 'NONE', ( #2559, #482, #182, #2026, #516, #225, #91, #1858 ) ) ;
#2581 = LINE ( 'NONE', #1806, #922 ) ;
#2582 = AXIS2_PLACEMENT_3D ( 'NONE', #1472, #1073, #2089 ) ;
#2583 = DIRECTION ( 'NONE',  ( 1.000000000000000000, 0.000000000000000000, -0.000000000000000000 ) ) ;
#2584 = CARTESIAN_POINT ( 'NONE',  ( 1.084202172485504434E-15, 5.249999999999999112, 7.400000000000000355 ) ) ;
#2585 = PRESENTATION_LAYER_ASSIGNMENT (  '', '', ( #845 ) ) ;
#2586 = DIRECTION ( 'NONE',  ( 0.000000000000000000, 0.000000000000000000, -1.000000000000000000 ) ) ;
#2587 = CARTESIAN_POINT ( 'NONE',  ( 4.799999999999999822, 4.374999999996528999, 0.000000000000000000 ) ) ;
#2588 = CARTESIAN_POINT ( 'NONE',  ( 0.000000000000000000, 24.75000000000000000, 0.6715728752538073776 ) ) ;
#2589 = ORIENTED_EDGE ( 'NONE', *, *, #1037, .F. ) ;
#2590 = CYLINDRICAL_SURFACE ( 'NONE', #1736, 5.750000000000000888 ) ;
#2591 = DIRECTION ( 'NONE',  ( 0.000000000000000000, -1.000000000000000000, 0.000000000000000000 ) ) ;
#2592 = DIRECTION ( 'NONE',  ( -1.000000000000000000, -0.000000000000000000, 0.000000000000000000 ) ) ;
#2593 = ORIENTED_EDGE ( 'NONE', *, *, #565, .F. ) ;
#2594 = EDGE_CURVE ( 'NONE', #1128, #2457, #137, .T. ) ;
#2595 = ORIENTED_EDGE ( 'NONE', *, *, #1693, .T. ) ;
#2596 = EDGE_CURVE ( 'NONE', #405, #37, #2505, .T. ) ;
#2597 = DIRECTION ( 'NONE',  ( 1.000000000000000000, 0.000000000000000000, 0.000000000000000000 ) ) ;
#2598 = ADVANCED_FACE ( 'NONE', ( #366 ), #2504, .F. ) ;
#2599 = CARTESIAN_POINT ( 'NONE',  ( -4.500000000000003553, 7.399999999997165290, -4.700000000000001954 ) ) ;
#2600 = DIRECTION ( 'NONE',  ( -1.000000000000000000, 0.000000000000000000, 0.000000000000000000 ) ) ;
#2601 = PLANE ( 'NONE',  #1343 ) ;
#2602 = SURFACE_STYLE_USAGE ( .BOTH. , #1195 ) ;
#2603 = ORIENTED_EDGE ( 'NONE', *, *, #942, .F. ) ;
#2604 = EDGE_CURVE ( 'NONE', #2363, #469, #967, .T. ) ;
#2605 = FACE_OUTER_BOUND ( 'NONE', #1536, .T. ) ;
#2606 = CARTESIAN_POINT ( 'NONE',  ( 4.349999999999999645, 6.402171862180297879, -9.800000000000014921 ) ) ;
#2607 = EDGE_LOOP ( 'NONE', ( #1097, #619 ) ) ;
#2608 = CARTESIAN_POINT ( 'NONE',  ( 1.100000000000000977, 5.249999999999999112, -2.550000000002827782 ) ) ;
#2609 = CARTESIAN_POINT ( 'NONE',  ( -4.842778128306114205, 2.150000000000011458, -24.66345596729060219 ) ) ;
#2610 = EDGE_LOOP ( 'NONE', ( #499, #408, #1579, #2566 ) ) ;
#2611 = DIRECTION ( 'NONE',  ( 0.000000000000000000, 0.000000000000000000, -1.000000000000000000 ) ) ;
#2612 = ORIENTED_EDGE ( 'NONE', *, *, #683, .F. ) ;
#2613 = ADVANCED_FACE ( 'NONE', ( #2235 ), #462, .T. ) ;
#2614 = EDGE_CURVE ( 'NONE', #346, #623, #2378, .T. ) ;
#2615 = LINE ( 'NONE', #998, #1304 ) ;
#2616 = LINE ( 'NONE', #1728, #1369 ) ;
#2617 = ORIENTED_EDGE ( 'NONE', *, *, #299, .T. ) ;
ENDSEC;
END-ISO-10303-21;
